pair_id,sensor,site,stratum,polarisation,split,regime,date_pre,date_post,land_dx_px,land_dy_px,land_accepted,east_m,south_m,magnitude_m,ecc_coefficient,accepted
NISAR_L__tengeh__r011_A_f002_4005_DHDH__2026-06-26__2026-07-08,NISAR_L,tengeh,r011_A_f002_4005_DHDH,copol,calibration,matched_10m,2026-06-26,2026-07-08,0.24710618949652385,-0.15190826810115077,True,-2.6477473974227905,-0.3748796135187149,2.6741542597971235,0.7924237732651777,True
NISAR_L__tengeh__r011_A_f002_4005_DHDH__2026-06-26__2026-07-08,NISAR_L,tengeh,r011_A_f002_4005_DHDH,crosspol,calibration,matched_10m,2026-06-26,2026-07-08,0.09349691621648937,-0.03651352147520548,True,-1.4964428544044495,-1.8579092621803284,2.38561691035958,0.7487739441223655,True
NISAR_L__tengeh__r047_D_f088_4005_DHDH__2026-06-17__2026-06-29,NISAR_L,tengeh,r047_D_f088_4005_DHDH,copol,calibration,matched_10m,2026-06-17,2026-06-29,0.11806051300260911,0.001486724427078201,True,-1.010071486234665,-1.665692925453186,1.9480188215746526,0.7938492123123012,True
NISAR_L__tengeh__r047_D_f088_4005_DHDH__2026-06-17__2026-06-29,NISAR_L,tengeh,r047_D_f088_4005_DHDH,crosspol,calibration,matched_10m,2026-06-17,2026-06-29,-0.017194387466688,-0.029722423306974832,True,0.06700556725263596,-1.8281571567058563,1.8293846877181652,0.886399094007657,True
NISAR_L__tengeh__r047_D_f088_4005_DHDH__2026-07-11__2026-07-23,NISAR_L,tengeh,r047_D_f088_4005_DHDH,copol,calibration,matched_10m,2026-07-11,2026-07-23,-0.37501004878768107,-0.017581206563152207,True,-1.3158512115478516,-0.7077684998512268,1.4941220366200363,0.6604964919764779,True
NISAR_L__tengeh__r047_D_f088_4005_DHDH__2026-07-11__2026-07-23,NISAR_L,tengeh,r047_D_f088_4005_DHDH,crosspol,calibration,matched_10m,2026-07-11,2026-07-23,-0.07974227177032489,-0.0256388231447211,True,-2.8137344121932983,-1.613072007894516,3.2433166118980137,0.7637917446526336,True
NISAR_L__tengeh__r112_A_f002_4005_DHDH__2026-06-21__2026-07-03,NISAR_L,tengeh,r112_A_f002_4005_DHDH,copol,calibration,matched_10m,2026-06-21,2026-07-03,-0.13120813989581492,-0.10341757067627277,True,-0.24377722293138504,0.43085549026727676,0.49503917816026805,0.6670026306665315,True
NISAR_L__tengeh__r112_A_f002_4005_DHDH__2026-06-21__2026-07-03,NISAR_L,tengeh,r112_A_f002_4005_DHDH,crosspol,calibration,matched_10m,2026-06-21,2026-07-03,0.1953843828055799,-0.06083059136088487,True,0.16421394422650337,-2.7642279863357544,2.7691014029681624,0.6011707203219451,True
S1_C__tengeh__o018_descending_S1A__2022-01-09__2022-01-21,S1_C,tengeh,o018_descending_S1A,copol,calibration,matched_10m,2022-01-09,2022-01-21,0.11261652764981278,0.015907477940404036,True,-0.8835060149431229,-0.83563432097435,1.2160870021634722,0.9264262325236334,True
S1_C__tengeh__o018_descending_S1A__2022-01-09__2022-01-21,S1_C,tengeh,o018_descending_S1A,crosspol,calibration,matched_10m,2022-01-09,2022-01-21,-0.021543882976789774,-0.17254662834296042,True,1.7830751836299896,1.1055679619312286,2.098008014504685,0.7978469773701466,True
S1_C__tengeh__o018_descending_S1A__2022-02-02__2022-02-14,S1_C,tengeh,o018_descending_S1A,copol,calibration,matched_10m,2022-02-02,2022-02-14,-0.062357767525309526,0.1769425613907245,True,2.1426378190517426,-3.658161759376526,4.239462734993146,0.9028385204640187,True
S1_C__tengeh__o018_descending_S1A__2022-02-02__2022-02-14,S1_C,tengeh,o018_descending_S1A,crosspol,calibration,matched_10m,2022-02-02,2022-02-14,-0.0566100783568686,0.11944323983616911,True,0.7612124085426331,0.6269492954015732,0.9861590895610127,0.7517516954465411,True
S1_C__tengeh__o018_descending_S1A__2022-02-26__2022-03-10,S1_C,tengeh,o018_descending_S1A,copol,calibration,matched_10m,2022-02-26,2022-03-10,-0.13984480653120102,0.006951363280208511,True,0.9980455785989761,0.10757491923868656,1.0038263496293445,0.9033878925265799,True
S1_C__tengeh__o018_descending_S1A__2022-02-26__2022-03-10,S1_C,tengeh,o018_descending_S1A,crosspol,calibration,matched_10m,2022-02-26,2022-03-10,0.08345994958660441,0.31020088003462476,True,-2.602792978286743,-4.609059393405914,5.293199389760607,0.7658957936141201,True
S1_C__tengeh__o018_descending_S1A__2022-03-22__2022-04-03,S1_C,tengeh,o018_descending_S1A,copol,calibration,matched_10m,2022-03-22,2022-04-03,0.08262924699805119,-0.17548359237405187,True,-1.4628507196903229,2.099950760602951,2.5592431351974763,0.8724558926686532,True
S1_C__tengeh__o018_descending_S1A__2022-03-22__2022-04-03,S1_C,tengeh,o018_descending_S1A,crosspol,calibration,matched_10m,2022-03-22,2022-04-03,-0.10851014865647635,0.034006872395115906,True,2.82467782497406,-0.8038979768753052,2.936844696630109,0.7474909160094212,True
S1_C__tengeh__o018_descending_S1A__2022-04-15__2022-04-27,S1_C,tengeh,o018_descending_S1A,copol,calibration,matched_10m,2022-04-15,2022-04-27,-0.03512924747604984,0.19706709824903967,True,1.2741069495677948,-2.319931834936142,2.64677770840075,0.8820165709893988,True
S1_C__tengeh__o018_descending_S1A__2022-04-15__2022-04-27,S1_C,tengeh,o018_descending_S1A,crosspol,calibration,matched_10m,2022-04-15,2022-04-27,-0.11889330604078197,0.022886322655093494,True,1.635848581790924,-1.4585886895656586,2.191684636957663,0.7260538586115439,True
S1_C__tengeh__o018_descending_S1A__2022-05-09__2022-06-02,S1_C,tengeh,o018_descending_S1A,copol,calibration,matched_10m,2022-05-09,2022-06-02,0.015805210318903917,0.00781530124417884,True,-0.2956392429769039,-1.31910040974617,1.3518241205794748,0.8581503749284785,True
S1_C__tengeh__o018_descending_S1A__2022-05-09__2022-06-02,S1_C,tengeh,o018_descending_S1A,crosspol,calibration,matched_10m,2022-05-09,2022-06-02,-0.08425060518002248,-0.09525418422589205,True,2.105722725391388,2.5995448231697083,3.345400048409482,0.6428955073923049,True
S1_C__tengeh__o018_descending_S1A__2022-06-26__2022-07-08,S1_C,tengeh,o018_descending_S1A,copol,calibration,matched_10m,2022-06-26,2022-07-08,-0.016389513905959774,0.024920658647989313,True,0.4432861879467964,0.023160148411989212,0.4438907938883931,0.9008151074990804,True
S1_C__tengeh__o018_descending_S1A__2022-06-26__2022-07-08,S1_C,tengeh,o018_descending_S1A,crosspol,calibration,matched_10m,2022-06-26,2022-07-08,-0.13864940696403316,-0.014880407767067894,True,2.668220102787018,-0.17351072281599045,2.6738557342999814,0.7463120840338573,True
S1_C__tengeh__o018_descending_S1A__2022-08-13__2022-08-25,S1_C,tengeh,o018_descending_S1A,copol,calibration,matched_10m,2022-08-13,2022-08-25,0.06657796952464778,-0.059019782300371304,True,-0.923595130443573,-0.18468067049980164,0.9418783971592813,0.9174347839391297,True
S1_C__tengeh__o018_descending_S1A__2022-08-13__2022-08-25,S1_C,tengeh,o018_descending_S1A,crosspol,calibration,matched_10m,2022-08-13,2022-08-25,-0.055893685278125105,-0.028822183516716393,True,1.6617482900619507,-0.8493436872959137,1.8662240162084605,0.7529438720832898,True
S1_C__tengeh__o018_descending_S1A__2022-09-06__2022-09-18,S1_C,tengeh,o018_descending_S1A,copol,calibration,matched_10m,2022-09-06,2022-09-18,0.12071262487195433,-0.1654735265918852,True,0.3749455511569977,1.5272420644760132,1.5725941910859838,0.9076030073705352,True
S1_C__tengeh__o018_descending_S1A__2022-09-06__2022-09-18,S1_C,tengeh,o018_descending_S1A,crosspol,calibration,matched_10m,2022-09-06,2022-09-18,0.10234358996975068,-0.08609007981423211,True,2.272590845823288,2.6132145524024963,3.4631718769659683,0.7006212661317571,True
S1_C__tengeh__o018_descending_S1A__2022-09-30__2022-10-12,S1_C,tengeh,o018_descending_S1A,copol,calibration,matched_10m,2022-09-30,2022-10-12,-0.15955440811033128,0.07611723681402438,True,2.1186144649982452,-1.1304789036512375,2.4013558259658865,0.9041257301635824,True
S1_C__tengeh__o018_descending_S1A__2022-09-30__2022-10-12,S1_C,tengeh,o018_descending_S1A,crosspol,calibration,matched_10m,2022-09-30,2022-10-12,-0.10708630924546014,-0.18929143918914626,True,0.032984442077577114,1.3186413049697876,1.3190537762318841,0.7036551493065059,True
S1_C__tengeh__o018_descending_S1A__2022-10-24__2022-11-05,S1_C,tengeh,o018_descending_S1A,copol,calibration,matched_10m,2022-10-24,2022-11-05,0.06728627900787032,-0.038098278201230684,True,-0.7897065579891205,1.134498342871666,1.3822890210479066,0.9140084044630451,True
S1_C__tengeh__o018_descending_S1A__2022-10-24__2022-11-05,S1_C,tengeh,o018_descending_S1A,crosspol,calibration,matched_10m,2022-10-24,2022-11-05,-0.08086422235840018,-0.1170112835414443,True,3.5958147048950195,0.9726541489362717,3.7250422125637983,0.7516133969141445,True
S1_C__tengeh__o018_descending_S1A__2022-11-17__2022-11-29,S1_C,tengeh,o018_descending_S1A,copol,calibration,matched_10m,2022-11-17,2022-11-29,0.0034433158607107828,0.12270233697460498,True,-0.3461882844567299,-0.28800955042243004,0.45032857940577564,0.8985059342143796,True
S1_C__tengeh__o018_descending_S1A__2022-11-17__2022-11-29,S1_C,tengeh,o018_descending_S1A,crosspol,calibration,matched_10m,2022-11-17,2022-11-29,0.08427703127457065,-0.045168519616765934,True,-2.4267272651195526,-3.385186493396759,4.165152195820756,0.6873821584203677,True
S1_C__tengeh__o018_descending_S1A__2022-12-11__2022-12-23,S1_C,tengeh,o018_descending_S1A,copol,calibration,matched_10m,2022-12-11,2022-12-23,0.18391683638860457,-0.058269439326199546,True,-1.616402268409729,0.2656949497759342,1.6380934343487719,0.9304087917852637,True
S1_C__tengeh__o018_descending_S1A__2022-12-11__2022-12-23,S1_C,tengeh,o018_descending_S1A,crosspol,calibration,matched_10m,2022-12-11,2022-12-23,-0.11475965068778748,0.09945941883276,True,-0.13741284608840942,-2.110905647277832,2.1153734757672367,0.7353702696914625,True
S1_C__tengeh__o018_descending_S1A__2023-01-04__2023-01-16,S1_C,tengeh,o018_descending_S1A,copol,calibration,matched_10m,2023-01-04,2023-01-16,0.08559199567685916,0.013303858160076842,True,-1.4159682393074036,0.22949030622839928,1.4344447899379442,0.8895926747666423,True
S1_C__tengeh__o018_descending_S1A__2023-01-04__2023-01-16,S1_C,tengeh,o018_descending_S1A,crosspol,calibration,matched_10m,2023-01-04,2023-01-16,0.03755877220762116,-0.036349823565313244,True,-0.24311790242791176,-2.6245585083961487,2.635794695812928,0.7230191895529997,True
S1_C__tengeh__o018_descending_S1A__2023-01-28__2023-02-09,S1_C,tengeh,o018_descending_S1A,copol,calibration,matched_10m,2023-01-28,2023-02-09,-0.03478990452638797,-0.21501905497650498,True,0.48743855208158493,1.2008962780237198,1.2960510069540532,0.9110408469765233,True
S1_C__tengeh__o018_descending_S1A__2023-01-28__2023-02-09,S1_C,tengeh,o018_descending_S1A,crosspol,calibration,matched_10m,2023-01-28,2023-02-09,-0.2860061930690527,-0.18014578552081773,True,2.631368637084961,4.148976802825928,4.9130549981271345,0.7189456893534015,True
S1_C__tengeh__o018_descending_S1A__2023-02-21__2023-03-05,S1_C,tengeh,o018_descending_S1A,copol,calibration,matched_10m,2023-02-21,2023-03-05,-0.04392724552208094,0.0303183877617208,True,0.6334854662418365,-0.07500650361180305,0.6379105043214953,0.9221371971545334,True
S1_C__tengeh__o018_descending_S1A__2023-02-21__2023-03-05,S1_C,tengeh,o018_descending_S1A,crosspol,calibration,matched_10m,2023-02-21,2023-03-05,-0.13694643702113574,-0.06333957095937492,True,1.1164344102144241,-0.7244247198104858,1.3308707551762229,0.7854893130284101,True
S1_C__tengeh__o018_descending_S1A__2023-03-17__2023-03-29,S1_C,tengeh,o018_descending_S1A,copol,calibration,matched_10m,2023-03-17,2023-03-29,-0.06399576713279842,0.17747833173704564,True,-0.1960781216621399,-2.4039551615715027,2.4119384421333856,0.9216464560048137,True
S1_C__tengeh__o018_descending_S1A__2023-03-17__2023-03-29,S1_C,tengeh,o018_descending_S1A,crosspol,calibration,matched_10m,2023-03-17,2023-03-29,0.11511290810357266,-0.028816116876853926,True,-2.8717121481895447,0.37262994796037674,2.895787240143233,0.7341737998504902,True
S1_C__tengeh__o018_descending_S1A__2023-04-10__2023-04-22,S1_C,tengeh,o018_descending_S1A,copol,calibration,matched_10m,2023-04-10,2023-04-22,0.03283942275534457,-0.09947802158388797,True,-1.063423678278923,0.976107269525528,1.4434872085144559,0.8894194788171232,True
S1_C__tengeh__o018_descending_S1A__2023-04-10__2023-04-22,S1_C,tengeh,o018_descending_S1A,crosspol,calibration,matched_10m,2023-04-10,2023-04-22,-0.03251087874307501,-0.06572947682350261,True,1.3481317460536957,0.5008970201015472,1.438178371922063,0.7112259999740507,True
S1_C__tengeh__o018_descending_S1A__2023-05-04__2023-06-21,S1_C,tengeh,o018_descending_S1A,copol,calibration,matched_10m,2023-05-04,2023-06-21,-0.1505678700443127,-0.18714299490286912,True,1.6761313378810883,0.3179226443171501,1.7060161398992262,0.900403080037817,True
S1_C__tengeh__o018_descending_S1A__2023-05-04__2023-06-21,S1_C,tengeh,o018_descending_S1A,crosspol,calibration,matched_10m,2023-05-04,2023-06-21,0.0598150498619745,0.1398680948419475,True,-0.7017892599105835,-2.2934484481811523,2.3984190521654845,0.7580342132454766,True
S1_C__tengeh__o018_descending_S1A__2023-08-08__2023-09-01,S1_C,tengeh,o018_descending_S1A,copol,calibration,matched_10m,2023-08-08,2023-09-01,-0.18024182133487443,-0.026574160801624558,True,2.221696376800537,-1.2168706208467484,2.533122361546829,0.9086932782238186,True
S1_C__tengeh__o018_descending_S1A__2023-08-08__2023-09-01,S1_C,tengeh,o018_descending_S1A,crosspol,calibration,matched_10m,2023-08-08,2023-09-01,0.02473488526428369,-0.05128446869412784,True,2.0980188250541687,-0.2500370144844055,2.1128657077282385,0.7294781403167776,True
S1_C__tengeh__o018_descending_S1A__2023-09-13__2023-09-25,S1_C,tengeh,o018_descending_S1A,copol,calibration,matched_10m,2023-09-13,2023-09-25,0.11470631614651694,-0.17871932606257346,True,-0.859312042593956,0.5292219668626785,1.0092041799145497,0.9020024060695828,True
S1_C__tengeh__o018_descending_S1A__2023-09-13__2023-09-25,S1_C,tengeh,o018_descending_S1A,crosspol,calibration,matched_10m,2023-09-13,2023-09-25,0.008117008775528234,-0.19988146927993888,True,2.1442846953868866,2.5221821665763855,3.310492370670318,0.774454476488698,True
S1_C__tengeh__o018_descending_S1A__2023-10-07__2023-10-19,S1_C,tengeh,o018_descending_S1A,copol,calibration,matched_10m,2023-10-07,2023-10-19,-0.07054225558398741,0.09975481976733036,True,-0.8232956379652023,-0.4828694462776184,0.9544519944140634,0.907340950657906,True
S1_C__tengeh__o018_descending_S1A__2023-10-07__2023-10-19,S1_C,tengeh,o018_descending_S1A,crosspol,calibration,matched_10m,2023-10-07,2023-10-19,-0.1777150255320077,-0.15385016741225677,True,1.1298779398202896,1.5055292844772339,1.8823502823096114,0.724116572211551,True
S1_C__tengeh__o018_descending_S1A__2023-11-12__2023-11-24,S1_C,tengeh,o018_descending_S1A,copol,calibration,matched_10m,2023-11-12,2023-11-24,-0.003011190900041427,0.06017345673550878,True,-0.47601886093616486,-0.9409515559673309,1.0545064184936501,0.9166280888444143,True
S1_C__tengeh__o018_descending_S1A__2023-11-12__2023-11-24,S1_C,tengeh,o018_descending_S1A,crosspol,calibration,matched_10m,2023-11-12,2023-11-24,0.05275742920677473,-0.039337801098408676,True,-3.150741755962372,0.6860803067684174,3.2245743595241056,0.7650420212127638,True
S1_C__tengeh__o018_descending_S1A__2023-12-06__2023-12-18,S1_C,tengeh,o018_descending_S1A,copol,calibration,matched_10m,2023-12-06,2023-12-18,0.08214516451042542,-0.006705943512679724,True,-0.8906076103448868,0.5274299159646034,1.0350672595820323,0.9270719910591366,True
S1_C__tengeh__o018_descending_S1A__2023-12-06__2023-12-18,S1_C,tengeh,o018_descending_S1A,crosspol,calibration,matched_10m,2023-12-06,2023-12-18,-0.04454031914792722,0.01824512075129192,True,0.723845586180687,-0.694403350353241,1.003069511856017,0.7290553904400773,True
S1_C__tengeh__o018_descending_S1A__2023-12-30__2024-01-11,S1_C,tengeh,o018_descending_S1A,copol,calibration,matched_10m,2023-12-30,2024-01-11,-0.217041053119857,0.012826982210807358,True,2.9306212067604065,-0.14408442191779613,2.934161034802488,0.9088896138307114,True
S1_C__tengeh__o018_descending_S1A__2023-12-30__2024-01-11,S1_C,tengeh,o018_descending_S1A,crosspol,calibration,matched_10m,2023-12-30,2024-01-11,0.006461474826611635,0.0012488764180815792,True,-0.6807189434766769,1.1199542135000229,1.3106012819864241,0.7242216992054772,True
S1_C__tengeh__o018_descending_S1A__2024-01-23__2024-02-04,S1_C,tengeh,o018_descending_S1A,copol,calibration,matched_10m,2024-01-23,2024-02-04,0.019592617551307256,0.043484596696220734,True,0.23555412888526917,-1.1561422795057297,1.1798943673463327,0.9178184336980294,True
S1_C__tengeh__o018_descending_S1A__2024-01-23__2024-02-04,S1_C,tengeh,o018_descending_S1A,crosspol,calibration,matched_10m,2024-01-23,2024-02-04,0.25212160477624046,0.17215699263407203,True,-2.224520742893219,-0.2966604568064213,2.2442147763070257,0.7434574551298639,True
S1_C__tengeh__o018_descending_S1A__2024-02-28__2024-03-11,S1_C,tengeh,o018_descending_S1A,copol,calibration,matched_10m,2024-02-28,2024-03-11,-0.0870474713893774,-0.03154466183040938,True,1.3673004508018494,0.9143100678920746,1.6448323388758352,0.9295566361865347,True
S1_C__tengeh__o018_descending_S1A__2024-02-28__2024-03-11,S1_C,tengeh,o018_descending_S1A,crosspol,calibration,matched_10m,2024-02-28,2024-03-11,-0.1666882796080671,-0.047942465459666295,True,2.084144949913025,-0.8281640708446503,2.2426582219513405,0.7700696329570406,True
S1_C__tengeh__o018_descending_S1A__2024-03-23__2024-04-04,S1_C,tengeh,o018_descending_S1A,copol,calibration,matched_10m,2024-03-23,2024-04-04,-0.05234345480393543,-0.03555724601586441,True,0.8322814851999283,0.5561729520559311,1.0010099016519305,0.9146255419422582,True
S1_C__tengeh__o018_descending_S1A__2024-03-23__2024-04-04,S1_C,tengeh,o018_descending_S1A,crosspol,calibration,matched_10m,2024-03-23,2024-04-04,0.25825934762377756,-0.04255945805438799,True,-2.2679701447486877,-0.21844198927283287,2.2784655977540798,0.753550159758408,True
S1_C__tengeh__o018_descending_S1A__2024-04-16__2024-04-28,S1_C,tengeh,o018_descending_S1A,copol,calibration,matched_10m,2024-04-16,2024-04-28,0.3540484596703948,-0.08656527316536966,True,-3.4002697467803955,0.5090814828872681,3.438167870696356,0.8879382693877353,True
S1_C__tengeh__o018_descending_S1A__2024-04-16__2024-04-28,S1_C,tengeh,o018_descending_S1A,crosspol,calibration,matched_10m,2024-04-16,2024-04-28,-0.043233708233870516,2.1141618937292606e-05,True,1.4489872753620148,-0.7161246240139008,1.6162916201230786,0.7336229170567712,True
S1_C__tengeh__o018_descending_S1A__2024-08-14__2024-08-26,S1_C,tengeh,o018_descending_S1A,copol,calibration,matched_10m,2024-08-14,2024-08-26,0.04389556896665958,0.16310771583766304,True,-0.9632925689220428,-1.775948405265808,2.0203775170761022,0.9007592559833196,True
S1_C__tengeh__o018_descending_S1A__2024-08-14__2024-08-26,S1_C,tengeh,o018_descending_S1A,crosspol,calibration,matched_10m,2024-08-14,2024-08-26,-0.1479624598720246,0.3650200523276119,True,-0.6645344197750092,-5.002275705337524,5.046223164632707,0.7323523836800152,True
S1_C__tengeh__o018_descending_S1D__2026-06-24__2026-07-06,S1_C,tengeh,o018_descending_S1D,copol,calibration,matched_10m,2026-06-24,2026-07-06,-0.009075892221105164,-0.007875364962693254,True,0.07694685831665993,-1.0503309965133667,1.053145773975078,0.8715406896492701,True
S1_C__tengeh__o018_descending_S1D__2026-06-24__2026-07-06,S1_C,tengeh,o018_descending_S1D,crosspol,calibration,matched_10m,2026-06-24,2026-07-06,0.008078851065615567,0.17394905010867667,True,1.871221661567688,-0.24113697931170464,1.8866948745124932,0.7722192746249892,True
S1_C__tengeh__o171_ascending_S1A__2022-01-08__2022-01-20,S1_C,tengeh,o171_ascending_S1A,copol,calibration,matched_10m,2022-01-08,2022-01-20,-0.06666944264544483,0.02859074120644145,True,0.7089222222566605,0.11049387976527214,0.7174814385577541,0.9181232834594056,True
S1_C__tengeh__o171_ascending_S1A__2022-01-08__2022-01-20,S1_C,tengeh,o171_ascending_S1A,crosspol,calibration,matched_10m,2022-01-08,2022-01-20,-0.08696245280334303,0.189597227960558,True,-0.6070972979068756,-3.5453414916992188,3.596945012352826,0.8097194000066391,True
S1_C__tengeh__o171_ascending_S1A__2022-02-01__2022-02-13,S1_C,tengeh,o171_ascending_S1A,copol,calibration,matched_10m,2022-02-01,2022-02-13,-0.005034107274482835,-0.10355453507116863,True,-0.5363362282514572,0.6404715031385422,0.8353803301895149,0.8765259907101636,True
S1_C__tengeh__o171_ascending_S1A__2022-02-01__2022-02-13,S1_C,tengeh,o171_ascending_S1A,crosspol,calibration,matched_10m,2022-02-01,2022-02-13,-0.00016700934590119232,0.1378184066794752,True,0.846116840839386,-2.9506325721740723,3.069551479341339,0.7852902198248642,True
S1_C__tengeh__o171_ascending_S1A__2022-02-25__2022-03-09,S1_C,tengeh,o171_ascending_S1A,copol,calibration,matched_10m,2022-02-25,2022-03-09,0.020737170931550253,0.03559425736885302,True,0.041166096925735474,-1.90108522772789,1.901530880796129,0.8671023649944392,True
S1_C__tengeh__o171_ascending_S1A__2022-02-25__2022-03-09,S1_C,tengeh,o171_ascending_S1A,crosspol,calibration,matched_10m,2022-02-25,2022-03-09,-0.03528339990404916,-0.17501926800790102,True,0.40932316333055496,-0.236922986805439,0.47294603679039576,0.7752566270065491,True
S1_C__tengeh__o171_ascending_S1A__2022-03-21__2022-04-02,S1_C,tengeh,o171_ascending_S1A,copol,calibration,matched_10m,2022-03-21,2022-04-02,-0.04455851919614773,0.17191901975721535,True,0.8621271699666977,-2.3613527417182922,2.513811852151088,0.888259000155682,True
S1_C__tengeh__o171_ascending_S1A__2022-03-21__2022-04-02,S1_C,tengeh,o171_ascending_S1A,crosspol,calibration,matched_10m,2022-03-21,2022-04-02,0.13895776102262758,0.034339367063553894,True,-0.049741631373763084,0.7913058996200562,0.7928677422276869,0.7961602167944206,True
S1_C__tengeh__o171_ascending_S1A__2022-04-14__2022-04-26,S1_C,tengeh,o171_ascending_S1A,copol,calibration,matched_10m,2022-04-14,2022-04-26,-0.01678991312244804,-0.09775429295710225,True,0.8989261835813522,1.0787510871887207,1.4041980599755086,0.9130419565482778,True
S1_C__tengeh__o171_ascending_S1A__2022-04-14__2022-04-26,S1_C,tengeh,o171_ascending_S1A,crosspol,calibration,matched_10m,2022-04-14,2022-04-26,-0.14610453106296717,-0.0030487990556480327,True,0.816425234079361,-2.475212663412094,2.6063821461859984,0.8039292940555854,True
S1_C__tengeh__o171_ascending_S1A__2022-05-08__2022-05-20,S1_C,tengeh,o171_ascending_S1A,copol,calibration,matched_10m,2022-05-08,2022-05-20,-0.29233827546152824,0.15096680207611612,True,0.91525599360466,-2.3640479147434235,2.535037687497364,0.8779532712288386,True
S1_C__tengeh__o171_ascending_S1A__2022-05-08__2022-05-20,S1_C,tengeh,o171_ascending_S1A,crosspol,calibration,matched_10m,2022-05-08,2022-05-20,0.041898916400551656,0.07548065427251416,True,-2.431378811597824,-1.7535318434238434,2.9977452946153162,0.8216439310091368,True
S1_C__tengeh__o171_ascending_S1A__2022-06-01__2022-06-13,S1_C,tengeh,o171_ascending_S1A,copol,calibration,matched_10m,2022-06-01,2022-06-13,0.03880633746510931,-0.2795075354222547,True,-0.19207224249839783,3.021707534790039,3.027805834617745,0.9057000642086789,True
S1_C__tengeh__o171_ascending_S1A__2022-06-01__2022-06-13,S1_C,tengeh,o171_ascending_S1A,crosspol,calibration,matched_10m,2022-06-01,2022-06-13,0.072110611355372,-0.12727210285551926,True,0.5727676302194595,0.4429495707154274,0.7240628981132764,0.8119136538090835,True
S1_C__tengeh__o171_ascending_S1A__2022-06-25__2022-07-07,S1_C,tengeh,o171_ascending_S1A,copol,calibration,matched_10m,2022-06-25,2022-07-07,-0.1565928852961207,-0.2164326665992995,True,1.9132611155509949,2.647908627986908,3.266800911969835,0.8138366797280313,True
S1_C__tengeh__o171_ascending_S1A__2022-06-25__2022-07-07,S1_C,tengeh,o171_ascending_S1A,crosspol,calibration,matched_10m,2022-06-25,2022-07-07,-0.03417459756148489,-0.05756152931023806,True,-0.7853750139474869,-1.124369353055954,1.3715029546539372,0.8333025329375723,True
S1_C__tengeh__o171_ascending_S1A__2022-08-12__2022-08-24,S1_C,tengeh,o171_ascending_S1A,copol,calibration,matched_10m,2022-08-12,2022-08-24,0.19956848438728514,0.013254854822921658,True,-1.2846928834915161,-2.2678929567337036,2.606486959126419,0.906024473096005,True
S1_C__tengeh__o171_ascending_S1A__2022-08-12__2022-08-24,S1_C,tengeh,o171_ascending_S1A,crosspol,calibration,matched_10m,2022-08-12,2022-08-24,0.0362169298128876,0.020984830704421142,True,-1.804099678993225,-1.36062890291214,2.2596651661658527,0.7938287132648374,True
S1_C__tengeh__o171_ascending_S1A__2022-09-05__2022-09-17,S1_C,tengeh,o171_ascending_S1A,copol,calibration,matched_10m,2022-09-05,2022-09-17,-0.10561445710811768,-0.10897612141201662,True,1.5156091749668121,0.9575957804918289,1.7927802012682246,0.8862507078148041,True
S1_C__tengeh__o171_ascending_S1A__2022-09-05__2022-09-17,S1_C,tengeh,o171_ascending_S1A,crosspol,calibration,matched_10m,2022-09-05,2022-09-17,-0.32077807109564915,-0.0783386281125864,True,4.4670721888542175,0.5779395252466202,4.5043032796734614,0.7893890571012894,True
S1_C__tengeh__o171_ascending_S1A__2022-09-29__2022-10-11,S1_C,tengeh,o171_ascending_S1A,copol,calibration,matched_10m,2022-09-29,2022-10-11,0.025980782076292286,-0.0646000081367184,True,0.7995295524597168,1.3289590179920197,1.5509286175574775,0.9063291383387774,True
S1_C__tengeh__o171_ascending_S1A__2022-09-29__2022-10-11,S1_C,tengeh,o171_ascending_S1A,crosspol,calibration,matched_10m,2022-09-29,2022-10-11,0.2404368424279486,0.2024688301163966,True,-0.7010117173194885,-3.7132450938224792,3.7788366668349047,0.8085268730720373,True
S1_C__tengeh__o171_ascending_S1A__2022-10-23__2022-11-04,S1_C,tengeh,o171_ascending_S1A,copol,calibration,matched_10m,2022-10-23,2022-11-04,0.02157638178233867,0.08450685510015532,True,-0.5667424201965332,-1.8061861395835876,1.8930148815247299,0.9014203671175203,True
S1_C__tengeh__o171_ascending_S1A__2022-10-23__2022-11-04,S1_C,tengeh,o171_ascending_S1A,crosspol,calibration,matched_10m,2022-10-23,2022-11-04,0.12028911923301955,-0.05391286829793174,True,-2.1568743884563446,0.8806783705949783,2.3297428012578463,0.8201661569745579,True
S1_C__tengeh__o171_ascending_S1A__2022-11-16__2022-11-28,S1_C,tengeh,o171_ascending_S1A,copol,calibration,matched_10m,2022-11-16,2022-11-28,-0.03534219245214665,0.022495352006997038,True,0.6905151903629303,-1.8120543658733368,1.939162771147016,0.9088844409714848,True
S1_C__tengeh__o171_ascending_S1A__2022-11-16__2022-11-28,S1_C,tengeh,o171_ascending_S1A,crosspol,calibration,matched_10m,2022-11-16,2022-11-28,0.04132367386987568,-0.23866859300247256,True,0.2196623757481575,4.278323650360107,4.283959012006296,0.8029130976154233,True
S1_C__tengeh__o171_ascending_S1A__2022-12-10__2022-12-22,S1_C,tengeh,o171_ascending_S1A,copol,calibration,matched_10m,2022-12-10,2022-12-22,0.11954160794099877,0.08497725876618745,True,-1.0925067961215973,-0.9782271087169647,1.4664581057093413,0.882389618707942,True
S1_C__tengeh__o171_ascending_S1A__2022-12-10__2022-12-22,S1_C,tengeh,o171_ascending_S1A,crosspol,calibration,matched_10m,2022-12-10,2022-12-22,0.01289281612730342,0.06400900259438558,True,0.2132122777402401,-1.3844142854213715,1.4007363738612444,0.7776714937416511,True
S1_C__tengeh__o171_ascending_S1A__2023-01-03__2023-01-15,S1_C,tengeh,o171_ascending_S1A,copol,calibration,matched_10m,2023-01-03,2023-01-15,-0.022534141534389818,-0.15042750222427514,True,1.1354178935289383,1.9200833141803741,2.230671138097138,0.8590655595094762,True
S1_C__tengeh__o171_ascending_S1A__2023-01-03__2023-01-15,S1_C,tengeh,o171_ascending_S1A,crosspol,calibration,matched_10m,2023-01-03,2023-01-15,0.055861405715086576,0.045402119118277184,True,2.3886096477508545,-0.18898751586675644,2.396074358295658,0.7852292704212515,True
S1_C__tengeh__o171_ascending_S1A__2023-01-27__2023-02-08,S1_C,tengeh,o171_ascending_S1A,copol,calibration,matched_10m,2023-01-27,2023-02-08,0.07615069576957367,-0.114964901166978,True,-0.2838103286921978,1.6365773975849152,1.6610038774663312,0.9042077579196818,True
S1_C__tengeh__o171_ascending_S1A__2023-01-27__2023-02-08,S1_C,tengeh,o171_ascending_S1A,crosspol,calibration,matched_10m,2023-01-27,2023-02-08,0.1049099667347253,0.26280811041323204,True,2.9181116819381714,-0.8193934708833694,3.0309703806520973,0.8101875185912067,True
S1_C__tengeh__o171_ascending_S1A__2023-02-20__2023-03-04,S1_C,tengeh,o171_ascending_S1A,copol,calibration,matched_10m,2023-02-20,2023-03-04,0.02398800573102733,-0.07658380189949554,True,0.03307833801954985,1.9669729471206665,1.967251064595136,0.8434845243714069,True
S1_C__tengeh__o171_ascending_S1A__2023-02-20__2023-03-04,S1_C,tengeh,o171_ascending_S1A,crosspol,calibration,matched_10m,2023-02-20,2023-03-04,0.35202244159193263,-0.008157440920522063,True,-2.0270273089408875,1.9991949200630188,2.847037063263827,0.7906619061852294,True
S1_C__tengeh__o171_ascending_S1A__2023-03-16__2023-03-28,S1_C,tengeh,o171_ascending_S1A,copol,calibration,matched_10m,2023-03-16,2023-03-28,-0.04733041553368622,-0.02734955043123577,True,-0.20138747990131378,-0.1127183809876442,0.23078637410704683,0.8638840852317977,True
S1_C__tengeh__o171_ascending_S1A__2023-03-16__2023-03-28,S1_C,tengeh,o171_ascending_S1A,crosspol,calibration,matched_10m,2023-03-16,2023-03-28,0.0980206080667596,-0.05035793588488602,True,-0.5925986543297768,-0.6766439974308014,0.8994555377408028,0.7557903971747039,True
S1_C__tengeh__o171_ascending_S1A__2023-04-09__2023-04-21,S1_C,tengeh,o171_ascending_S1A,copol,calibration,matched_10m,2023-04-09,2023-04-21,-0.09760330225866554,0.09243957209825737,True,0.7002716511487961,-0.5583653971552849,0.8956295563139038,0.8982278865855466,True
S1_C__tengeh__o171_ascending_S1A__2023-04-09__2023-04-21,S1_C,tengeh,o171_ascending_S1A,crosspol,calibration,matched_10m,2023-04-09,2023-04-21,0.06477741832244988,-0.05881061509164098,True,-0.15131316147744656,3.0748847126960754,3.0786054747577394,0.7418491480914198,True
S1_C__tengeh__o171_ascending_S1A__2023-05-03__2023-05-15,S1_C,tengeh,o171_ascending_S1A,copol,calibration,matched_10m,2023-05-03,2023-05-15,0.032444393149681616,-0.050996974366380954,True,1.3770198822021484,0.5499741807579994,1.4827863485615356,0.8884244725077846,True
S1_C__tengeh__o171_ascending_S1A__2023-05-03__2023-05-15,S1_C,tengeh,o171_ascending_S1A,crosspol,calibration,matched_10m,2023-05-03,2023-05-15,-0.1307286964846348,-0.016519890593283293,True,4.158692955970764,-0.5642937868833542,4.196802899822198,0.7659815211040939,True
S1_C__tengeh__o171_ascending_S1A__2023-05-27__2023-06-08,S1_C,tengeh,o171_ascending_S1A,copol,calibration,matched_10m,2023-05-27,2023-06-08,-0.0399484984773153,0.024404403910770256,True,0.21239329129457474,-0.8445589244365692,0.8708562952820613,0.9050057574346801,True
S1_C__tengeh__o171_ascending_S1A__2023-05-27__2023-06-08,S1_C,tengeh,o171_ascending_S1A,crosspol,calibration,matched_10m,2023-05-27,2023-06-08,0.020124217343582274,0.16428129692444848,True,-0.633220449090004,-2.46499165892601,2.545024953850266,0.7827735118586602,True
S1_C__tengeh__o171_ascending_S1A__2023-06-20__2023-07-02,S1_C,tengeh,o171_ascending_S1A,copol,calibration,matched_10m,2023-06-20,2023-07-02,0.04885648579689139,-0.011240651006023228,True,-0.28447724878787994,-1.0478966683149338,1.0858244483080401,0.8950651715289301,True
S1_C__tengeh__o171_ascending_S1A__2023-06-20__2023-07-02,S1_C,tengeh,o171_ascending_S1A,crosspol,calibration,matched_10m,2023-06-20,2023-07-02,0.04274648759752964,-0.013986126336590132,True,0.7716166228055954,0.20002556964755058,0.7971213465356072,0.754960237137397,True
S1_C__tengeh__o171_ascending_S1A__2023-07-14__2023-07-26,S1_C,tengeh,o171_ascending_S1A,copol,calibration,matched_10m,2023-07-14,2023-07-26,-0.023429212487194206,-0.08654966931378993,True,0.7185196876525879,0.5060851573944092,0.8788587645801209,0.8744094065282317,True
S1_C__tengeh__o171_ascending_S1A__2023-07-14__2023-07-26,S1_C,tengeh,o171_ascending_S1A,crosspol,calibration,matched_10m,2023-07-14,2023-07-26,-0.12482809873972478,0.04390970191189503,True,2.4452973902225494,-2.573796510696411,3.5501982768716216,0.7250990353462836,True
S1_C__tengeh__o171_ascending_S1A__2023-08-07__2023-08-19,S1_C,tengeh,o171_ascending_S1A,copol,calibration,matched_10m,2023-08-07,2023-08-19,0.20380893931110222,-0.06097918472719144,True,-1.9876328110694885,1.716664731502533,2.6263324222239386,0.8676086674616758,True
S1_C__tengeh__o171_ascending_S1A__2023-08-07__2023-08-19,S1_C,tengeh,o171_ascending_S1A,crosspol,calibration,matched_10m,2023-08-07,2023-08-19,-0.06620052063948734,-0.14668530174077077,True,1.6102004051208496,2.3038092255592346,2.81074408163091,0.7686642117018923,True
S1_C__tengeh__o171_ascending_S1A__2023-09-12__2023-09-24,S1_C,tengeh,o171_ascending_S1A,copol,calibration,matched_10m,2023-09-12,2023-09-24,-0.06412143580519825,-0.17038274277689247,True,0.48707418143749237,1.1935098469257355,1.2890721519494925,0.8623266827256152,True
S1_C__tengeh__o171_ascending_S1A__2023-09-12__2023-09-24,S1_C,tengeh,o171_ascending_S1A,crosspol,calibration,matched_10m,2023-09-12,2023-09-24,-0.10563349854729154,-0.09392719483849277,True,0.5267433077096939,0.7133594155311584,0.8867582353403352,0.735331626174018,True
S1_C__tengeh__o171_ascending_S1A__2023-10-06__2023-10-30,S1_C,tengeh,o171_ascending_S1A,copol,calibration,matched_10m,2023-10-06,2023-10-30,0.32569867327181257,0.1826870238388203,True,-2.3632842302322388,-2.282019704580307,3.285228498134822,0.8916400340018863,True
S1_C__tengeh__o171_ascending_S1A__2023-10-06__2023-10-30,S1_C,tengeh,o171_ascending_S1A,crosspol,calibration,matched_10m,2023-10-06,2023-10-30,0.0073555387360499935,-0.10816640965089519,True,1.772177666425705,-0.8593583106994629,1.9695457312655351,0.776759275661208,True
S1_C__tengeh__o171_ascending_S1A__2023-11-11__2023-12-05,S1_C,tengeh,o171_ascending_S1A,copol,calibration,matched_10m,2023-11-11,2023-12-05,0.035238675012685405,-0.2982677280181125,True,-0.6997659057378769,2.0869389176368713,2.201132973897876,0.8914752627443313,True
S1_C__tengeh__o171_ascending_S1A__2023-11-11__2023-12-05,S1_C,tengeh,o171_ascending_S1A,crosspol,calibration,matched_10m,2023-11-11,2023-12-05,0.04726363842980774,0.14830865041251684,True,0.18199849873781204,-3.742423355579376,3.746846143882721,0.7874633735247575,True
S1_C__tengeh__o171_ascending_S1A__2023-12-17__2023-12-29,S1_C,tengeh,o171_ascending_S1A,copol,calibration,matched_10m,2023-12-17,2023-12-29,-0.10145775860156192,0.16880407208983783,True,0.7935132831335068,-1.935184895992279,2.091555381094645,0.9064920485245054,True
S1_C__tengeh__o171_ascending_S1A__2023-12-17__2023-12-29,S1_C,tengeh,o171_ascending_S1A,crosspol,calibration,matched_10m,2023-12-17,2023-12-29,0.06870266725346141,-0.12557782491923142,True,-1.4496101438999176,2.4763119220733643,2.8694059149413174,0.8180781175234995,True
S1_C__tengeh__o171_ascending_S1A__2024-01-10__2024-01-22,S1_C,tengeh,o171_ascending_S1A,copol,calibration,matched_10m,2024-01-10,2024-01-22,0.013049540283869732,-0.07804228730071827,True,-0.16167091205716133,1.70811265707016,1.7157465818263127,0.8731074510847779,True
S1_C__tengeh__o171_ascending_S1A__2024-01-10__2024-01-22,S1_C,tengeh,o171_ascending_S1A,crosspol,calibration,matched_10m,2024-01-10,2024-01-22,0.02723190439697909,0.32408815847449546,True,1.9635514914989471,-2.429441809654236,3.1237352586709055,0.7838627011686315,True
S1_C__tengeh__o171_ascending_S1A__2024-02-15__2024-02-27,S1_C,tengeh,o171_ascending_S1A,copol,calibration,matched_10m,2024-02-15,2024-02-27,-0.05347387416888871,0.04310084570080619,True,1.2728796899318695,-1.1912775039672852,1.743377410803403,0.9102982452348775,True
S1_C__tengeh__o171_ascending_S1A__2024-02-15__2024-02-27,S1_C,tengeh,o171_ascending_S1A,crosspol,calibration,matched_10m,2024-02-15,2024-02-27,-0.07314963294213683,0.032777756300564675,True,1.4754922688007355,-0.5490025877952576,1.574319305826055,0.8284434357100678,True
S1_C__tengeh__o171_ascending_S1A__2024-03-10__2024-03-22,S1_C,tengeh,o171_ascending_S1A,copol,calibration,matched_10m,2024-03-10,2024-03-22,-0.06324599246692486,-0.17428826695920208,True,0.814267098903656,2.694180905818939,2.8145411103120055,0.8989648056509633,True
S1_C__tengeh__o171_ascending_S1A__2024-03-10__2024-03-22,S1_C,tengeh,o171_ascending_S1A,crosspol,calibration,matched_10m,2024-03-10,2024-03-22,0.09714891660476788,0.11810311922169525,True,-2.040763199329376,-4.492719769477844,4.934495451694542,0.779766691808999,True
S1_C__tengeh__o171_ascending_S1A__2024-04-03__2024-04-27,S1_C,tengeh,o171_ascending_S1A,copol,calibration,matched_10m,2024-04-03,2024-04-27,0.09277125550191911,0.19918032145574038,True,-0.3571978583931923,-2.5335073471069336,2.5585640089482804,0.9047062298125165,True
S1_C__tengeh__o171_ascending_S1A__2024-04-03__2024-04-27,S1_C,tengeh,o171_ascending_S1A,crosspol,calibration,matched_10m,2024-04-03,2024-04-27,0.11278042006109779,0.35412425598460473,True,-1.42523393034935,-4.730405807495117,4.940448447236606,0.8021884578004703,True
S1_C__tengeh__o171_ascending_S1A__2024-05-09__2024-05-21,S1_C,tengeh,o171_ascending_S1A,copol,calibration,matched_10m,2024-05-09,2024-05-21,-0.36165274990617746,0.09153200934690986,True,4.281494319438934,-0.8812639862298965,4.371249228860518,0.899346955083631,True
S1_C__tengeh__o171_ascending_S1A__2024-05-09__2024-05-21,S1_C,tengeh,o171_ascending_S1A,crosspol,calibration,matched_10m,2024-05-09,2024-05-21,-0.16516445294085003,0.1139336210431896,True,-1.7100106179714203,-0.7983335107564926,1.887186452890065,0.7772796610648626,True
S1_C__tengeh__o171_ascending_S1A__2024-06-02__2024-06-14,S1_C,tengeh,o171_ascending_S1A,copol,calibration,matched_10m,2024-06-02,2024-06-14,0.2698849397228624,0.31161721993311,True,-1.4772510528564453,-3.076704442501068,3.4129724434386053,0.8918511759426001,True
S1_C__tengeh__o171_ascending_S1A__2024-06-02__2024-06-14,S1_C,tengeh,o171_ascending_S1A,crosspol,calibration,matched_10m,2024-06-02,2024-06-14,-0.2833228015886373,0.005729770758058805,True,4.16248619556427,1.2143374979496002,4.336001255441424,0.7824103181242409,True
S1_C__tengeh__o171_ascending_S1A__2024-07-20__2024-08-01,S1_C,tengeh,o171_ascending_S1A,copol,calibration,matched_10m,2024-07-20,2024-08-01,-0.11966725067843953,0.06276912611768282,True,1.7521367967128754,-0.4737546294927597,1.8150555923610379,0.9213715931928814,True
S1_C__tengeh__o171_ascending_S1A__2024-07-20__2024-08-01,S1_C,tengeh,o171_ascending_S1A,crosspol,calibration,matched_10m,2024-07-20,2024-08-01,-0.06061445531367582,0.07347554956979607,True,0.8792178332805634,-0.3350638598203659,0.9408994571771685,0.8059652014408859,True
S1_C__tengeh__o171_ascending_S1A__2024-08-13__2024-09-18,S1_C,tengeh,o171_ascending_S1A,copol,calibration,matched_10m,2024-08-13,2024-09-18,0.09439359467017283,-0.12909653643580477,True,0.3779956325888634,0.09814903140068054,0.3905303197206931,0.8843345393621546,True
S1_C__tengeh__o171_ascending_S1A__2024-08-13__2024-09-18,S1_C,tengeh,o171_ascending_S1A,crosspol,calibration,matched_10m,2024-08-13,2024-09-18,-0.1721875855406516,0.07034995428288227,True,1.7223459482192993,-1.6440550982952118,2.381048662160838,0.7478316507364883,True
S1_C__tengeh__o171_ascending_S1D__2026-07-17__2026-07-29,S1_C,tengeh,o171_ascending_S1D,copol,calibration,matched_10m,2026-07-17,2026-07-29,-0.0033138363507063673,-0.04032549353405912,True,-0.3415928781032562,-0.4654198884963989,0.5773225848508496,0.8940000801975153,True
S1_C__tengeh__o171_ascending_S1D__2026-07-17__2026-07-29,S1_C,tengeh,o171_ascending_S1D,crosspol,calibration,matched_10m,2026-07-17,2026-07-29,-0.01333854323728545,-0.0019991257557094855,True,1.8536067008972168,0.14164069667458534,1.8590104595094472,0.8115733245555983,True
S1_C__piolenc__o037_descending_S1A__2023-01-06__2023-01-18,S1_C,piolenc,o037_descending_S1A,copol,calibration,matched_10m,2023-01-06,2023-01-18,0.1779779802929129,-0.12733713158051874,True,0.08066910319030285,0.372174009680748,0.3808162256146306,0.8995390239562217,True
S1_C__piolenc__o037_descending_S1A__2023-01-06__2023-01-18,S1_C,piolenc,o037_descending_S1A,crosspol,calibration,matched_10m,2023-01-06,2023-01-18,-0.4153996471019328,-0.3513358205075159,True,6.3124096393585205,2.4818557500839233,6.78278139256242,0.8679237566363499,True
S1_C__piolenc__o037_descending_S1A__2023-01-30__2023-02-11,S1_C,piolenc,o037_descending_S1A,copol,calibration,matched_10m,2023-01-30,2023-02-11,0.02676571604981781,-0.060788600296447726,True,2.2356590628623962,3.155866861343384,3.8675143298873644,0.7204084609415284,True
S1_C__piolenc__o037_descending_S1A__2023-01-30__2023-02-11,S1_C,piolenc,o037_descending_S1A,crosspol,calibration,matched_10m,2023-01-30,2023-02-11,-0.19093876362270112,-0.2756035528269729,True,2.32400119304657,-0.9103244543075562,2.495931120322079,0.8213012803816321,True
S1_C__piolenc__o037_descending_S1A__2023-02-23__2023-03-07,S1_C,piolenc,o037_descending_S1A,copol,calibration,matched_10m,2023-02-23,2023-03-07,-0.12489260892427279,0.11808714157173927,True,0.16297943890094757,0.43681930750608444,0.4662332087213038,0.871252290027673,True
S1_C__piolenc__o037_descending_S1A__2023-02-23__2023-03-07,S1_C,piolenc,o037_descending_S1A,crosspol,calibration,matched_10m,2023-02-23,2023-03-07,-0.09674754679896225,0.30541316164403653,True,-0.3060767985880375,-1.472749412059784,1.5042186800317106,0.8840593697742277,True
S1_C__piolenc__o037_descending_S1A__2023-03-19__2023-04-12,S1_C,piolenc,o037_descending_S1A,copol,calibration,matched_10m,2023-03-19,2023-04-12,0.19409787170162485,0.1149002787083706,True,0.8844013512134552,-0.85011325776577,1.226726661101533,0.8660721935559899,True
S1_C__piolenc__o037_descending_S1A__2023-03-19__2023-04-12,S1_C,piolenc,o037_descending_S1A,crosspol,calibration,matched_10m,2023-03-19,2023-04-12,0.03852721791204505,0.10220117125676964,True,-0.14157984405755997,-1.377224624156952,1.384482761766148,0.8694986385770713,True
S1_C__piolenc__o037_descending_S1A__2023-04-24__2023-05-06,S1_C,piolenc,o037_descending_S1A,copol,calibration,matched_10m,2023-04-24,2023-05-06,-0.016808824254653132,0.23906674506720726,True,2.1032047271728516,3.1677639484405518,3.8023937930522007,0.8067775368780947,True
S1_C__piolenc__o037_descending_S1A__2023-04-24__2023-05-06,S1_C,piolenc,o037_descending_S1A,crosspol,calibration,matched_10m,2023-04-24,2023-05-06,-0.16526914881781085,0.1765307390909694,True,3.5507595539093018,-1.392412930727005,3.8140145751339167,0.7492018931085521,True
S1_C__piolenc__o037_descending_S1A__2023-05-18__2023-05-30,S1_C,piolenc,o037_descending_S1A,copol,calibration,matched_10m,2023-05-18,2023-05-30,0.1008990250256101,0.35880582030503927,True,-4.706730544567108,-3.999190032482147,6.176312276355977,0.6973234811250778,True
S1_C__piolenc__o037_descending_S1A__2023-05-18__2023-05-30,S1_C,piolenc,o037_descending_S1A,crosspol,calibration,matched_10m,2023-05-18,2023-05-30,-0.02806101350221102,0.0736923156158813,True,0.3485408425331116,-0.8943803608417511,0.9598942383268649,0.7241868876818388,True
S1_C__piolenc__o037_descending_S1A__2023-06-11__2023-06-23,S1_C,piolenc,o037_descending_S1A,copol,calibration,matched_10m,2023-06-11,2023-06-23,0.20449702376875667,-0.002849273323153767,True,1.1932381242513657,-0.9951827675104141,1.553771528223054,0.7861792262830732,True
S1_C__piolenc__o037_descending_S1A__2023-06-11__2023-06-23,S1_C,piolenc,o037_descending_S1A,crosspol,calibration,matched_10m,2023-06-11,2023-06-23,0.14153774892971427,-0.0780027038068134,True,0.6260223686695099,2.22399964928627,2.310428195400159,0.8445408897229755,True
S1_C__piolenc__o037_descending_S1A__2023-07-17__2023-07-29,S1_C,piolenc,o037_descending_S1A,copol,calibration,matched_10m,2023-07-17,2023-07-29,-0.0918977515668491,-0.04036667666215177,True,0.7228095829486847,1.9066417217254639,2.0390528066302482,0.7854317887097962,True
S1_C__piolenc__o037_descending_S1A__2023-07-17__2023-07-29,S1_C,piolenc,o037_descending_S1A,crosspol,calibration,matched_10m,2023-07-17,2023-07-29,-0.6641914263252513,-0.0853731467721186,True,6.489638686180115,-1.014220118522644,6.568413257856242,0.7804519391710603,True
S1_C__piolenc__o037_descending_S1A__2023-08-10__2023-08-22,S1_C,piolenc,o037_descending_S1A,copol,calibration,matched_10m,2023-08-10,2023-08-22,0.10801433099319002,-0.23221357587579483,True,-7.647995352745056,3.764347732067108,8.52420945094199,0.7737368192123408,True
S1_C__piolenc__o037_descending_S1A__2023-08-10__2023-08-22,S1_C,piolenc,o037_descending_S1A,crosspol,calibration,matched_10m,2023-08-10,2023-08-22,0.14030009784780173,-0.2825710604737468,True,-4.61113303899765,-1.6154852509498596,4.885932920064728,0.8160455732196982,True
S1_C__piolenc__o037_descending_S1A__2023-09-03__2023-09-15,S1_C,piolenc,o037_descending_S1A,copol,calibration,matched_10m,2023-09-03,2023-09-15,-0.26121953930501896,-0.27306301278382605,True,5.049041509628296,4.470341503620148,6.74364688613946,0.787947730017638,True
S1_C__piolenc__o037_descending_S1A__2023-09-03__2023-09-15,S1_C,piolenc,o037_descending_S1A,crosspol,calibration,matched_10m,2023-09-03,2023-09-15,-0.4024953589966005,-0.0131194121195648,True,3.5602429509162903,0.596509650349617,3.609868921790562,0.7705225174766978,True
S1_C__piolenc__o037_descending_S1A__2023-09-27__2023-10-09,S1_C,piolenc,o037_descending_S1A,copol,calibration,matched_10m,2023-09-27,2023-10-09,-0.13081445391310176,0.377010093858515,True,2.318105697631836,-5.313599109649658,5.797236369466301,0.8592699023881153,True
S1_C__piolenc__o037_descending_S1A__2023-09-27__2023-10-09,S1_C,piolenc,o037_descending_S1A,crosspol,calibration,matched_10m,2023-09-27,2023-10-09,0.09554188397499352,-0.08169233860770575,True,1.1757344007492065,-0.25557979941368103,1.2031925926357065,0.8523610556403248,True
S1_C__piolenc__o037_descending_S1A__2023-10-21__2023-11-02,S1_C,piolenc,o037_descending_S1A,copol,calibration,matched_10m,2023-10-21,2023-11-02,-0.24822885606713996,0.06888972879683575,True,1.671818196773529,3.55853408575058,3.9316842348428502,0.7494524923162369,True
S1_C__piolenc__o037_descending_S1A__2023-10-21__2023-11-02,S1_C,piolenc,o037_descending_S1A,crosspol,calibration,matched_10m,2023-10-21,2023-11-02,0.5877055502599529,-0.04818497185077053,True,-6.218327879905701,-0.4993259161710739,6.23834336924256,0.8022303933288765,True
S1_C__piolenc__o037_descending_S1A__2023-11-14__2023-11-26,S1_C,piolenc,o037_descending_S1A,copol,calibration,matched_10m,2023-11-14,2023-11-26,-0.30276236971094583,-0.00205322090857063,True,11.14923357963562,-5.425854921340942,12.399407689108147,0.6804886148480838,True
S1_C__piolenc__o037_descending_S1A__2023-11-14__2023-11-26,S1_C,piolenc,o037_descending_S1A,crosspol,calibration,matched_10m,2023-11-14,2023-11-26,0.04720025444276743,0.3666360183313264,True,1.7955219745635986,1.1603519320487976,2.1378296862355852,0.7737185943436908,True
S1_C__piolenc__o037_descending_S1A__2023-12-08__2023-12-20,S1_C,piolenc,o037_descending_S1A,copol,calibration,matched_10m,2023-12-08,2023-12-20,-0.05824342410087091,-0.11780190959750314,True,8.776074051856995,3.0195415019989014,9.281007846455655,0.6229814780107157,True
S1_C__piolenc__o037_descending_S1A__2023-12-08__2023-12-20,S1_C,piolenc,o037_descending_S1A,crosspol,calibration,matched_10m,2023-12-08,2023-12-20,0.39050046090197554,-0.18801030727766488,True,-0.9233139455318451,4.9144187569618225,5.000402019917176,0.7551012037374571,True
S1_C__piolenc__o037_descending_S1A__2024-01-01__2024-01-13,S1_C,piolenc,o037_descending_S1A,copol,calibration,matched_10m,2024-01-01,2024-01-13,-0.15750946758945883,0.004211295160071238,True,0.8195877075195312,-2.5010839104652405,2.631946948079543,0.7228961829988669,True
S1_C__piolenc__o037_descending_S1A__2024-01-01__2024-01-13,S1_C,piolenc,o037_descending_S1A,crosspol,calibration,matched_10m,2024-01-01,2024-01-13,-0.4562264270273939,-0.3686651675966459,True,4.032488167285919,7.042222619056702,8.115039139502334,0.846433277364422,True
S1_C__piolenc__o037_descending_S1A__2024-01-25__2024-02-06,S1_C,piolenc,o037_descending_S1A,copol,calibration,matched_10m,2024-01-25,2024-02-06,-0.011247767025944988,-0.004667233876837429,True,1.6985851526260376,2.081765830516815,2.686808607591725,0.8183853053277035,True
S1_C__piolenc__o037_descending_S1A__2024-01-25__2024-02-06,S1_C,piolenc,o037_descending_S1A,crosspol,calibration,matched_10m,2024-01-25,2024-02-06,0.06978241897849902,-0.2868164151691195,True,-0.6360606849193573,2.4471190571784973,2.5284313071361577,0.8327045260578583,True
S1_C__piolenc__o037_descending_S1A__2024-02-18__2024-03-01,S1_C,piolenc,o037_descending_S1A,copol,calibration,matched_10m,2024-02-18,2024-03-01,0.030530003709539955,0.1587621299492019,True,0.21814987063407898,-6.345991492271423,6.349739946331578,0.7929400133019247,True
S1_C__piolenc__o037_descending_S1A__2024-02-18__2024-03-01,S1_C,piolenc,o037_descending_S1A,crosspol,calibration,matched_10m,2024-02-18,2024-03-01,0.2601079315599968,-0.6428948006933926,True,-2.156546860933304,6.855717301368713,7.186901563239029,0.8364647624178374,True
S1_C__piolenc__o037_descending_S1A__2024-03-13__2024-03-25,S1_C,piolenc,o037_descending_S1A,copol,calibration,matched_10m,2024-03-13,2024-03-25,-0.281932629807919,0.17697499562482655,True,1.6899144649505615,-2.8719860315322876,3.33228370103233,0.791872287613284,True
S1_C__piolenc__o037_descending_S1A__2024-03-13__2024-03-25,S1_C,piolenc,o037_descending_S1A,crosspol,calibration,matched_10m,2024-03-13,2024-03-25,0.23602475535200362,-0.4361704676107472,True,-4.230812191963196,5.535942316055298,6.967526758495881,0.8552446895621055,True
S1_C__piolenc__o037_descending_S1A__2024-04-06__2024-04-18,S1_C,piolenc,o037_descending_S1A,copol,calibration,matched_10m,2024-04-06,2024-04-18,0.2381668854427783,-0.022705135026702017,True,-2.601727545261383,2.5897517800331116,3.670940002500244,0.7253695826347872,True
S1_C__piolenc__o037_descending_S1A__2024-04-06__2024-04-18,S1_C,piolenc,o037_descending_S1A,crosspol,calibration,matched_10m,2024-04-06,2024-04-18,-0.009776450052424224,-0.10167139082484322,True,-1.4256854355335236,4.639953672885895,4.854044607090021,0.7763440476407533,True
S1_C__piolenc__o037_descending_S1A__2024-04-30__2024-05-12,S1_C,piolenc,o037_descending_S1A,copol,calibration,matched_10m,2024-04-30,2024-05-12,-0.018254510821841485,-0.15792415600889154,True,1.171581745147705,4.596574902534485,4.7435329260134,0.8265476835977476,True
S1_C__piolenc__o037_descending_S1A__2024-04-30__2024-05-12,S1_C,piolenc,o037_descending_S1A,crosspol,calibration,matched_10m,2024-04-30,2024-05-12,-0.33083990973477384,0.39585490275508395,True,2.8689998388290405,-4.101470708847046,5.0053193754975664,0.8613994282190525,True
S1_C__piolenc__o037_descending_S1A__2024-05-24__2024-06-05,S1_C,piolenc,o037_descending_S1A,copol,calibration,matched_10m,2024-05-24,2024-06-05,0.07966251941009883,0.001238589854316352,True,2.078801393508911,0.290452279150486,2.098994464051371,0.7861895509159563,True
S1_C__piolenc__o037_descending_S1A__2024-05-24__2024-06-05,S1_C,piolenc,o037_descending_S1A,crosspol,calibration,matched_10m,2024-05-24,2024-06-05,-0.17807710056242598,-0.21547107123174492,True,-0.8192808926105499,1.348489671945572,1.5778610763754253,0.7646177119067169,True
S1_C__piolenc__o037_descending_S1A__2024-06-17__2024-06-29,S1_C,piolenc,o037_descending_S1A,copol,calibration,matched_10m,2024-06-17,2024-06-29,-0.10910922264177358,0.07653857607750503,True,1.0173924267292023,2.229408770799637,2.450581730382458,0.8936208602797372,True
S1_C__piolenc__o037_descending_S1A__2024-06-17__2024-06-29,S1_C,piolenc,o037_descending_S1A,crosspol,calibration,matched_10m,2024-06-17,2024-06-29,0.30996980593458456,-0.48052256783328584,True,-5.399119257926941,7.404537200927734,9.163932557654508,0.8817645831383965,True
S1_C__piolenc__o037_descending_S1A__2024-07-11__2024-07-23,S1_C,piolenc,o037_descending_S1A,copol,calibration,matched_10m,2024-07-11,2024-07-23,0.34353688447480657,-0.08727900104638131,True,0.7786500453948975,-0.4535025358200073,0.9010884768926151,0.7966402905309217,True
S1_C__piolenc__o037_descending_S1A__2024-07-11__2024-07-23,S1_C,piolenc,o037_descending_S1A,crosspol,calibration,matched_10m,2024-07-11,2024-07-23,0.09592022329122063,-0.21308698047070251,True,-1.1172524094581604,2.5277510285377502,2.763653055054798,0.8128999786579124,True
S1_C__piolenc__o037_descending_S1A__2024-08-04__2024-08-16,S1_C,piolenc,o037_descending_S1A,copol,calibration,matched_10m,2024-08-04,2024-08-16,0.08194258975245194,-0.16667298878715986,True,-2.973252832889557,4.212406277656555,5.156025509665961,0.6629634692759289,True
S1_C__piolenc__o037_descending_S1A__2024-08-04__2024-08-16,S1_C,piolenc,o037_descending_S1A,crosspol,calibration,matched_10m,2024-08-04,2024-08-16,-0.09066338391616657,-0.10399006856347093,True,-0.742553099989891,-0.9255801886320114,1.1866270652115882,0.6936922469727064,True
S1_C__piolenc__o037_descending_S1A__2024-08-28__2024-09-21,S1_C,piolenc,o037_descending_S1A,copol,calibration,matched_10m,2024-08-28,2024-09-21,-0.2111467897367083,0.11386735680926563,True,0.4477476701140404,-0.8132153004407883,0.9283302757981952,0.877244309421551,True
S1_C__piolenc__o037_descending_S1A__2024-08-28__2024-09-21,S1_C,piolenc,o037_descending_S1A,crosspol,calibration,matched_10m,2024-08-28,2024-09-21,0.2122932932441346,-0.1195192676922554,True,-3.631536364555359,-1.1923806369304657,3.822280464646028,0.836905339865017,True
S1_C__piolenc__o037_descending_S1A__2024-10-03__2024-10-15,S1_C,piolenc,o037_descending_S1A,copol,calibration,matched_10m,2024-10-03,2024-10-15,0.5588318715919245,0.22837384259198856,True,-10.171219110488892,-2.612243890762329,10.501310220082042,0.6964752701992529,True
S1_C__piolenc__o037_descending_S1A__2024-10-03__2024-10-15,S1_C,piolenc,o037_descending_S1A,crosspol,calibration,matched_10m,2024-10-03,2024-10-15,-0.23126819309677682,0.24772104931679362,True,-0.8546784520149231,-6.614441871643066,6.669431499736964,0.7546387010386862,True
S1_C__piolenc__o037_descending_S1A__2024-10-27__2024-11-08,S1_C,piolenc,o037_descending_S1A,copol,calibration,matched_10m,2024-10-27,2024-11-08,0.3165616288499482,0.10288114847210839,True,-2.0553718507289886,-2.5331971049308777,3.2621528194122495,0.7139034943607303,True
S1_C__piolenc__o037_descending_S1A__2024-10-27__2024-11-08,S1_C,piolenc,o037_descending_S1A,crosspol,calibration,matched_10m,2024-10-27,2024-11-08,0.2846682167028156,0.04596431309405613,True,-2.9120001196861267,2.837938964366913,4.066158169885176,0.848458325385445,True
S1_C__piolenc__o037_descending_S1A__2024-11-20__2024-12-14,S1_C,piolenc,o037_descending_S1A,copol,calibration,matched_10m,2024-11-20,2024-12-14,0.07916910422690293,-0.17283617041074706,True,-2.4525421857833862,1.389676034450531,2.818893870611894,0.7430924187378216,True
S1_C__piolenc__o037_descending_S1A__2024-11-20__2024-12-14,S1_C,piolenc,o037_descending_S1A,crosspol,calibration,matched_10m,2024-11-20,2024-12-14,-0.05700848120341284,-0.04752026174266355,True,-3.0419927835464478,-3.9970606565475464,5.022968642871361,0.7587094393875036,True
S1_C__piolenc__o037_descending_S1A__2024-12-26__2025-01-07,S1_C,piolenc,o037_descending_S1A,copol,calibration,matched_10m,2024-12-26,2025-01-07,0.22060562026814967,-0.1211359845239377,True,-5.062292814254761,1.1509212851524353,5.1914765088433485,0.656663430749331,True
S1_C__piolenc__o037_descending_S1A__2024-12-26__2025-01-07,S1_C,piolenc,o037_descending_S1A,crosspol,calibration,matched_10m,2024-12-26,2025-01-07,0.39875010273927547,0.20002828073471424,True,-3.36709201335907,-7.670388221740723,8.376882719642508,0.784087292417835,True
S1_C__piolenc__o037_descending_S1A__2025-01-19__2025-01-31,S1_C,piolenc,o037_descending_S1A,copol,calibration,matched_10m,2025-01-19,2025-01-31,0.15070825355104933,-0.22247228284893517,True,-4.899091124534607,3.4587791562080383,5.997019851385598,0.7266811561314463,True
S1_C__piolenc__o037_descending_S1A__2025-01-19__2025-01-31,S1_C,piolenc,o037_descending_S1A,crosspol,calibration,matched_10m,2025-01-19,2025-01-31,-0.12652671201887333,0.3920264715473394,True,0.8143512159585953,-3.4921500086784363,3.5858443337721795,0.8246766851193338,True
S1_C__piolenc__o037_descending_S1C__2025-04-07__2025-05-01,S1_C,piolenc,o037_descending_S1C,copol,calibration,matched_10m,2025-04-07,2025-05-01,0.38314527525606934,-0.11186160523121824,True,-3.765590786933899,5.746696591377258,6.870530961140373,0.7527082501360611,True
S1_C__piolenc__o037_descending_S1C__2025-04-07__2025-05-01,S1_C,piolenc,o037_descending_S1C,crosspol,calibration,matched_10m,2025-04-07,2025-05-01,0.2602759081215371,0.30499276702371514,True,0.11205282062292099,-2.980073392391205,2.9821792800982934,0.8096122461435342,True
S1_C__piolenc__o037_descending_S1C__2025-05-13__2025-05-25,S1_C,piolenc,o037_descending_S1C,copol,calibration,matched_10m,2025-05-13,2025-05-25,-0.05985797398526316,0.06602601719515189,True,1.6683530807495117,1.4958266913890839,2.240736372873525,0.8149381346548982,True
S1_C__piolenc__o037_descending_S1C__2025-05-13__2025-05-25,S1_C,piolenc,o037_descending_S1C,crosspol,calibration,matched_10m,2025-05-13,2025-05-25,0.19749660142041225,0.1775515098792475,True,-3.0867785215377808,-1.6423586010932922,3.4965044566841446,0.863468890493868,True
S1_C__piolenc__o037_descending_S1C__2025-06-06__2025-06-18,S1_C,piolenc,o037_descending_S1C,copol,calibration,matched_10m,2025-06-06,2025-06-18,-0.18354864861258324,0.7872114757600475,True,7.861073017120361,-8.241233229637146,11.389222718244355,0.7488420362920148,True
S1_C__piolenc__o037_descending_S1C__2025-06-06__2025-06-18,S1_C,piolenc,o037_descending_S1C,crosspol,calibration,matched_10m,2025-06-06,2025-06-18,-0.1267020385629456,-0.1885777527126864,True,1.7317099869251251,6.136299967765808,6.375970261318576,0.8030704583516225,True
S1_C__piolenc__o037_descending_S1C__2025-06-30__2025-07-12,S1_C,piolenc,o037_descending_S1C,copol,calibration,matched_10m,2025-06-30,2025-07-12,0.2955718489849781,-0.05319825172888226,True,-3.261752426624298,-0.03499084152281284,3.261940105455643,0.8391599885171014,True
S1_C__piolenc__o037_descending_S1C__2025-06-30__2025-07-12,S1_C,piolenc,o037_descending_S1C,crosspol,calibration,matched_10m,2025-06-30,2025-07-12,0.41405450277910294,0.5989348757539741,True,-2.2955702245235443,-6.508142352104187,6.901127410138962,0.8097366123440826,True
S1_C__piolenc__o037_descending_S1C__2025-07-24__2025-08-05,S1_C,piolenc,o037_descending_S1C,copol,calibration,matched_10m,2025-07-24,2025-08-05,-0.12810662983139665,0.28200923983490433,True,-2.9240405559539795,-3.3101093769073486,4.416654532556697,0.7279378803510477,True
S1_C__piolenc__o037_descending_S1C__2025-07-24__2025-08-05,S1_C,piolenc,o037_descending_S1C,crosspol,calibration,matched_10m,2025-07-24,2025-08-05,-0.10229239479637897,-0.593868772845001,True,-0.21338950842618942,2.5610601902008057,2.569934703477456,0.814001832068224,True
S1_C__piolenc__o037_descending_S1C__2025-08-17__2025-08-29,S1_C,piolenc,o037_descending_S1C,copol,calibration,matched_10m,2025-08-17,2025-08-29,-0.4675792481475014,0.2481098847799812,True,-1.0137809067964554,-6.879172325134277,6.953471334943316,0.6907283315781997,True
S1_C__piolenc__o037_descending_S1C__2025-08-17__2025-08-29,S1_C,piolenc,o037_descending_S1C,crosspol,calibration,matched_10m,2025-08-17,2025-08-29,0.04513644669353134,0.19059324630173258,True,-2.3376470804214478,-4.424915015697479,5.004444701337796,0.7205537243020644,True
S1_C__piolenc__o037_descending_S1C__2025-09-10__2025-09-22,S1_C,piolenc,o037_descending_S1C,copol,calibration,matched_10m,2025-09-10,2025-09-22,-0.01079409739926529,-0.10131637431567952,True,-1.2360663712024689,-2.5698846578598022,2.8516955007014393,0.8001863435984388,True
S1_C__piolenc__o037_descending_S1C__2025-09-10__2025-09-22,S1_C,piolenc,o037_descending_S1C,crosspol,calibration,matched_10m,2025-09-10,2025-09-22,0.5496053820882105,-0.4438356346646328,True,-4.920329451560974,1.7507533729076385,5.222526140159165,0.8451918720549763,True
S1_C__piolenc__o037_descending_S1C__2025-10-04__2025-10-16,S1_C,piolenc,o037_descending_S1C,copol,calibration,matched_10m,2025-10-04,2025-10-16,0.1160484156573478,-0.11537188862552394,True,3.4064170718193054,2.0460380613803864,3.973656881991602,0.7898793241884714,True
S1_C__piolenc__o037_descending_S1C__2025-10-04__2025-10-16,S1_C,piolenc,o037_descending_S1C,crosspol,calibration,matched_10m,2025-10-04,2025-10-16,0.3365578131115674,0.06991201223138876,True,-2.227621078491211,3.197961747646332,3.897339478252764,0.7768727624046375,True
S1_C__piolenc__o037_descending_S1C__2025-10-28__2025-11-09,S1_C,piolenc,o037_descending_S1C,copol,calibration,matched_10m,2025-10-28,2025-11-09,-0.05749488851192108,0.1659434647078939,True,1.5813758969306946,-0.6463490426540375,1.7083667089747299,0.82953442781004,True
S1_C__piolenc__o037_descending_S1C__2025-10-28__2025-11-09,S1_C,piolenc,o037_descending_S1C,crosspol,calibration,matched_10m,2025-10-28,2025-11-09,-0.016216561704132992,-0.26042575955661107,True,2.6252910494804382,1.570856124162674,3.0593695522609683,0.8803769849257883,True
S1_C__piolenc__o037_descending_S1C__2025-11-21__2025-12-03,S1_C,piolenc,o037_descending_S1C,copol,calibration,matched_10m,2025-11-21,2025-12-03,-0.24896388016599325,-0.08574160435132328,True,-0.05568305961787701,0.20999310538172722,0.21725033356998383,0.6836659197011201,True
S1_C__piolenc__o037_descending_S1C__2025-11-21__2025-12-03,S1_C,piolenc,o037_descending_S1C,crosspol,calibration,matched_10m,2025-11-21,2025-12-03,0.08891636562307692,0.25781647369829663,True,-0.7448595017194748,-4.427052140235901,4.48927681588795,0.8145756015522759,True
S1_C__piolenc__o037_descending_S1C__2025-12-15__2025-12-27,S1_C,piolenc,o037_descending_S1C,copol,calibration,matched_10m,2025-12-15,2025-12-27,-0.054743821994429176,-0.11600295372308711,True,2.555895149707794,-3.594812750816345,4.410813839840853,0.6958960501004606,True
S1_C__piolenc__o037_descending_S1C__2025-12-15__2025-12-27,S1_C,piolenc,o037_descending_S1C,crosspol,calibration,matched_10m,2025-12-15,2025-12-27,-0.0009631200688176023,0.21356553653879473,True,4.206362962722778,2.28602796792984,4.787422400867024,0.7887806871913038,True
S1_C__piolenc__o037_descending_S1C__2026-01-08__2026-01-20,S1_C,piolenc,o037_descending_S1C,copol,calibration,matched_10m,2026-01-08,2026-01-20,-0.02348968603419177,0.08390759748173604,True,5.514425039291382,-0.7712902128696442,5.56810309768347,0.7082170164693056,True
S1_C__piolenc__o037_descending_S1C__2026-01-08__2026-01-20,S1_C,piolenc,o037_descending_S1C,crosspol,calibration,matched_10m,2026-01-08,2026-01-20,0.16711407346546103,0.5648621266433107,True,0.2500472962856293,-0.7916548848152161,0.8302054607333935,0.8064693412199737,True
S1_C__piolenc__o037_descending_S1D__2026-05-21__2026-06-02,S1_C,piolenc,o037_descending_S1D,copol,calibration,matched_10m,2026-05-21,2026-06-02,-0.12921869660958674,0.4142197956456739,True,-0.33194106072187424,-2.6249098777770996,2.645814947090017,0.7413817011817736,True
S1_C__piolenc__o037_descending_S1D__2026-05-21__2026-06-02,S1_C,piolenc,o037_descending_S1D,crosspol,calibration,matched_10m,2026-05-21,2026-06-02,0.2398583674189343,0.02834683889464973,True,-0.04083969630300999,-4.027965664863586,4.028172697156128,0.8241480612951384,True
S1_C__piolenc__o037_descending_S1D__2026-06-14__2026-06-26,S1_C,piolenc,o037_descending_S1D,copol,calibration,matched_10m,2026-06-14,2026-06-26,0.0385945540066448,-0.3786953011664105,True,-3.2214638590812683,2.5818967819213867,4.128440430460731,0.7564750143980172,True
S1_C__piolenc__o037_descending_S1D__2026-06-14__2026-06-26,S1_C,piolenc,o037_descending_S1D,crosspol,calibration,matched_10m,2026-06-14,2026-06-26,0.2862374475495004,0.464055398651789,True,-3.564680516719818,-6.704210042953491,7.5929822524697315,0.7703879136552156,True
S1_C__piolenc__o037_descending_S1D__2026-07-08__2026-07-20,S1_C,piolenc,o037_descending_S1D,copol,calibration,matched_10m,2026-07-08,2026-07-20,-0.2040864494556125,0.3190140475352319,True,1.0932877659797668,-1.7505145072937012,2.063874797434849,0.8250317376616029,True
S1_C__piolenc__o037_descending_S1D__2026-07-08__2026-07-20,S1_C,piolenc,o037_descending_S1D,crosspol,calibration,matched_10m,2026-07-08,2026-07-20,-0.1673520123336507,0.29311691493859104,True,1.7429035902023315,-2.6044246554374695,3.133806106093796,0.8950776266446312,True
S1_C__piolenc__o059_ascending_S1A__2023-01-07__2023-01-19,S1_C,piolenc,o059_ascending_S1A,copol,calibration,matched_10m,2023-01-07,2023-01-19,0.23931573987835275,0.18160649873505008,True,1.0528980195522308,-0.20847313106060028,1.0733383837128065,0.902360622918783,True
S1_C__piolenc__o059_ascending_S1A__2023-01-07__2023-01-19,S1_C,piolenc,o059_ascending_S1A,crosspol,calibration,matched_10m,2023-01-07,2023-01-19,0.09326093466810104,0.13239942796109094,True,1.123405173420906,0.6416444480419159,1.293733659364195,0.8645033196140144,True
S1_C__piolenc__o059_ascending_S1A__2023-01-31__2023-02-12,S1_C,piolenc,o059_ascending_S1A,copol,calibration,matched_10m,2023-01-31,2023-02-12,-0.21916809981960572,0.22439565397755867,True,-0.24065490812063217,-5.994916558265686,5.999744938359517,0.8957522789670425,True
S1_C__piolenc__o059_ascending_S1A__2023-01-31__2023-02-12,S1_C,piolenc,o059_ascending_S1A,crosspol,calibration,matched_10m,2023-01-31,2023-02-12,-0.06941340984206246,-0.003198831053604856,True,-1.4529010653495789,-2.413143515586853,2.8167682070970654,0.854602648779364,True
S1_C__piolenc__o059_ascending_S1A__2023-02-24__2023-03-08,S1_C,piolenc,o059_ascending_S1A,copol,calibration,matched_10m,2023-02-24,2023-03-08,0.1733472863701282,0.20797082892965157,True,-0.09518176317214966,-0.5685660615563393,0.576478043288941,0.9340838260702399,True
S1_C__piolenc__o059_ascending_S1A__2023-02-24__2023-03-08,S1_C,piolenc,o059_ascending_S1A,crosspol,calibration,matched_10m,2023-02-24,2023-03-08,0.2169513307490858,0.05282337700930473,True,-1.690196543931961,1.3751140236854553,2.1789224252496804,0.8799447252273865,True
S1_C__piolenc__o059_ascending_S1A__2023-03-20__2023-04-01,S1_C,piolenc,o059_ascending_S1A,copol,calibration,matched_10m,2023-03-20,2023-04-01,-0.3051143580790061,0.004751106895986901,True,1.069721281528473,-2.659696638584137,2.8667559766137534,0.9097149702481111,True
S1_C__piolenc__o059_ascending_S1A__2023-03-20__2023-04-01,S1_C,piolenc,o059_ascending_S1A,crosspol,calibration,matched_10m,2023-03-20,2023-04-01,-0.2558457565000527,0.12311611564039193,True,0.542512983083725,-4.095804691314697,4.131577955964269,0.869494296967657,True
S1_C__piolenc__o059_ascending_S1A__2023-04-13__2023-04-25,S1_C,piolenc,o059_ascending_S1A,copol,calibration,matched_10m,2023-04-13,2023-04-25,0.27931350461128623,0.11047595290724477,True,-4.20164555311203,2.963102161884308,5.141381115590397,0.9017204544424111,True
S1_C__piolenc__o059_ascending_S1A__2023-04-13__2023-04-25,S1_C,piolenc,o059_ascending_S1A,crosspol,calibration,matched_10m,2023-04-13,2023-04-25,-0.12877161505485546,0.21134755032689867,True,1.3674625754356384,1.0246805846691132,1.7087785683975865,0.8529587731741854,True
S1_C__piolenc__o059_ascending_S1A__2023-05-07__2023-05-19,S1_C,piolenc,o059_ascending_S1A,copol,calibration,matched_10m,2023-05-07,2023-05-19,-0.0037318607097587275,0.1892572268124768,True,0.39719849824905396,-1.5422719717025757,1.5925983428694928,0.911987056640942,True
S1_C__piolenc__o059_ascending_S1A__2023-05-07__2023-05-19,S1_C,piolenc,o059_ascending_S1A,crosspol,calibration,matched_10m,2023-05-07,2023-05-19,0.007041155325739901,-0.12407868028504598,True,-2.447725832462311,-0.5000440031290054,2.498280559898866,0.8430077753575508,True
S1_C__piolenc__o059_ascending_S1A__2023-06-12__2023-06-24,S1_C,piolenc,o059_ascending_S1A,copol,calibration,matched_10m,2023-06-12,2023-06-24,-0.2255918855509389,-0.030781660023099455,True,2.09859237074852,0.38691088557243347,2.133961098974941,0.8463932940477465,True
S1_C__piolenc__o059_ascending_S1A__2023-06-12__2023-06-24,S1_C,piolenc,o059_ascending_S1A,crosspol,calibration,matched_10m,2023-06-12,2023-06-24,-0.008032625269778215,0.278325193971237,True,-1.2891378998756409,-0.5079274624586105,1.3855925923645165,0.7532638532187219,True
S1_C__piolenc__o059_ascending_S1A__2023-07-06__2023-07-30,S1_C,piolenc,o059_ascending_S1A,copol,calibration,matched_10m,2023-07-06,2023-07-30,-0.20033594288290413,0.019608250948175865,True,0.5491561070084572,0.8738140016794205,1.032048128429913,0.9226876909120368,True
S1_C__piolenc__o059_ascending_S1A__2023-07-06__2023-07-30,S1_C,piolenc,o059_ascending_S1A,crosspol,calibration,matched_10m,2023-07-06,2023-07-30,-0.4472483829702245,-0.1817288625029283,True,4.962815940380096,2.577168047428131,5.592078075525708,0.8502443322406601,True
S1_C__piolenc__o059_ascending_S1A__2023-08-11__2023-08-23,S1_C,piolenc,o059_ascending_S1A,copol,calibration,matched_10m,2023-08-11,2023-08-23,-0.1660790036691031,0.29461093349327516,True,-2.4097630381584167,-2.4411481618881226,3.4301839962841996,0.9332941960686651,True
S1_C__piolenc__o059_ascending_S1A__2023-08-11__2023-08-23,S1_C,piolenc,o059_ascending_S1A,crosspol,calibration,matched_10m,2023-08-11,2023-08-23,0.13085154556842404,-0.13058237536633843,True,-7.168489694595337,3.099971115589142,7.810061806349968,0.8188027405270258,True
S1_C__piolenc__o059_ascending_S1A__2023-09-04__2023-09-16,S1_C,piolenc,o059_ascending_S1A,copol,calibration,matched_10m,2023-09-04,2023-09-16,-0.0388698506343097,-0.36357986227225414,True,-0.7406789064407349,4.4826048612594604,4.543385476121654,0.9367926128386116,True
S1_C__piolenc__o059_ascending_S1A__2023-09-04__2023-09-16,S1_C,piolenc,o059_ascending_S1A,crosspol,calibration,matched_10m,2023-09-04,2023-09-16,0.2362772387387828,0.31033027374184297,True,-2.4619539082050323,-0.8629448711872101,2.6088102454633115,0.8691636200943968,True
S1_C__piolenc__o059_ascending_S1A__2023-09-28__2023-10-10,S1_C,piolenc,o059_ascending_S1A,copol,calibration,matched_10m,2023-09-28,2023-10-10,0.12589770353356133,0.10855116415491395,True,0.03318042494356632,-0.08050695061683655,0.0870764589143208,0.9608771336264892,True
S1_C__piolenc__o059_ascending_S1A__2023-09-28__2023-10-10,S1_C,piolenc,o059_ascending_S1A,crosspol,calibration,matched_10m,2023-09-28,2023-10-10,0.20208303929596383,-0.32671398124159357,True,-0.6667084991931915,3.1947752833366394,3.263600670105818,0.8828082124736052,True
S1_C__piolenc__o059_ascending_S1A__2023-10-22__2023-11-03,S1_C,piolenc,o059_ascending_S1A,copol,calibration,matched_10m,2023-10-22,2023-11-03,0.060620807192978354,0.018040889079335543,True,-1.475795954465866,-0.6569242477416992,1.6154018591325237,0.9424731527053374,True
S1_C__piolenc__o059_ascending_S1A__2023-10-22__2023-11-03,S1_C,piolenc,o059_ascending_S1A,crosspol,calibration,matched_10m,2023-10-22,2023-11-03,-0.07530951454969514,0.03529963271382375,True,0.8109954744577408,1.1145254969596863,1.3783616154566158,0.8802156234375309,True
S1_C__piolenc__o059_ascending_S1A__2023-11-15__2023-11-27,S1_C,piolenc,o059_ascending_S1A,copol,calibration,matched_10m,2023-11-15,2023-11-27,0.0004597978426810201,-0.037043204480494474,True,1.9552244246006012,-1.2662772834300995,2.3294550240530216,0.9076102529998072,True
S1_C__piolenc__o059_ascending_S1A__2023-11-15__2023-11-27,S1_C,piolenc,o059_ascending_S1A,crosspol,calibration,matched_10m,2023-11-15,2023-11-27,0.02356012147782316,-0.2327716983459247,True,-0.18361257389187813,2.0064732432365417,2.014856931177836,0.8115278456815641,True
S1_C__piolenc__o059_ascending_S1A__2023-12-09__2023-12-21,S1_C,piolenc,o059_ascending_S1A,copol,calibration,matched_10m,2023-12-09,2023-12-21,0.18021721029771687,0.11330581302243203,True,-1.4752984046936035,-0.6587167084217072,1.6156772836322915,0.9419036371204127,True
S1_C__piolenc__o059_ascending_S1A__2023-12-09__2023-12-21,S1_C,piolenc,o059_ascending_S1A,crosspol,calibration,matched_10m,2023-12-09,2023-12-21,0.06746202398641632,0.13595652403920688,True,1.1035982519388199,-0.3290356695652008,1.151604781827793,0.8377924072276015,True
S1_C__piolenc__o059_ascending_S1A__2024-01-02__2024-01-14,S1_C,piolenc,o059_ascending_S1A,copol,calibration,matched_10m,2024-01-02,2024-01-14,0.05728768003986495,-0.10331151070342148,True,0.5045013129711151,2.0308299362659454,2.0925562847444565,0.9343096238718458,True
S1_C__piolenc__o059_ascending_S1A__2024-01-02__2024-01-14,S1_C,piolenc,o059_ascending_S1A,crosspol,calibration,matched_10m,2024-01-02,2024-01-14,-0.0020974042527317494,-0.13701508632316628,True,-1.397034376859665,0.3314622491598129,1.4358176321336056,0.8576815951702544,True
S1_C__piolenc__o059_ascending_S1A__2024-01-26__2024-02-07,S1_C,piolenc,o059_ascending_S1A,copol,calibration,matched_10m,2024-01-26,2024-02-07,-0.19721808683103692,-0.0253094058153831,True,2.3417288064956665,-1.3395683467388153,2.6978022831104918,0.9267737735507812,True
S1_C__piolenc__o059_ascending_S1A__2024-01-26__2024-02-07,S1_C,piolenc,o059_ascending_S1A,crosspol,calibration,matched_10m,2024-01-26,2024-02-07,-0.3654032353204322,0.12660688525018138,True,4.043758809566498,-2.050997316837311,4.534156515121694,0.8458198898443943,True
S1_C__piolenc__o059_ascending_S1A__2024-02-19__2024-03-02,S1_C,piolenc,o059_ascending_S1A,copol,calibration,matched_10m,2024-02-19,2024-03-02,0.07429985500897729,-0.14102259883394996,True,-0.11348586529493332,-1.9264891743659973,1.9298288992993968,0.9022510672167877,True
S1_C__piolenc__o059_ascending_S1A__2024-02-19__2024-03-02,S1_C,piolenc,o059_ascending_S1A,crosspol,calibration,matched_10m,2024-02-19,2024-03-02,0.04667857895913752,-0.14011432234412435,True,-1.0958101600408554,-2.0651116967201233,2.3378379385190566,0.8333129767000341,True
S1_C__piolenc__o059_ascending_S1A__2024-03-14__2024-03-26,S1_C,piolenc,o059_ascending_S1A,copol,calibration,matched_10m,2024-03-14,2024-03-26,0.4241628556075465,-0.04515287319574135,True,-0.9782195091247559,-0.553811714053154,1.1241089015992938,0.8942745864881312,True
S1_C__piolenc__o059_ascending_S1A__2024-03-14__2024-03-26,S1_C,piolenc,o059_ascending_S1A,crosspol,calibration,matched_10m,2024-03-14,2024-03-26,-0.05452249577211177,0.10926052328963376,True,3.483826220035553,-0.3811017796397209,3.5046089222410783,0.8182516093642982,True
S1_C__piolenc__o059_ascending_S1A__2024-04-07__2024-04-19,S1_C,piolenc,o059_ascending_S1A,copol,calibration,matched_10m,2024-04-07,2024-04-19,0.16710874983526747,-0.025912696743294106,True,-0.11170848272740841,3.2558968663215637,3.257812638755617,0.9351607471035038,True
S1_C__piolenc__o059_ascending_S1A__2024-04-07__2024-04-19,S1_C,piolenc,o059_ascending_S1A,crosspol,calibration,matched_10m,2024-04-07,2024-04-19,-0.18102859652088465,0.22659879632294722,True,0.17924223095178604,-1.3690008223056793,1.380684985371464,0.8457450947061957,True
S1_C__piolenc__o059_ascending_S1A__2024-05-01__2024-05-13,S1_C,piolenc,o059_ascending_S1A,copol,calibration,matched_10m,2024-05-01,2024-05-13,0.34510305095185334,-0.09291726668385447,True,-1.6248707473278046,-0.019654547795653343,1.624989614357787,0.9101552883703179,True
S1_C__piolenc__o059_ascending_S1A__2024-05-01__2024-05-13,S1_C,piolenc,o059_ascending_S1A,crosspol,calibration,matched_10m,2024-05-01,2024-05-13,0.7003160372903388,0.3113355614563895,True,-5.00399112701416,-5.2239954471588135,7.233951591707845,0.8086111531817669,True
S1_C__piolenc__o059_ascending_S1A__2024-05-25__2024-06-06,S1_C,piolenc,o059_ascending_S1A,copol,calibration,matched_10m,2024-05-25,2024-06-06,-0.11909872883233241,0.14019428388156108,True,0.009062231983989477,0.401291623711586,0.4013939353174295,0.9319626044967868,True
S1_C__piolenc__o059_ascending_S1A__2024-05-25__2024-06-06,S1_C,piolenc,o059_ascending_S1A,crosspol,calibration,matched_10m,2024-05-25,2024-06-06,-0.08210016753151894,-0.06935438845824482,True,-0.49866892397403717,2.095753997564316,2.1542644949133414,0.8628260631659954,True
S1_C__piolenc__o059_ascending_S1A__2024-06-18__2024-06-30,S1_C,piolenc,o059_ascending_S1A,copol,calibration,matched_10m,2024-06-18,2024-06-30,-0.012112238196756664,0.19462442879013153,True,0.4451211541891098,0.8084030449390411,0.922847942498307,0.9057779211710154,True
S1_C__piolenc__o059_ascending_S1A__2024-06-18__2024-06-30,S1_C,piolenc,o059_ascending_S1A,crosspol,calibration,matched_10m,2024-06-18,2024-06-30,0.0516975393785879,0.6103670356426747,True,2.4304956197738647,-5.331694483757019,5.859545633055943,0.8284334535431533,True
S1_C__piolenc__o059_ascending_S1A__2024-07-12__2024-07-24,S1_C,piolenc,o059_ascending_S1A,copol,calibration,matched_10m,2024-07-12,2024-07-24,-0.1601754631038217,-0.09781662862702412,True,1.55052050948143,0.12564023956656456,1.5556025585350832,0.8880159564626761,True
S1_C__piolenc__o059_ascending_S1A__2024-07-12__2024-07-24,S1_C,piolenc,o059_ascending_S1A,crosspol,calibration,matched_10m,2024-07-12,2024-07-24,0.157014762388612,-0.37824360754316455,True,-2.398500442504883,4.312098026275635,4.9342672972698125,0.819826397035946,True
S1_C__piolenc__o059_ascending_S1A__2024-08-05__2024-08-17,S1_C,piolenc,o059_ascending_S1A,copol,calibration,matched_10m,2024-08-05,2024-08-17,-0.09361837081228597,-0.14605166891632226,True,-1.7932642996311188,1.6650272905826569,2.447062060250314,0.9246827437230589,True
S1_C__piolenc__o059_ascending_S1A__2024-08-05__2024-08-17,S1_C,piolenc,o059_ascending_S1A,crosspol,calibration,matched_10m,2024-08-05,2024-08-17,-0.1185500391737353,0.008492690762681221,True,-1.0595346987247467,0.14200791716575623,1.0690088990927513,0.8143157152890845,True
S1_C__piolenc__o059_ascending_S1A__2024-08-29__2024-09-10,S1_C,piolenc,o059_ascending_S1A,copol,calibration,matched_10m,2024-08-29,2024-09-10,-0.3369036942792425,0.1986913388471212,True,2.221980094909668,2.6585009694099426,3.4647976775748943,0.9150076506982454,True
S1_C__piolenc__o059_ascending_S1A__2024-08-29__2024-09-10,S1_C,piolenc,o059_ascending_S1A,crosspol,calibration,matched_10m,2024-08-29,2024-09-10,-0.04214205826632167,-0.06788770660419363,True,2.745625376701355,1.7860391736030579,3.2754228183291314,0.8297673594085235,True
S1_C__piolenc__o059_ascending_S1A__2024-09-22__2024-10-04,S1_C,piolenc,o059_ascending_S1A,copol,calibration,matched_10m,2024-09-22,2024-10-04,0.610525968972671,-0.47028302970615954,True,-2.3759911954402924,6.307108402252197,6.7398034510340175,0.891055171696381,True
S1_C__piolenc__o059_ascending_S1A__2024-09-22__2024-10-04,S1_C,piolenc,o059_ascending_S1A,crosspol,calibration,matched_10m,2024-09-22,2024-10-04,0.35201645007304094,0.18919926777457885,True,-1.7654882371425629,0.7475560158491135,1.9172346523889439,0.8120226526438206,True
S1_C__piolenc__o059_ascending_S1A__2024-10-16__2024-10-28,S1_C,piolenc,o059_ascending_S1A,copol,calibration,matched_10m,2024-10-16,2024-10-28,0.12105822432109736,-0.10824653714736598,True,-1.115332767367363,0.9931878000497818,1.493448756446322,0.9040442621379737,True
S1_C__piolenc__o059_ascending_S1A__2024-10-16__2024-10-28,S1_C,piolenc,o059_ascending_S1A,crosspol,calibration,matched_10m,2024-10-16,2024-10-28,0.24074542490634965,0.0980371183638189,True,-2.5472980737686157,-0.8488228172063828,2.6850004937868226,0.8447733919157931,True
S1_C__piolenc__o059_ascending_S1A__2024-11-09__2024-11-21,S1_C,piolenc,o059_ascending_S1A,copol,calibration,matched_10m,2024-11-09,2024-11-21,-0.1530058421843128,0.07618645412074354,True,2.835271656513214,-2.2995664179325104,3.650585032116105,0.9194347129435526,True
S1_C__piolenc__o059_ascending_S1A__2024-11-09__2024-11-21,S1_C,piolenc,o059_ascending_S1A,crosspol,calibration,matched_10m,2024-11-09,2024-11-21,0.09779435848667184,-0.15687104526036322,True,0.2032746747136116,0.813491940498352,0.8385044607130596,0.8222529634450595,True
S1_C__piolenc__o059_ascending_S1A__2024-12-03__2024-12-15,S1_C,piolenc,o059_ascending_S1A,copol,calibration,matched_10m,2024-12-03,2024-12-15,-0.11788528770706375,0.2854161390296577,True,0.16185682266950607,-3.4362000226974487,3.4400099167052725,0.9163447949017149,True
S1_C__piolenc__o059_ascending_S1A__2024-12-03__2024-12-15,S1_C,piolenc,o059_ascending_S1A,crosspol,calibration,matched_10m,2024-12-03,2024-12-15,0.08709466213895123,0.21487582089842405,True,-2.7662941813468933,-2.8400272130966187,3.9646107083650755,0.8397433201441022,True
S1_C__piolenc__o059_ascending_S1A__2024-12-27__2025-01-08,S1_C,piolenc,o059_ascending_S1A,copol,calibration,matched_10m,2024-12-27,2025-01-08,-0.09143972222233554,-0.34945587114469046,True,1.157834753394127,0.9736999869346619,1.512836071993195,0.8898209878171184,True
S1_C__piolenc__o059_ascending_S1A__2024-12-27__2025-01-08,S1_C,piolenc,o059_ascending_S1A,crosspol,calibration,matched_10m,2024-12-27,2025-01-08,-0.04226405597260463,0.0411420609826223,True,2.008853256702423,-1.8659184873104095,2.74174090830091,0.8457270947706247,True
S1_C__piolenc__o059_ascending_S1C__2025-05-02__2025-05-14,S1_C,piolenc,o059_ascending_S1C,copol,calibration,matched_10m,2025-05-02,2025-05-14,-0.03418454147238137,0.14693646900130197,True,-1.8294480443000793,-1.6646124422550201,2.4734216643555964,0.936261049442116,True
S1_C__piolenc__o059_ascending_S1C__2025-05-02__2025-05-14,S1_C,piolenc,o059_ascending_S1C,crosspol,calibration,matched_10m,2025-05-02,2025-05-14,-0.22561094158710393,0.15654543218234807,True,2.630816102027893,0.03297941293567419,2.631022805748141,0.8046148443505349,True
S1_C__piolenc__o059_ascending_S1C__2025-05-26__2025-06-07,S1_C,piolenc,o059_ascending_S1C,copol,calibration,matched_10m,2025-05-26,2025-06-07,-0.21466575478309124,0.09973849665236045,True,2.1397534012794495,-3.560754358768463,4.154216679685303,0.9068715883037486,True
S1_C__piolenc__o059_ascending_S1C__2025-05-26__2025-06-07,S1_C,piolenc,o059_ascending_S1C,crosspol,calibration,matched_10m,2025-05-26,2025-06-07,0.10257919517365544,-0.029389956462088307,True,-2.6013770699501038,-1.431008130311966,2.9689976303596364,0.8617349231963705,True
S1_C__piolenc__o059_ascending_S1C__2025-06-19__2025-07-01,S1_C,piolenc,o059_ascending_S1C,copol,calibration,matched_10m,2025-06-19,2025-07-01,0.09451807690177816,-0.008603799386521338,True,-0.9324348717927933,3.859297037124634,3.9703410950312845,0.9233232314475007,True
S1_C__piolenc__o059_ascending_S1C__2025-06-19__2025-07-01,S1_C,piolenc,o059_ascending_S1C,crosspol,calibration,matched_10m,2025-06-19,2025-07-01,0.24583603978806234,-0.3389345758586071,True,-2.3016315698623657,4.654785692691803,5.192738942819618,0.8665833711620844,True
S1_C__piolenc__o059_ascending_S1C__2025-07-13__2025-07-25,S1_C,piolenc,o059_ascending_S1C,copol,calibration,matched_10m,2025-07-13,2025-07-25,0.09419456729609976,-0.059538489386946836,True,-2.3319265246391296,3.2129815220832825,3.9700291658329334,0.8900826530222224,True
S1_C__piolenc__o059_ascending_S1C__2025-07-13__2025-07-25,S1_C,piolenc,o059_ascending_S1C,crosspol,calibration,matched_10m,2025-07-13,2025-07-25,-0.060616893972610164,0.13763568255945913,True,0.15353793278336525,-0.1997760683298111,0.2519610570717359,0.8271119890065849,True
S1_C__piolenc__o059_ascending_S1C__2025-08-06__2025-08-18,S1_C,piolenc,o059_ascending_S1C,copol,calibration,matched_10m,2025-08-06,2025-08-18,-0.03723453974303137,-0.15226766058625607,True,0.45851442962884903,0.4608393833041191,0.650083394174924,0.923407115021367,True
S1_C__piolenc__o059_ascending_S1C__2025-08-06__2025-08-18,S1_C,piolenc,o059_ascending_S1C,crosspol,calibration,matched_10m,2025-08-06,2025-08-18,0.04160543955685725,0.10881905568120853,True,0.8367154002189636,-2.1377500891685486,2.2956628900393277,0.8453275679063293,True
S1_C__piolenc__o059_ascending_S1C__2025-08-30__2025-09-11,S1_C,piolenc,o059_ascending_S1C,copol,calibration,matched_10m,2025-08-30,2025-09-11,0.0483646814555323,0.182113129252504,True,-1.8368284404277802,-3.324660062789917,3.7983290079552883,0.9318247056677003,True
S1_C__piolenc__o059_ascending_S1C__2025-08-30__2025-09-11,S1_C,piolenc,o059_ascending_S1C,crosspol,calibration,matched_10m,2025-08-30,2025-09-11,-0.18425347583421647,-0.17005953130032836,True,0.2530212327837944,0.5280594527721405,0.585548059429321,0.8769583205553547,True
S1_C__piolenc__o059_ascending_S1C__2025-09-23__2025-10-05,S1_C,piolenc,o059_ascending_S1C,copol,calibration,matched_10m,2025-09-23,2025-10-05,-0.09305184007220024,-0.15749013270280177,True,-0.1527753658592701,1.2089500576257706,1.2185649569254762,0.93368681106435,True
S1_C__piolenc__o059_ascending_S1C__2025-09-23__2025-10-05,S1_C,piolenc,o059_ascending_S1C,crosspol,calibration,matched_10m,2025-09-23,2025-10-05,-0.03566474960803134,0.020278640889580757,True,0.6810113787651062,1.7021754384040833,1.8333514996076676,0.8990476109907044,True
S1_C__piolenc__o059_ascending_S1C__2025-10-17__2025-10-29,S1_C,piolenc,o059_ascending_S1C,copol,calibration,matched_10m,2025-10-17,2025-10-29,-0.3742169772006223,0.2808097107364995,True,2.4772992730140686,-4.793151021003723,5.39548963470648,0.8893551496250742,True
S1_C__piolenc__o059_ascending_S1C__2025-10-17__2025-10-29,S1_C,piolenc,o059_ascending_S1C,crosspol,calibration,matched_10m,2025-10-17,2025-10-29,0.06080813637362148,0.17452656605878403,True,-0.4810021445155144,-4.642363488674164,4.6672156393296715,0.8066196216618058,True
S1_C__piolenc__o059_ascending_S1C__2025-11-10__2025-11-22,S1_C,piolenc,o059_ascending_S1C,copol,calibration,matched_10m,2025-11-10,2025-11-22,0.38005755552250786,0.24639839146560227,True,-1.6773414611816406,1.8442654609680176,2.492947947294234,0.8852439009394877,True
S1_C__piolenc__o059_ascending_S1C__2025-11-10__2025-11-22,S1_C,piolenc,o059_ascending_S1C,crosspol,calibration,matched_10m,2025-11-10,2025-11-22,-0.18331280822361862,-0.00017804667896026416,True,4.634994268417358,2.721637785434723,5.374986893320559,0.861384221063631,True
S1_C__piolenc__o059_ascending_S1C__2025-12-04__2025-12-16,S1_C,piolenc,o059_ascending_S1C,copol,calibration,matched_10m,2025-12-04,2025-12-16,-0.15666026077224693,0.20790366487605194,True,1.6852110624313354,-1.785876750946045,2.455461686630551,0.9173376775417064,True
S1_C__piolenc__o059_ascending_S1C__2025-12-04__2025-12-16,S1_C,piolenc,o059_ascending_S1C,crosspol,calibration,matched_10m,2025-12-04,2025-12-16,0.001710836486878975,-0.1392785941779522,True,-2.465221881866455,3.711497485637665,4.4556180842536195,0.8593674912096927,True
S1_C__piolenc__o059_ascending_S1C__2025-12-28__2026-01-09,S1_C,piolenc,o059_ascending_S1C,copol,calibration,matched_10m,2025-12-28,2026-01-09,-0.46324079900583826,0.048081954629942025,True,2.4118223786354065,-4.097641110420227,4.7547397253574735,0.8938082061826234,True
S1_C__piolenc__o059_ascending_S1C__2025-12-28__2026-01-09,S1_C,piolenc,o059_ascending_S1C,crosspol,calibration,matched_10m,2025-12-28,2026-01-09,0.12445793905819613,0.24768777681105014,True,-1.7662397027015686,-5.770148038864136,6.034418868276129,0.8537393872049329,True
S1_C__piolenc__o059_ascending_S1C__2026-01-21__2026-02-02,S1_C,piolenc,o059_ascending_S1C,copol,calibration,matched_10m,2026-01-21,2026-02-02,-0.02846988747338841,-0.18649513344057222,True,-2.676922082901001,1.1182327568531036,2.9010957130750317,0.9241951264986897,True
S1_C__piolenc__o059_ascending_S1C__2026-01-21__2026-02-02,S1_C,piolenc,o059_ascending_S1C,crosspol,calibration,matched_10m,2026-01-21,2026-02-02,-0.44358779482644106,0.0032572694233330424,True,2.63459712266922,-0.11390435509383678,2.6370582475338455,0.8518973938509253,True
S1_C__piolenc__o059_ascending_S1D__2026-05-22__2026-06-03,S1_C,piolenc,o059_ascending_S1D,copol,calibration,matched_10m,2026-05-22,2026-06-03,-0.02548095409699691,0.1477095790101144,True,0.41508547961711884,2.2352002561092377,2.2734150831512876,0.9178241796328267,True
S1_C__piolenc__o059_ascending_S1D__2026-05-22__2026-06-03,S1_C,piolenc,o059_ascending_S1D,crosspol,calibration,matched_10m,2026-05-22,2026-06-03,-0.029202009793294792,-0.12527718435695423,True,2.5896134972572327,0.7305306196212769,2.6906826366892624,0.8564980708980138,True
S1_C__piolenc__o059_ascending_S1D__2026-06-15__2026-06-27,S1_C,piolenc,o059_ascending_S1D,copol,calibration,matched_10m,2026-06-15,2026-06-27,-0.1299109656928703,0.043795423190079674,True,2.1442818641662598,-4.290356636047363,4.796363703626736,0.8607944269808979,True
S1_C__piolenc__o059_ascending_S1D__2026-06-15__2026-06-27,S1_C,piolenc,o059_ascending_S1D,crosspol,calibration,matched_10m,2026-06-15,2026-06-27,0.18490697185684368,-0.15908899977520985,True,-1.3982786238193512,-0.06314937956631184,1.3997038808154205,0.8278246475106341,True
S1_C__piolenc__o059_ascending_S1D__2026-07-09__2026-07-21,S1_C,piolenc,o059_ascending_S1D,copol,calibration,matched_10m,2026-07-09,2026-07-21,0.2221501360480902,-0.35733772341783165,True,-3.825560212135315,5.355119109153748,6.581201380439321,0.9268417023420423,True
S1_C__piolenc__o059_ascending_S1D__2026-07-09__2026-07-21,S1_C,piolenc,o059_ascending_S1D,crosspol,calibration,matched_10m,2026-07-09,2026-07-21,-0.26152631502042123,0.12502613478029012,True,0.7640770822763443,-2.0708344876766205,2.2072990878018373,0.8500011832151708,True
S1_C__piolenc__o139_descending_S1A__2023-01-01__2023-01-13,S1_C,piolenc,o139_descending_S1A,copol,calibration,matched_10m,2023-01-01,2023-01-13,0.2953296291220848,0.13501638054002107,True,-1.6515512764453888,0.12258999049663544,1.6560947812544904,0.8989064936755996,True
S1_C__piolenc__o139_descending_S1A__2023-01-01__2023-01-13,S1_C,piolenc,o139_descending_S1A,crosspol,calibration,matched_10m,2023-01-01,2023-01-13,0.03460870681489858,-0.08637755753298393,True,1.9071650505065918,2.356252670288086,3.0313701813063916,0.8978292399139879,True
S1_C__piolenc__o139_descending_S1A__2023-01-25__2023-02-06,S1_C,piolenc,o139_descending_S1A,copol,calibration,matched_10m,2023-01-25,2023-02-06,-0.12034709222209727,-0.09722376984805603,True,-2.723294198513031,1.8171031773090363,3.2738654903097846,0.8435140168601022,True
S1_C__piolenc__o139_descending_S1A__2023-01-25__2023-02-06,S1_C,piolenc,o139_descending_S1A,crosspol,calibration,matched_10m,2023-01-25,2023-02-06,-0.44563781682336234,-0.09474228535203277,True,3.482102155685425,0.37252094596624374,3.5019719127675293,0.8800986957449709,True
S1_C__piolenc__o139_descending_S1A__2023-02-18__2023-03-02,S1_C,piolenc,o139_descending_S1A,copol,calibration,matched_10m,2023-02-18,2023-03-02,0.19637574910059463,-0.3825092909178922,True,-2.4136346578598022,-3.4785279631614685,4.233885809999873,0.8205026440533271,True
S1_C__piolenc__o139_descending_S1A__2023-02-18__2023-03-02,S1_C,piolenc,o139_descending_S1A,crosspol,calibration,matched_10m,2023-02-18,2023-03-02,0.04654532950763013,-0.150367496929821,True,-0.7155983150005341,-2.0569640398025513,2.177884755783105,0.8678499581224856,True
S1_C__piolenc__o139_descending_S1A__2023-03-14__2023-03-26,S1_C,piolenc,o139_descending_S1A,copol,calibration,matched_10m,2023-03-14,2023-03-26,-0.1124918072215646,0.08843197333684039,True,0.8738209307193756,0.0012246065307408571,0.8738217888244897,0.8607333882156585,True
S1_C__piolenc__o139_descending_S1A__2023-03-14__2023-03-26,S1_C,piolenc,o139_descending_S1A,crosspol,calibration,matched_10m,2023-03-14,2023-03-26,-0.1413841124272004,-0.06981222599683168,True,4.0018439292907715,1.3734567165374756,4.230973668861968,0.8383415254267287,True
S1_C__piolenc__o139_descending_S1A__2023-04-07__2023-04-19,S1_C,piolenc,o139_descending_S1A,copol,calibration,matched_10m,2023-04-07,2023-04-19,-0.1372445473446957,0.004768522193762337,True,-2.141510397195816,1.0762490332126617,2.3967433660675836,0.8665139409119227,True
S1_C__piolenc__o139_descending_S1A__2023-04-07__2023-04-19,S1_C,piolenc,o139_descending_S1A,crosspol,calibration,matched_10m,2023-04-07,2023-04-19,-0.16361436767611082,0.3020914531835386,True,-1.6183626651763916,-2.3857474327087402,2.8828611705583707,0.8757985450131271,True
S1_C__piolenc__o139_descending_S1A__2023-05-01__2023-05-13,S1_C,piolenc,o139_descending_S1A,copol,calibration,matched_10m,2023-05-01,2023-05-13,0.18718197909006928,0.004722691013948399,True,2.283153235912323,-0.43233975768089294,2.323726826614627,0.7980001308886031,True
S1_C__piolenc__o139_descending_S1A__2023-05-01__2023-05-13,S1_C,piolenc,o139_descending_S1A,crosspol,calibration,matched_10m,2023-05-01,2023-05-13,0.05283342378367717,0.2760794151488355,True,-2.457478642463684,-2.896565794944763,3.798591144438835,0.7970642643250928,True
S1_C__piolenc__o139_descending_S1A__2023-05-25__2023-06-06,S1_C,piolenc,o139_descending_S1A,copol,calibration,matched_10m,2023-05-25,2023-06-06,-0.1319200798679656,0.061335563131779125,True,-2.3976483941078186,-0.05310043692588806,2.3982363265886706,0.8350463416842299,True
S1_C__piolenc__o139_descending_S1A__2023-05-25__2023-06-06,S1_C,piolenc,o139_descending_S1A,crosspol,calibration,matched_10m,2023-05-25,2023-06-06,-0.1464292867625412,-0.18382593815519233,True,1.0435157269239426,0.2952168509364128,1.0844713280739222,0.8587469529152928,True
S1_C__piolenc__o139_descending_S1A__2023-06-18__2023-07-12,S1_C,piolenc,o139_descending_S1A,copol,calibration,matched_10m,2023-06-18,2023-07-12,0.2246049565927546,-0.07400888481591394,True,-2.446868270635605,3.358413279056549,4.155250183416955,0.8562392180023741,True
S1_C__piolenc__o139_descending_S1A__2023-06-18__2023-07-12,S1_C,piolenc,o139_descending_S1A,crosspol,calibration,matched_10m,2023-06-18,2023-07-12,0.15838241555191868,0.027646180929489006,True,-2.6458093523979187,-1.4255234599113464,3.0053991854650373,0.850179555457485,True
S1_C__piolenc__o139_descending_S1A__2023-07-24__2023-08-05,S1_C,piolenc,o139_descending_S1A,copol,calibration,matched_10m,2023-07-24,2023-08-05,-0.0877361433357926,0.12354095808243137,True,3.6329108476638794,-2.791033089160919,4.581256043037218,0.8351286706431134,True
S1_C__piolenc__o139_descending_S1A__2023-07-24__2023-08-05,S1_C,piolenc,o139_descending_S1A,crosspol,calibration,matched_10m,2023-07-24,2023-08-05,-0.12733443341443973,0.041702266772334795,True,1.3163231313228607,0.5879012495279312,1.4416429742665569,0.8219587995149735,True
S1_C__piolenc__o139_descending_S1A__2023-08-17__2023-08-29,S1_C,piolenc,o139_descending_S1A,copol,calibration,matched_10m,2023-08-17,2023-08-29,0.1194459910975727,-0.04806076143791049,True,0.6779795140028,2.642199397087097,2.7277965238219095,0.8446874382707439,True
S1_C__piolenc__o139_descending_S1A__2023-08-17__2023-08-29,S1_C,piolenc,o139_descending_S1A,crosspol,calibration,matched_10m,2023-08-17,2023-08-29,0.06393842065818411,0.07614658278306674,True,-0.5395952612161636,1.401575356721878,1.5018576918260265,0.8375063375463484,True
S1_C__piolenc__o139_descending_S1A__2023-09-10__2023-09-22,S1_C,piolenc,o139_descending_S1A,copol,calibration,matched_10m,2023-09-10,2023-09-22,0.10246101607942837,0.20765516909961246,True,-2.5592100620269775,-1.6135898232460022,3.0254302601883243,0.8157045581176934,True
S1_C__piolenc__o139_descending_S1A__2023-09-10__2023-09-22,S1_C,piolenc,o139_descending_S1A,crosspol,calibration,matched_10m,2023-09-10,2023-09-22,0.07909542594503893,-0.33546698678599896,True,-5.068475604057312,4.207195043563843,6.587103694607539,0.7950236211862086,True
S1_C__piolenc__o139_descending_S1A__2023-10-04__2023-10-16,S1_C,piolenc,o139_descending_S1A,copol,calibration,matched_10m,2023-10-04,2023-10-16,0.056731089875682095,0.038730940283230986,True,-2.021486908197403,-0.9343548119068146,2.226977376298851,0.805083576052738,True
S1_C__piolenc__o139_descending_S1A__2023-10-04__2023-10-16,S1_C,piolenc,o139_descending_S1A,crosspol,calibration,matched_10m,2023-10-04,2023-10-16,0.11262616935969927,0.19854494521039978,True,0.12417083606123924,-2.056914120912552,2.0606586561916562,0.884124954124645,True
S1_C__piolenc__o139_descending_S1A__2023-10-28__2023-11-09,S1_C,piolenc,o139_descending_S1A,copol,calibration,matched_10m,2023-10-28,2023-11-09,0.33556807196688787,-0.24712654957440172,True,-0.4676513001322746,0.7269389182329178,0.8643714070681952,0.8530717868523481,True
S1_C__piolenc__o139_descending_S1A__2023-10-28__2023-11-09,S1_C,piolenc,o139_descending_S1A,crosspol,calibration,matched_10m,2023-10-28,2023-11-09,0.09779721663390717,0.10399111948991635,True,1.1055053025484085,-2.6155495643615723,2.8395847403440277,0.8483558087242221,True
S1_C__piolenc__o139_descending_S1A__2023-11-21__2023-12-03,S1_C,piolenc,o139_descending_S1A,copol,calibration,matched_10m,2023-11-21,2023-12-03,0.2083476730101408,-0.08835189084236283,True,-2.9815223813056946,-1.4396598935127258,3.3109056644996477,0.8423069687938239,True
S1_C__piolenc__o139_descending_S1A__2023-11-21__2023-12-03,S1_C,piolenc,o139_descending_S1A,crosspol,calibration,matched_10m,2023-11-21,2023-12-03,-0.19508548130370063,0.036694400681090755,True,2.055344879627228,-0.9391652047634125,2.259750839373263,0.8718252744341967,True
S1_C__piolenc__o139_descending_S1A__2023-12-15__2023-12-27,S1_C,piolenc,o139_descending_S1A,copol,calibration,matched_10m,2023-12-15,2023-12-27,-0.15155665984379585,0.17764009999733066,True,1.9474998116493225,-4.907398819923401,5.279708201611121,0.8264507570830182,True
S1_C__piolenc__o139_descending_S1A__2023-12-15__2023-12-27,S1_C,piolenc,o139_descending_S1A,crosspol,calibration,matched_10m,2023-12-15,2023-12-27,-0.2559567971382748,-0.14187635057074743,True,1.4311185479164124,-1.6621270775794983,2.193346010143713,0.7977051863707382,True
S1_C__piolenc__o139_descending_S1A__2024-01-08__2024-01-20,S1_C,piolenc,o139_descending_S1A,copol,calibration,matched_10m,2024-01-08,2024-01-20,0.35746143650274576,0.17431315040601536,True,-0.5026206746697426,-2.7336055040359497,2.779429184976855,0.8399536224265838,True
S1_C__piolenc__o139_descending_S1A__2024-01-08__2024-01-20,S1_C,piolenc,o139_descending_S1A,crosspol,calibration,matched_10m,2024-01-08,2024-01-20,0.1689403282279489,-0.20082472762595582,True,-0.35776562988758087,1.1450646817684174,1.1996538548107385,0.8879971480683906,True
S1_C__piolenc__o139_descending_S1A__2024-02-13__2024-02-25,S1_C,piolenc,o139_descending_S1A,copol,calibration,matched_10m,2024-02-13,2024-02-25,-0.08455504184091112,-0.2250018505087974,True,-1.8041446805000305,-1.3962996006011963,2.281357184400465,0.8515658262281465,True
S1_C__piolenc__o139_descending_S1A__2024-02-13__2024-02-25,S1_C,piolenc,o139_descending_S1A,crosspol,calibration,matched_10m,2024-02-13,2024-02-25,-0.24279430791796752,-0.27946236327123053,True,-0.9611378610134125,-2.767646014690399,2.929786758538083,0.8391633409500511,True
S1_C__piolenc__o139_descending_S1A__2024-03-08__2024-03-20,S1_C,piolenc,o139_descending_S1A,copol,calibration,matched_10m,2024-03-08,2024-03-20,0.29285840423307175,-0.022671401634578814,True,-0.44539764523506165,0.767078772187233,0.8870112204032206,0.8923143901012125,True
S1_C__piolenc__o139_descending_S1A__2024-03-08__2024-03-20,S1_C,piolenc,o139_descending_S1A,crosspol,calibration,matched_10m,2024-03-08,2024-03-20,0.09635376962674069,-0.12615107016626848,True,1.4478527009487152,1.8237698078155518,2.3286076860527762,0.8924592600751101,True
S1_C__piolenc__o139_descending_S1A__2024-04-01__2024-04-13,S1_C,piolenc,o139_descending_S1A,copol,calibration,matched_10m,2024-04-01,2024-04-13,-0.21234403697681703,0.2794549925363947,True,2.223544716835022,-3.9771804213523865,4.556546412772911,0.8089483200962961,True
S1_C__piolenc__o139_descending_S1A__2024-04-01__2024-04-13,S1_C,piolenc,o139_descending_S1A,crosspol,calibration,matched_10m,2024-04-01,2024-04-13,0.04894914474603507,0.1076998196679444,True,4.374237656593323,1.4645841717720032,4.612912515164809,0.7755344051729645,True
S1_C__piolenc__o139_descending_S1A__2024-04-25__2024-05-07,S1_C,piolenc,o139_descending_S1A,copol,calibration,matched_10m,2024-04-25,2024-05-07,-0.1921463616116199,-0.08281395161790339,True,0.8842182904481888,-0.6868612766265869,1.1196519095201964,0.8379635880016867,True
S1_C__piolenc__o139_descending_S1A__2024-04-25__2024-05-07,S1_C,piolenc,o139_descending_S1A,crosspol,calibration,matched_10m,2024-04-25,2024-05-07,0.1784314019725768,0.02034960645027173,True,-0.6830257177352905,-2.0038653910160065,2.117073602026992,0.777997378885345,True
S1_C__piolenc__o139_descending_S1A__2024-05-19__2024-06-12,S1_C,piolenc,o139_descending_S1A,copol,calibration,matched_10m,2024-05-19,2024-06-12,-0.4939338318377029,0.07574391616970999,True,0.7969756424427032,-4.302206635475159,4.375403079600032,0.8124206994433004,True
S1_C__piolenc__o139_descending_S1A__2024-05-19__2024-06-12,S1_C,piolenc,o139_descending_S1A,crosspol,calibration,matched_10m,2024-05-19,2024-06-12,-0.45682491828738314,-0.049530328077015184,True,0.6868563592433929,1.9646485149860382,2.081253335293408,0.816572851970047,True
S1_C__piolenc__o139_descending_S1A__2024-06-24__2024-07-06,S1_C,piolenc,o139_descending_S1A,copol,calibration,matched_10m,2024-06-24,2024-07-06,0.2905357582494279,-0.16539032490413952,True,-3.9741790294647217,0.37763558328151703,3.992080609406269,0.855112111822341,True
S1_C__piolenc__o139_descending_S1A__2024-06-24__2024-07-06,S1_C,piolenc,o139_descending_S1A,crosspol,calibration,matched_10m,2024-06-24,2024-07-06,0.38056916006552477,-0.22275725438450245,True,-5.209773778915405,1.1963169276714325,5.345364067947825,0.8473724217318228,True
S1_C__piolenc__o139_descending_S1A__2024-07-18__2024-07-30,S1_C,piolenc,o139_descending_S1A,copol,calibration,matched_10m,2024-07-18,2024-07-30,-0.029204168365920324,0.17172032171778184,True,-1.0991974920034409,-3.1284725666046143,3.3159577389382267,0.8374775928115653,True
S1_C__piolenc__o139_descending_S1A__2024-07-18__2024-07-30,S1_C,piolenc,o139_descending_S1A,crosspol,calibration,matched_10m,2024-07-18,2024-07-30,-0.11441172949519096,-0.023299656110639333,True,2.4346502125263214,-1.0070869326591492,2.634719291933635,0.8621846836809349,True
S1_C__piolenc__o139_descending_S1A__2024-08-11__2024-08-23,S1_C,piolenc,o139_descending_S1A,copol,calibration,matched_10m,2024-08-11,2024-08-23,-0.2994007266610108,-0.01778084078336306,True,1.0455253720283508,0.4828650876879692,1.151643172368478,0.8308320937396696,True
S1_C__piolenc__o139_descending_S1A__2024-08-11__2024-08-23,S1_C,piolenc,o139_descending_S1A,crosspol,calibration,matched_10m,2024-08-11,2024-08-23,-0.16534908872405296,0.22024578245422965,True,-2.8403162956237793,-4.802002012729645,5.579123586141962,0.7948859478475917,True
S1_C__piolenc__o139_descending_S1A__2024-09-04__2024-09-28,S1_C,piolenc,o139_descending_S1A,copol,calibration,matched_10m,2024-09-04,2024-09-28,0.31803519419779747,-0.038700904290103644,True,-0.7708562910556793,0.04887721501290798,0.7724043006143455,0.8357009277130701,True
S1_C__piolenc__o139_descending_S1A__2024-09-04__2024-09-28,S1_C,piolenc,o139_descending_S1A,crosspol,calibration,matched_10m,2024-09-04,2024-09-28,-0.07333587157348465,0.12050132836676486,True,2.6782619953155518,-1.8427637219429016,3.250979152572421,0.8384211653604435,True
S1_C__piolenc__o139_descending_S1A__2024-10-10__2024-10-22,S1_C,piolenc,o139_descending_S1A,copol,calibration,matched_10m,2024-10-10,2024-10-22,0.17363987064892772,-0.08548501513147233,True,-2.0656587183475494,2.2568531334400177,3.05946596755108,0.8338054244095314,True
S1_C__piolenc__o139_descending_S1A__2024-10-10__2024-10-22,S1_C,piolenc,o139_descending_S1A,crosspol,calibration,matched_10m,2024-10-10,2024-10-22,-0.17861582077523153,0.14047780680016242,True,4.330314099788666,-2.5355422496795654,5.018026973097956,0.7996357814386507,True
S1_C__piolenc__o139_descending_S1A__2024-11-03__2024-11-15,S1_C,piolenc,o139_descending_S1A,copol,calibration,matched_10m,2024-11-03,2024-11-15,-0.007172830966431398,-0.20284661467535692,True,1.1774653196334839,3.2082942128181458,3.4175395147594108,0.8447071698069244,True
S1_C__piolenc__o139_descending_S1A__2024-11-03__2024-11-15,S1_C,piolenc,o139_descending_S1A,crosspol,calibration,matched_10m,2024-11-03,2024-11-15,0.11543008825339118,0.0471026748607386,True,-0.4689144715666771,-1.0835196822881699,1.1806335941139878,0.8758472290424432,True
S1_C__piolenc__o139_descending_S1A__2024-11-27__2024-12-09,S1_C,piolenc,o139_descending_S1A,copol,calibration,matched_10m,2024-11-27,2024-12-09,-0.08361005379561526,0.07513280532729727,True,1.688961386680603,-2.0572933554649353,2.661775068659679,0.864173300514965,True
S1_C__piolenc__o139_descending_S1A__2024-11-27__2024-12-09,S1_C,piolenc,o139_descending_S1A,crosspol,calibration,matched_10m,2024-11-27,2024-12-09,0.13132594236188222,-0.06014369368588657,True,3.5053423047065735,2.002452164888382,4.036983941735682,0.8553291329388483,True
S1_C__piolenc__o139_descending_S1A__2024-12-21__2025-01-02,S1_C,piolenc,o139_descending_S1A,copol,calibration,matched_10m,2024-12-21,2025-01-02,-0.0339678183647214,0.23650574953913406,True,1.9459840655326843,-2.5572070479393005,3.213434590798068,0.907073041923404,True
S1_C__piolenc__o139_descending_S1A__2024-12-21__2025-01-02,S1_C,piolenc,o139_descending_S1A,crosspol,calibration,matched_10m,2024-12-21,2025-01-02,0.03808244604055311,0.019978748928898504,True,-1.7129643261432648,-2.046183943748474,2.6685418329667434,0.8948537721050341,True
S1_C__piolenc__o139_descending_S1A__2025-01-14__2025-01-26,S1_C,piolenc,o139_descending_S1A,copol,calibration,matched_10m,2025-01-14,2025-01-26,0.3814905936042532,0.2883969832421913,True,-6.7827558517456055,-3.9752665162086487,7.861839531514168,0.8165593741151318,True
S1_C__piolenc__o139_descending_S1A__2025-01-14__2025-01-26,S1_C,piolenc,o139_descending_S1A,crosspol,calibration,matched_10m,2025-01-14,2025-01-26,-0.024804475379128554,-0.20927602841510762,True,-3.510308861732483,-1.4792737364768982,3.809267526990973,0.806684134852193,True
S1_C__piolenc__o139_descending_S1C__2025-04-02__2025-04-14,S1_C,piolenc,o139_descending_S1C,copol,calibration,matched_10m,2025-04-02,2025-04-14,-2.9268034152441356,4.708126882653854,True,-2.2104160487651825,4.6796682476997375,5.175445296510032,0.831200265509629,True
S1_C__piolenc__o139_descending_S1C__2025-04-02__2025-04-14,S1_C,piolenc,o139_descending_S1C,crosspol,calibration,matched_10m,2025-04-02,2025-04-14,-1.78939628718922,3.1160851086237136,True,-16.481398344039917,18.199803829193115,24.553397948064827,0.8049938997617047,True
S1_C__piolenc__o139_descending_S1C__2025-04-26__2025-05-08,S1_C,piolenc,o139_descending_S1C,copol,calibration,matched_10m,2025-04-26,2025-05-08,4.3117095011895845,0.11144726862799281,True,11.53939962387085,-1.7358499765396118,11.669229572702873,0.880031764425962,True
S1_C__piolenc__o139_descending_S1C__2025-04-26__2025-05-08,S1_C,piolenc,o139_descending_S1C,crosspol,calibration,matched_10m,2025-04-26,2025-05-08,4.889011238574143,0.03731836934706134,True,4.256119430065155,-0.27786653488874435,4.2651802323218675,0.8942750639182834,True
S1_C__piolenc__o139_descending_S1C__2025-05-20__2025-06-13,S1_C,piolenc,o139_descending_S1C,copol,calibration,matched_10m,2025-05-20,2025-06-13,0.5611428050988883,0.4954346184115872,True,2.6099270582199097,-5.8313363790512085,6.388755999009079,0.8981791368009167,True
S1_C__piolenc__o139_descending_S1C__2025-05-20__2025-06-13,S1_C,piolenc,o139_descending_S1C,crosspol,calibration,matched_10m,2025-05-20,2025-06-13,0.5905113180826334,0.016347614206549288,True,2.0752348005771637,0.36803945899009705,2.107617735952197,0.8159995818593212,True
S1_C__piolenc__o139_descending_S1C__2025-06-25__2025-07-07,S1_C,piolenc,o139_descending_S1C,copol,calibration,matched_10m,2025-06-25,2025-07-07,-0.04836507158421188,0.16229992573980212,True,1.4053285121917725,-1.0742807388305664,1.7689056879894667,0.8962886097840183,True
S1_C__piolenc__o139_descending_S1C__2025-06-25__2025-07-07,S1_C,piolenc,o139_descending_S1C,crosspol,calibration,matched_10m,2025-06-25,2025-07-07,-0.10977217086890523,-0.00890004417873147,True,3.0157554149627686,-0.9196425974369049,3.1528595322179767,0.877233810253687,True
S1_C__piolenc__o139_descending_S1C__2025-07-19__2025-07-31,S1_C,piolenc,o139_descending_S1C,copol,calibration,matched_10m,2025-07-19,2025-07-31,0.005186164012983774,0.07040101291389433,True,2.613893449306488,-0.5359967052936554,2.668282487371422,0.8555273628459116,True
S1_C__piolenc__o139_descending_S1C__2025-07-19__2025-07-31,S1_C,piolenc,o139_descending_S1C,crosspol,calibration,matched_10m,2025-07-19,2025-07-31,-0.13992516636274566,-0.04168084351866064,True,0.6550731509923935,1.2416014075279236,1.4038144066529679,0.8676537980874219,True
S1_C__piolenc__o139_descending_S1C__2025-08-12__2025-08-24,S1_C,piolenc,o139_descending_S1C,copol,calibration,matched_10m,2025-08-12,2025-08-24,0.1663687774460394,0.1100177834155085,True,0.6664570420980453,-1.8742667138576508,1.989231184060021,0.8419371096524447,True
S1_C__piolenc__o139_descending_S1C__2025-08-12__2025-08-24,S1_C,piolenc,o139_descending_S1C,crosspol,calibration,matched_10m,2025-08-12,2025-08-24,0.043596313926046903,0.16283183455119765,True,-0.1483605895191431,0.4865489527583122,0.5086656543867278,0.8458279369533466,True
S1_C__piolenc__o139_descending_S1C__2025-09-05__2025-09-17,S1_C,piolenc,o139_descending_S1C,copol,calibration,matched_10m,2025-09-05,2025-09-17,-0.30333857042525114,-0.08950342916264553,True,4.154192805290222,1.1695078015327454,4.315676813823181,0.8195216453173121,True
S1_C__piolenc__o139_descending_S1C__2025-09-05__2025-09-17,S1_C,piolenc,o139_descending_S1C,crosspol,calibration,matched_10m,2025-09-05,2025-09-17,-0.209955016920226,-0.25628393131207705,True,3.9017340540885925,4.518294632434845,5.969800249114214,0.8452529079245494,True
S1_C__piolenc__o139_descending_S1C__2025-09-29__2025-10-11,S1_C,piolenc,o139_descending_S1C,copol,calibration,matched_10m,2025-09-29,2025-10-11,0.11633362924889834,-0.09466587557484551,True,-0.5662559345364571,1.7715410888195038,1.8598396739433078,0.8968027373275071,True
S1_C__piolenc__o139_descending_S1C__2025-09-29__2025-10-11,S1_C,piolenc,o139_descending_S1C,crosspol,calibration,matched_10m,2025-09-29,2025-10-11,0.09923805687920151,-0.20089945816878085,True,-1.6104756295681,3.0927157402038574,3.4869072834157007,0.9014458175363289,True
S1_C__piolenc__o139_descending_S1C__2025-10-23__2025-11-04,S1_C,piolenc,o139_descending_S1C,copol,calibration,matched_10m,2025-10-23,2025-11-04,-0.07213921519640376,-0.04274590981752269,True,5.303978323936462,1.9587987661361694,5.654120503403197,0.8332001491609035,True
S1_C__piolenc__o139_descending_S1C__2025-10-23__2025-11-04,S1_C,piolenc,o139_descending_S1C,crosspol,calibration,matched_10m,2025-10-23,2025-11-04,-0.5133992807046566,0.07723050625775763,True,8.605870604515076,3.4010887145996094,9.25356219551333,0.8292769650069006,True
S1_C__piolenc__o139_descending_S1C__2025-11-16__2025-11-28,S1_C,piolenc,o139_descending_S1C,copol,calibration,matched_10m,2025-11-16,2025-11-28,0.14018408961341855,0.2034960853339296,True,5.286421179771423,-0.8060342818498611,5.3475171952461364,0.7989764419090845,True
S1_C__piolenc__o139_descending_S1C__2025-11-16__2025-11-28,S1_C,piolenc,o139_descending_S1C,crosspol,calibration,matched_10m,2025-11-16,2025-11-28,-0.11254862152847789,-0.06047616954536661,True,6.695600152015686,5.454112887382507,8.635879155244382,0.8245021085344165,True
S1_C__piolenc__o139_descending_S1C__2025-12-10__2025-12-22,S1_C,piolenc,o139_descending_S1C,copol,calibration,matched_10m,2025-12-10,2025-12-22,-0.010715666648106748,-0.0423071480805266,True,0.5243171006441116,1.2758100032806396,1.3793475220185787,0.868010174939213,True
S1_C__piolenc__o139_descending_S1C__2025-12-10__2025-12-22,S1_C,piolenc,o139_descending_S1C,crosspol,calibration,matched_10m,2025-12-10,2025-12-22,-0.21283154554072503,-0.1250309867764159,True,1.1991875618696213,1.1550387740135193,1.6649820954044703,0.83549371906426,True
S1_C__piolenc__o139_descending_S1C__2026-01-03__2026-01-15,S1_C,piolenc,o139_descending_S1C,copol,calibration,matched_10m,2026-01-03,2026-01-15,-0.060053177358528664,-0.06456750934161093,True,-1.5209417045116425,-1.3896888494491577,2.060218135733715,0.8293857568950331,True
S1_C__piolenc__o139_descending_S1C__2026-01-03__2026-01-15,S1_C,piolenc,o139_descending_S1C,crosspol,calibration,matched_10m,2026-01-03,2026-01-15,-0.051884486537804975,0.03831934090329092,True,-2.5631102919578552,-4.8998188972473145,5.529716050084504,0.8639623684337188,True
S1_C__piolenc__o139_descending_S1C__2026-01-27__2026-02-08,S1_C,piolenc,o139_descending_S1C,copol,calibration,matched_10m,2026-01-27,2026-02-08,0.3518459383458765,-0.02410302824560695,True,-2.457413524389267,0.07395986467599869,2.458526243796102,0.8816578595768375,True
S1_C__piolenc__o139_descending_S1C__2026-01-27__2026-02-08,S1_C,piolenc,o139_descending_S1C,crosspol,calibration,matched_10m,2026-01-27,2026-02-08,0.2012679937085764,0.07210872338796559,True,-0.37491440773010254,-1.4910085499286652,1.5374222936734052,0.8460995129165668,True
S1_C__piolenc__o139_descending_S1D__2026-05-16__2026-05-28,S1_C,piolenc,o139_descending_S1D,copol,calibration,matched_10m,2026-05-16,2026-05-28,0.06813237223245405,0.06474169081454395,True,-0.4072941094636917,1.2752291560173035,1.3386926054776076,0.8909513422874594,True
S1_C__piolenc__o139_descending_S1D__2026-05-16__2026-05-28,S1_C,piolenc,o139_descending_S1D,crosspol,calibration,matched_10m,2026-05-16,2026-05-28,-0.005398510426045888,-0.09040535820821916,True,0.4290498048067093,1.6176211833953857,1.6735537123062898,0.8917540736645482,True
S1_C__piolenc__o139_descending_S1D__2026-06-21__2026-07-03,S1_C,piolenc,o139_descending_S1D,copol,calibration,matched_10m,2026-06-21,2026-07-03,0.18897649243478476,-0.04894945598235978,True,0.5610191076993942,-0.2567066065967083,0.6169608748326117,0.8001030364262522,True
S1_C__piolenc__o139_descending_S1D__2026-06-21__2026-07-03,S1_C,piolenc,o139_descending_S1D,crosspol,calibration,matched_10m,2026-06-21,2026-07-03,-0.13459287922240737,-0.027146053004726056,True,-0.05105612799525261,1.4047816395759583,1.4057091388674916,0.8569905031597435,True
S1_C__piolenc__o139_descending_S1D__2026-07-15__2026-07-27,S1_C,piolenc,o139_descending_S1D,copol,calibration,matched_10m,2026-07-15,2026-07-27,0.008336459861741474,0.006390035201694566,True,3.3825382590293884,1.3350571691989899,3.636473940347598,0.880533008404894,True
S1_C__piolenc__o139_descending_S1D__2026-07-15__2026-07-27,S1_C,piolenc,o139_descending_S1D,crosspol,calibration,matched_10m,2026-07-15,2026-07-27,0.031114021329664787,0.22470969264600438,True,3.1884336471557617,0.04351723939180374,3.1887306051843383,0.8411925585409425,True
S1_C__piolenc__o161_ascending_S1A__2023-01-02__2023-01-14,S1_C,piolenc,o161_ascending_S1A,copol,calibration,matched_10m,2023-01-02,2023-01-14,0.00030122175142732743,4.101136578782416e-06,True,0.13082954101264477,-0.8442804962396622,0.8543570243945264,0.8809570770831602,True
S1_C__piolenc__o161_ascending_S1A__2023-01-02__2023-01-14,S1_C,piolenc,o161_ascending_S1A,crosspol,calibration,matched_10m,2023-01-02,2023-01-14,0.03457595445695549,0.033597543705599975,True,-1.9821292161941528,-1.5273632109165192,2.5023338321957898,0.73531724190164,True
S1_C__piolenc__o161_ascending_S1A__2023-01-26__2023-02-07,S1_C,piolenc,o161_ascending_S1A,copol,calibration,matched_10m,2023-01-26,2023-02-07,-0.34175676083641715,-0.16276687709817939,True,3.343292474746704,-2.2780509293079376,4.0456298160136575,0.7824740223667548,True
S1_C__piolenc__o161_ascending_S1A__2023-01-26__2023-02-07,S1_C,piolenc,o161_ascending_S1A,crosspol,calibration,matched_10m,2023-01-26,2023-02-07,-0.11221269399527323,0.05890003326633764,True,5.3418707847595215,-0.707034170627594,5.388458109654594,0.7038265649452086,True
S1_C__piolenc__o161_ascending_S1A__2023-02-19__2023-03-03,S1_C,piolenc,o161_ascending_S1A,copol,calibration,matched_10m,2023-02-19,2023-03-03,-0.11939049908234178,0.3076513713665072,True,-0.3039095923304558,-2.77441143989563,2.7910069649024893,0.7978558308037046,True
S1_C__piolenc__o161_ascending_S1A__2023-02-19__2023-03-03,S1_C,piolenc,o161_ascending_S1A,crosspol,calibration,matched_10m,2023-02-19,2023-03-03,0.33035066722184236,0.13913088221895986,True,-5.086547136306763,1.042417585849762,5.192263109007418,0.7055296866244717,True
S1_C__piolenc__o161_ascending_S1A__2023-03-15__2023-03-27,S1_C,piolenc,o161_ascending_S1A,copol,calibration,matched_10m,2023-03-15,2023-03-27,-0.1791475244675933,0.03977478820345315,True,2.112782448530197,1.8305841088294983,2.7955120916061773,0.7528427322999696,True
S1_C__piolenc__o161_ascending_S1A__2023-03-15__2023-03-27,S1_C,piolenc,o161_ascending_S1A,crosspol,calibration,matched_10m,2023-03-15,2023-03-27,0.1020105523176209,0.22072399412202692,True,0.21967362612485886,1.82439386844635,1.837571628328943,0.6957772686446431,True
S1_C__piolenc__o161_ascending_S1A__2023-04-08__2023-04-20,S1_C,piolenc,o161_ascending_S1A,copol,calibration,matched_10m,2023-04-08,2023-04-20,0.1695223276087514,-0.04048266849099491,True,-1.024090200662613,-2.357945889234543,2.57073327197733,0.7987790463731209,True
S1_C__piolenc__o161_ascending_S1A__2023-04-08__2023-04-20,S1_C,piolenc,o161_ascending_S1A,crosspol,calibration,matched_10m,2023-04-08,2023-04-20,0.07997532958186859,0.2227251167883999,True,-1.3219541311264038,-1.797613799571991,2.2313623859010026,0.6702174960797892,True
S1_C__piolenc__o161_ascending_S1A__2023-05-02__2023-05-14,S1_C,piolenc,o161_ascending_S1A,copol,calibration,matched_10m,2023-05-02,2023-05-14,0.15603336242694965,0.21567597471504385,True,-2.386494427919388,-1.3428890705108643,2.7383766560113347,0.7644098376682168,True
S1_C__piolenc__o161_ascending_S1A__2023-05-02__2023-05-14,S1_C,piolenc,o161_ascending_S1A,crosspol,calibration,matched_10m,2023-05-02,2023-05-14,0.2450331405228905,-0.037003158179864215,True,-1.322566419839859,2.239161729812622,2.600582086215599,0.6780360699158324,True
S1_C__piolenc__o161_ascending_S1A__2023-05-26__2023-06-07,S1_C,piolenc,o161_ascending_S1A,copol,calibration,matched_10m,2023-05-26,2023-06-07,-0.13158310880354396,0.20469857432384497,True,-0.0718365516513586,-4.0263524651527405,4.026993253507474,0.8140243513712542,True
S1_C__piolenc__o161_ascending_S1A__2023-05-26__2023-06-07,S1_C,piolenc,o161_ascending_S1A,crosspol,calibration,matched_10m,2023-05-26,2023-06-07,-0.6264829983746978,-0.15413807165042925,True,5.992053151130676,0.5505938827991486,6.017296285687693,0.7192061789234181,True
S1_C__piolenc__o161_ascending_S1A__2023-06-19__2023-07-01,S1_C,piolenc,o161_ascending_S1A,copol,calibration,matched_10m,2023-06-19,2023-07-01,-0.15687172916250525,-0.03382863916232992,True,4.337197244167328,2.5388479232788086,5.025637144915039,0.841554031826673,True
S1_C__piolenc__o161_ascending_S1A__2023-06-19__2023-07-01,S1_C,piolenc,o161_ascending_S1A,crosspol,calibration,matched_10m,2023-06-19,2023-07-01,-0.5392400718240165,-0.8504261658079519,True,2.7282461524009705,9.628568887710571,10.00763038353629,0.7240735659388156,True
S1_C__piolenc__o161_ascending_S1A__2023-07-13__2023-07-25,S1_C,piolenc,o161_ascending_S1A,copol,calibration,matched_10m,2023-07-13,2023-07-25,0.06940433213609065,0.16618033484211026,True,-0.4606521874666214,-6.1302489042282104,6.147532193133189,0.7606180166286913,True
S1_C__piolenc__o161_ascending_S1A__2023-07-13__2023-07-25,S1_C,piolenc,o161_ascending_S1A,crosspol,calibration,matched_10m,2023-07-13,2023-07-25,-0.48665468391591027,0.3543047470521161,True,5.451639890670776,-0.11814014054834843,5.452919822476914,0.7235105714424531,True
S1_C__piolenc__o161_ascending_S1A__2023-08-06__2023-08-18,S1_C,piolenc,o161_ascending_S1A,copol,calibration,matched_10m,2023-08-06,2023-08-18,-0.21177982954119567,-0.0437992390063604,True,1.1361611634492874,-4.546854794025421,4.686656666247528,0.756056179776775,True
S1_C__piolenc__o161_ascending_S1A__2023-08-06__2023-08-18,S1_C,piolenc,o161_ascending_S1A,crosspol,calibration,matched_10m,2023-08-06,2023-08-18,0.11740759622505514,0.28097075249908343,True,-0.9882727265357971,-4.987314343452454,5.084288282780696,0.7364815712189839,True
S1_C__piolenc__o161_ascending_S1A__2023-08-30__2023-09-11,S1_C,piolenc,o161_ascending_S1A,copol,calibration,matched_10m,2023-08-30,2023-09-11,-0.30005706279998456,-0.22492258303524437,True,5.4917824268341064,-3.1236153841018677,6.31796227366718,0.7804921510348255,True
S1_C__piolenc__o161_ascending_S1A__2023-08-30__2023-09-11,S1_C,piolenc,o161_ascending_S1A,crosspol,calibration,matched_10m,2023-08-30,2023-09-11,0.15704163034638619,-0.21419658300562894,True,-2.156425565481186,3.3056455850601196,3.9468296078610123,0.7389876259676295,True
S1_C__piolenc__o161_ascending_S1A__2023-09-23__2023-10-05,S1_C,piolenc,o161_ascending_S1A,copol,calibration,matched_10m,2023-09-23,2023-10-05,-0.28698754558038164,-0.25010839318799327,True,1.490330547094345,1.842648833990097,2.3699029231189184,0.8281254898540961,True
S1_C__piolenc__o161_ascending_S1A__2023-09-23__2023-10-05,S1_C,piolenc,o161_ascending_S1A,crosspol,calibration,matched_10m,2023-09-23,2023-10-05,-0.1753842164843311,-0.0326980532044594,True,-1.1339309811592102,-0.1095612533390522,1.1392116301486361,0.7194359097956747,True
S1_C__piolenc__o161_ascending_S1A__2023-10-17__2023-10-29,S1_C,piolenc,o161_ascending_S1A,copol,calibration,matched_10m,2023-10-17,2023-10-29,-0.05168241132199203,-0.02913788261035677,True,-1.3346181809902191,-1.1600850522518158,1.7683334011118321,0.8386529420692463,True
S1_C__piolenc__o161_ascending_S1A__2023-10-17__2023-10-29,S1_C,piolenc,o161_ascending_S1A,crosspol,calibration,matched_10m,2023-10-17,2023-10-29,-0.06076801016985289,-0.7248246610667817,True,1.6088393330574036,5.122596025466919,5.369297350652324,0.7362783984598806,True
S1_C__piolenc__o161_ascending_S1A__2023-11-10__2023-11-22,S1_C,piolenc,o161_ascending_S1A,copol,calibration,matched_10m,2023-11-10,2023-11-22,0.24654226140133328,-0.3446102242118876,True,1.3088512420654297,3.9214640855789185,4.13412289952071,0.7089104586535915,True
S1_C__piolenc__o161_ascending_S1A__2023-11-10__2023-11-22,S1_C,piolenc,o161_ascending_S1A,crosspol,calibration,matched_10m,2023-11-10,2023-11-22,-0.4038043365644448,-0.15266564280797468,True,2.7731478214263916,4.330633282661438,5.142444308728771,0.6774376407196655,True
S1_C__piolenc__o161_ascending_S1A__2023-12-04__2023-12-16,S1_C,piolenc,o161_ascending_S1A,copol,calibration,matched_10m,2023-12-04,2023-12-16,0.23427592108501472,-0.039261223119488875,True,-1.1699238419532776,3.373814821243286,3.570903001204539,0.7974745983071687,True
S1_C__piolenc__o161_ascending_S1A__2023-12-04__2023-12-16,S1_C,piolenc,o161_ascending_S1A,crosspol,calibration,matched_10m,2023-12-04,2023-12-16,-0.3001570340054158,0.4037794098199292,True,1.940758228302002,-2.6567846536636353,3.290143947711791,0.722452648914464,True
S1_C__piolenc__o161_ascending_S1A__2023-12-28__2024-01-09,S1_C,piolenc,o161_ascending_S1A,copol,calibration,matched_10m,2023-12-28,2024-01-09,0.29250317729225284,-0.05895898936920663,True,-0.40995948016643524,-0.47167908400297165,0.6249383438901922,0.8510321070641814,True
S1_C__piolenc__o161_ascending_S1A__2023-12-28__2024-01-09,S1_C,piolenc,o161_ascending_S1A,crosspol,calibration,matched_10m,2023-12-28,2024-01-09,-0.38977399453273964,-0.2916840226817685,True,6.146441102027893,2.2991912066936493,6.562394260148903,0.7490890628152961,True
S1_C__piolenc__o161_ascending_S1A__2024-01-21__2024-02-02,S1_C,piolenc,o161_ascending_S1A,copol,calibration,matched_10m,2024-01-21,2024-02-02,0.06073702231207179,-0.008038329427107804,True,-1.3895255327224731,3.6502739787101746,3.9058009838874637,0.7937327250150839,True
S1_C__piolenc__o161_ascending_S1A__2024-01-21__2024-02-02,S1_C,piolenc,o161_ascending_S1A,crosspol,calibration,matched_10m,2024-01-21,2024-02-02,-0.4599377570235932,-0.08103095147264128,True,5.502781867980957,0.8820213377475739,5.573021615499263,0.7340042360687635,True
S1_C__piolenc__o161_ascending_S1A__2024-02-14__2024-02-26,S1_C,piolenc,o161_ascending_S1A,copol,calibration,matched_10m,2024-02-14,2024-02-26,-0.25366541469225634,-0.10045649214997532,True,2.1339553594589233,0.8586843311786652,2.3002400432944414,0.9050806278568385,True
S1_C__piolenc__o161_ascending_S1A__2024-02-14__2024-02-26,S1_C,piolenc,o161_ascending_S1A,crosspol,calibration,matched_10m,2024-02-14,2024-02-26,-0.1327586247918946,-0.234637680198869,True,2.633540630340576,1.1307543516159058,2.8660323890969805,0.7293336950574839,True
S1_C__piolenc__o161_ascending_S1A__2024-03-09__2024-03-21,S1_C,piolenc,o161_ascending_S1A,copol,calibration,matched_10m,2024-03-09,2024-03-21,0.00707722877560979,0.020470574500559557,True,-2.343883216381073,-1.9675734639167786,3.0602506217534464,0.7096700104591579,True
S1_C__piolenc__o161_ascending_S1A__2024-03-09__2024-03-21,S1_C,piolenc,o161_ascending_S1A,crosspol,calibration,matched_10m,2024-03-09,2024-03-21,-0.2330025348090361,0.9187602471753822,True,3.728249967098236,-2.569810152053833,4.5281091014646435,0.6847370384734721,True
S1_C__piolenc__o161_ascending_S1A__2024-04-02__2024-04-14,S1_C,piolenc,o161_ascending_S1A,copol,calibration,matched_10m,2024-04-02,2024-04-14,-0.048673563920939245,-0.06430332319252674,True,1.761101633310318,-1.8757280707359314,2.5729039543276793,0.8725330482265433,True
S1_C__piolenc__o161_ascending_S1A__2024-04-02__2024-04-14,S1_C,piolenc,o161_ascending_S1A,crosspol,calibration,matched_10m,2024-04-02,2024-04-14,0.2959102323222069,0.15034881765103592,True,0.05524810403585434,-1.4390672743320465,1.4401274155619086,0.7049632114383338,True
S1_C__piolenc__o161_ascending_S1A__2024-04-26__2024-05-08,S1_C,piolenc,o161_ascending_S1A,copol,calibration,matched_10m,2024-04-26,2024-05-08,0.29840711358777483,-0.09507560005431248,True,-1.0268399119377136,-1.9984915852546692,2.2468575435665636,0.7245191183343522,True
S1_C__piolenc__o161_ascending_S1A__2024-04-26__2024-05-08,S1_C,piolenc,o161_ascending_S1A,crosspol,calibration,matched_10m,2024-04-26,2024-05-08,0.022806838874237734,-0.03128792982848072,True,-0.8757010102272034,1.4146853983402252,1.6637869561906014,0.6551232087253125,True
S1_C__piolenc__o161_ascending_S1A__2024-05-20__2024-06-01,S1_C,piolenc,o161_ascending_S1A,copol,calibration,matched_10m,2024-05-20,2024-06-01,0.10959477075022672,0.09113643884041256,True,-1.6250243782997131,5.656901597976685,5.885680922311329,0.7831791954526132,True
S1_C__piolenc__o161_ascending_S1A__2024-05-20__2024-06-01,S1_C,piolenc,o161_ascending_S1A,crosspol,calibration,matched_10m,2024-05-20,2024-06-01,-0.2879374318711996,0.3211616866494831,True,-1.310657560825348,-4.565234184265137,4.749651187080123,0.7050210528224161,True
S1_C__piolenc__o161_ascending_S1A__2024-06-13__2024-06-25,S1_C,piolenc,o161_ascending_S1A,copol,calibration,matched_10m,2024-06-13,2024-06-25,0.17007882587970613,-0.002582239113612772,True,2.2833189368247986,1.2162907421588898,2.5870656228097793,0.80915590790978,True
S1_C__piolenc__o161_ascending_S1A__2024-06-13__2024-06-25,S1_C,piolenc,o161_ascending_S1A,crosspol,calibration,matched_10m,2024-06-13,2024-06-25,0.33349838546882093,0.32597066524539997,True,-0.8437282592058182,-6.3681721687316895,6.42382239371477,0.7035467361873547,True
S1_C__piolenc__o161_ascending_S1A__2024-08-12__2024-08-24,S1_C,piolenc,o161_ascending_S1A,copol,calibration,matched_10m,2024-08-12,2024-08-24,0.14367228606313542,-0.5848901301679836,True,1.796957403421402,2.802729308605194,3.329316369320515,0.7954956081090856,True
S1_C__piolenc__o161_ascending_S1A__2024-08-12__2024-08-24,S1_C,piolenc,o161_ascending_S1A,crosspol,calibration,matched_10m,2024-08-12,2024-08-24,0.4102720050843658,0.35093900302976344,True,-2.5533300638198853,-4.035835564136505,4.775715979364296,0.742763755800574,True
S1_C__piolenc__o161_ascending_S1A__2024-09-05__2024-09-17,S1_C,piolenc,o161_ascending_S1A,copol,calibration,matched_10m,2024-09-05,2024-09-17,0.05917951996491233,0.21421979799659496,True,-0.5497094243764877,-3.09183269739151,3.1403200282626593,0.8552909229646759,True
S1_C__piolenc__o161_ascending_S1A__2024-09-05__2024-09-17,S1_C,piolenc,o161_ascending_S1A,crosspol,calibration,matched_10m,2024-09-05,2024-09-17,-0.1115067967551635,-0.4171425448042232,True,0.3741946443915367,4.242798388004303,4.259267518381913,0.7036868319165268,True
S1_C__piolenc__o161_ascending_S1A__2024-09-29__2024-10-11,S1_C,piolenc,o161_ascending_S1A,copol,calibration,matched_10m,2024-09-29,2024-10-11,0.23069234782404724,-0.08534860097009389,True,-3.6666885018348694,-1.763058453798294,4.0685353237986845,0.8883623286868906,True
S1_C__piolenc__o161_ascending_S1A__2024-09-29__2024-10-11,S1_C,piolenc,o161_ascending_S1A,crosspol,calibration,matched_10m,2024-09-29,2024-10-11,0.12458170075770081,0.07004470890613668,True,-1.5221960842609406,-5.333355069160461,5.546328264057125,0.7267327864334285,True
S1_C__piolenc__o161_ascending_S1A__2024-10-23__2024-11-04,S1_C,piolenc,o161_ascending_S1A,copol,calibration,matched_10m,2024-10-23,2024-11-04,-0.04312593786168595,-0.11820025764890119,True,0.13516035862267017,0.9967757761478424,1.0058977435396415,0.8729306649008773,True
S1_C__piolenc__o161_ascending_S1A__2024-10-23__2024-11-04,S1_C,piolenc,o161_ascending_S1A,crosspol,calibration,matched_10m,2024-10-23,2024-11-04,0.07253862641938902,-0.054127703238990854,True,-0.5323142558336258,0.8695082366466522,1.019511177260984,0.7362913018772176,True
S1_C__piolenc__o161_ascending_S1A__2024-11-16__2024-11-28,S1_C,piolenc,o161_ascending_S1A,copol,calibration,matched_10m,2024-11-16,2024-11-28,-0.08709848962118372,0.04357235642567758,True,-0.07035923190414906,2.077995538711548,2.079186350575445,0.85265077894096,True
S1_C__piolenc__o161_ascending_S1A__2024-11-16__2024-11-28,S1_C,piolenc,o161_ascending_S1A,crosspol,calibration,matched_10m,2024-11-16,2024-11-28,-0.17728732328796148,0.07084089594577758,True,3.0671489238739014,1.4525294303894043,3.393706567658465,0.7591686514965108,True
S1_C__piolenc__o161_ascending_S1A__2024-12-10__2024-12-22,S1_C,piolenc,o161_ascending_S1A,copol,calibration,matched_10m,2024-12-10,2024-12-22,-0.2180255381707683,-0.3057304953321429,True,2.0415402948856354,0.25422295555472374,2.0573079708134867,0.7781546601682712,True
S1_C__piolenc__o161_ascending_S1A__2024-12-10__2024-12-22,S1_C,piolenc,o161_ascending_S1A,crosspol,calibration,matched_10m,2024-12-10,2024-12-22,0.09786898942290456,0.11359302339068655,True,-0.2017912082374096,-4.005315005779266,4.01039499142447,0.7228686500960846,True
S1_C__piolenc__o161_ascending_S1A__2025-01-03__2025-01-15,S1_C,piolenc,o161_ascending_S1A,copol,calibration,matched_10m,2025-01-03,2025-01-15,0.1474242823489682,0.07581871515163296,True,-4.035611152648926,1.690722405910492,4.375465647131989,0.8015572619062572,True
S1_C__piolenc__o161_ascending_S1A__2025-01-03__2025-01-15,S1_C,piolenc,o161_ascending_S1A,crosspol,calibration,matched_10m,2025-01-03,2025-01-15,0.15126491429521316,-0.2875462155007824,True,0.4086150974035263,3.066926598548889,3.0940273202919126,0.6870736718995056,True
S1_C__piolenc__o161_ascending_S1C__2025-04-03__2025-04-15,S1_C,piolenc,o161_ascending_S1C,copol,calibration,matched_10m,2025-04-03,2025-04-15,-0.3849053128339106,-0.20787043273191053,True,-3.7716293334960938,1.6166393458843231,4.103499799433342,0.800263573837031,True
S1_C__piolenc__o161_ascending_S1C__2025-04-03__2025-04-15,S1_C,piolenc,o161_ascending_S1C,crosspol,calibration,matched_10m,2025-04-03,2025-04-15,-0.2734045039087176,-0.5271418461805748,True,-3.968419134616852,5.139308571815491,6.493138149179435,0.8068380301169453,True
S1_C__piolenc__o161_ascending_S1C__2025-04-27__2025-05-09,S1_C,piolenc,o161_ascending_S1C,copol,calibration,matched_10m,2025-04-27,2025-05-09,0.6495466452349969,-0.046106703602467825,True,-2.634464204311371,-0.5926402658224106,2.700300747781995,0.8487736466530892,True
S1_C__piolenc__o161_ascending_S1C__2025-04-27__2025-05-09,S1_C,piolenc,o161_ascending_S1C,crosspol,calibration,matched_10m,2025-04-27,2025-05-09,0.43687952888806514,-0.43766766943166235,True,-2.8418555855751038,4.012506008148193,4.916944949324709,0.7799886326420451,True
S1_C__piolenc__o161_ascending_S1C__2025-05-21__2025-06-02,S1_C,piolenc,o161_ascending_S1C,copol,calibration,matched_10m,2025-05-21,2025-06-02,-0.2916112934457722,0.0904834694265304,True,3.321915566921234,-2.116844654083252,3.9390550038396857,0.9146024310646349,True
S1_C__piolenc__o161_ascending_S1C__2025-05-21__2025-06-02,S1_C,piolenc,o161_ascending_S1C,crosspol,calibration,matched_10m,2025-05-21,2025-06-02,-0.7225837763660161,0.06508579921553448,True,7.845520973205566,-2.3290693759918213,8.183933253588481,0.7889010692746568,True
S1_C__piolenc__o161_ascending_S1C__2025-06-14__2025-06-26,S1_C,piolenc,o161_ascending_S1C,copol,calibration,matched_10m,2025-06-14,2025-06-26,-0.0390915253701678,-0.039331255853744196,True,0.42560890316963196,4.4553011655807495,4.475583918829189,0.7989150521821957,True
S1_C__piolenc__o161_ascending_S1C__2025-06-14__2025-06-26,S1_C,piolenc,o161_ascending_S1C,crosspol,calibration,matched_10m,2025-06-14,2025-06-26,0.03172186336838223,-0.14002768787861974,True,2.92643666267395,3.342977464199066,4.442919070474395,0.7495108487270132,True
S1_C__piolenc__o161_ascending_S1C__2025-07-20__2025-08-01,S1_C,piolenc,o161_ascending_S1C,copol,calibration,matched_10m,2025-07-20,2025-08-01,-0.07006197207465359,0.21575082861066708,True,0.058143725618720055,1.6595107316970825,1.6605290004834639,0.7831468403279755,True
S1_C__piolenc__o161_ascending_S1C__2025-07-20__2025-08-01,S1_C,piolenc,o161_ascending_S1C,crosspol,calibration,matched_10m,2025-07-20,2025-08-01,-0.026984959568151723,0.3665348539123192,True,1.2869872152805328,-4.827245473861694,4.9958617832375785,0.7660620176912121,True
S1_C__piolenc__o161_ascending_S1C__2025-08-13__2025-08-25,S1_C,piolenc,o161_ascending_S1C,copol,calibration,matched_10m,2025-08-13,2025-08-25,0.2509486950058273,-0.010845620549258861,True,-2.6026782393455505,-2.731887698173523,3.7732140693306397,0.8529561130755945,True
S1_C__piolenc__o161_ascending_S1C__2025-08-13__2025-08-25,S1_C,piolenc,o161_ascending_S1C,crosspol,calibration,matched_10m,2025-08-13,2025-08-25,0.271612159174917,0.3803214551512859,True,-2.9902946949005127,-4.952791631221771,5.785499745454196,0.7859527968871763,True
S1_C__piolenc__o161_ascending_S1C__2025-09-06__2025-09-18,S1_C,piolenc,o161_ascending_S1C,copol,calibration,matched_10m,2025-09-06,2025-09-18,-0.0028917647642403566,-0.0432138583848074,True,-0.8428624272346497,1.446128487586975,1.673829344304394,0.9051963720314493,True
S1_C__piolenc__o161_ascending_S1C__2025-09-06__2025-09-18,S1_C,piolenc,o161_ascending_S1C,crosspol,calibration,matched_10m,2025-09-06,2025-09-18,-0.14634366990877457,0.5048277475734926,True,6.016334891319275,-5.19033670425415,7.945808997706498,0.7943108094746625,True
S1_C__piolenc__o161_ascending_S1C__2025-09-30__2025-10-12,S1_C,piolenc,o161_ascending_S1C,copol,calibration,matched_10m,2025-09-30,2025-10-12,0.13542991202351473,-0.27446429732276734,True,-0.7963390648365021,0.4288012161850929,0.9044481130426938,0.8502134869335284,True
S1_C__piolenc__o161_ascending_S1C__2025-09-30__2025-10-12,S1_C,piolenc,o161_ascending_S1C,crosspol,calibration,matched_10m,2025-09-30,2025-10-12,-0.02790812128468101,0.2858300910385143,True,-0.4462534189224243,-2.580650746822357,2.618950245990699,0.8136923634703862,True
S1_C__piolenc__o161_ascending_S1C__2025-10-24__2025-11-05,S1_C,piolenc,o161_ascending_S1C,copol,calibration,matched_10m,2025-10-24,2025-11-05,0.020088134233122723,0.16992714532963848,True,-0.4525487869977951,-3.350207507610321,3.3806346665473535,0.8906525494325501,True
S1_C__piolenc__o161_ascending_S1C__2025-10-24__2025-11-05,S1_C,piolenc,o161_ascending_S1C,crosspol,calibration,matched_10m,2025-10-24,2025-11-05,-0.2029027015028806,-0.009260994821941537,True,6.550578474998474,-0.5682459101080894,6.575179219722297,0.8023063558060178,True
S1_C__piolenc__o161_ascending_S1C__2025-11-17__2025-11-29,S1_C,piolenc,o161_ascending_S1C,copol,calibration,matched_10m,2025-11-17,2025-11-29,-0.1233566343992969,-0.26533379506009425,True,-1.2535957992076874,-3.1124821305274963,3.3554504080144207,0.7975227384284105,True
S1_C__piolenc__o161_ascending_S1C__2025-11-17__2025-11-29,S1_C,piolenc,o161_ascending_S1C,crosspol,calibration,matched_10m,2025-11-17,2025-11-29,-0.04956392402961285,-0.4898425016503998,True,-0.5223432928323746,2.1384622156620026,2.2013321338182954,0.7594663113899085,True
S1_C__piolenc__o161_ascending_S1C__2025-12-11__2025-12-23,S1_C,piolenc,o161_ascending_S1C,copol,calibration,matched_10m,2025-12-11,2025-12-23,-0.0033225171924069485,-0.12232172110859274,True,-3.0197924375534058,-1.1813339591026306,3.2426372428678847,0.8296147780561683,True
S1_C__piolenc__o161_ascending_S1C__2025-12-11__2025-12-23,S1_C,piolenc,o161_ascending_S1C,crosspol,calibration,matched_10m,2025-12-11,2025-12-23,-0.26150240972590844,0.17559294065564668,True,-0.7703730463981628,-1.7514568567276,1.913393778498015,0.7743066811438688,True
S1_C__piolenc__o161_ascending_S1C__2026-01-04__2026-01-16,S1_C,piolenc,o161_ascending_S1C,copol,calibration,matched_10m,2026-01-04,2026-01-16,0.20770648134752268,-0.1376697515822709,True,-2.20356822013855,-0.7936470210552216,2.342133321319349,0.7560123138657823,True
S1_C__piolenc__o161_ascending_S1C__2026-01-04__2026-01-16,S1_C,piolenc,o161_ascending_S1C,crosspol,calibration,matched_10m,2026-01-04,2026-01-16,0.1420443548658179,0.11244807820018288,True,-2.4854592978954315,0.5458512902259827,2.54469282085996,0.7824326750182257,True
S1_C__piolenc__o161_ascending_S1D__2026-05-17__2026-05-29,S1_C,piolenc,o161_ascending_S1D,copol,calibration,matched_10m,2026-05-17,2026-05-29,-6.426443599199338,-1.5775918305312278,True,nan,nan,nan,nan,False
S1_C__piolenc__o161_ascending_S1D__2026-05-17__2026-05-29,S1_C,piolenc,o161_ascending_S1D,crosspol,calibration,matched_10m,2026-05-17,2026-05-29,nan,nan,False,nan,nan,nan,nan,False
S1_C__piolenc__o161_ascending_S1D__2026-06-10__2026-06-22,S1_C,piolenc,o161_ascending_S1D,copol,calibration,matched_10m,2026-06-10,2026-06-22,-0.2751177830107432,-0.07805794360827178,True,0.701279491186142,-6.884943842887878,6.920566786360637,0.7187623033973294,True
S1_C__piolenc__o161_ascending_S1D__2026-06-10__2026-06-22,S1_C,piolenc,o161_ascending_S1D,crosspol,calibration,matched_10m,2026-06-10,2026-06-22,-0.11894113920007499,-0.15574459825260067,True,3.1815651059150696,-1.1368592828512192,3.3785804048714536,0.7465767310624564,True
S1_C__piolenc__o161_ascending_S1D__2026-07-04__2026-07-16,S1_C,piolenc,o161_ascending_S1D,copol,calibration,matched_10m,2026-07-04,2026-07-16,0.051264419404676964,0.39563635909537354,True,-3.5364848375320435,-8.009175658226013,8.755205293447672,0.7403375151174895,True
S1_C__piolenc__o161_ascending_S1D__2026-07-04__2026-07-16,S1_C,piolenc,o161_ascending_S1D,crosspol,calibration,matched_10m,2026-07-04,2026-07-16,0.18758372116700617,-0.3115697688797221,True,-2.8088533878326416,0.35986170172691345,2.8318117519900046,0.7696202482283221,True
S1_C__sirindhorn__o026_ascending_S1A__2022-01-10__2022-01-22,S1_C,sirindhorn,o026_ascending_S1A,copol,calibration,matched_10m,2022-01-10,2022-01-22,0.14026740410429106,0.03032049198955633,True,-0.6403571367263794,-0.9928237646818161,1.1814213009224868,0.9744150319337824,True
S1_C__sirindhorn__o026_ascending_S1A__2022-01-10__2022-01-22,S1_C,sirindhorn,o026_ascending_S1A,crosspol,calibration,matched_10m,2022-01-10,2022-01-22,0.05253552813795537,0.026513916327107978,True,-0.8510887622833252,-0.533258318901062,1.0043488019419096,0.9449793487077951,True
S1_C__sirindhorn__o026_ascending_S1A__2022-02-03__2022-02-15,S1_C,sirindhorn,o026_ascending_S1A,copol,calibration,matched_10m,2022-02-03,2022-02-15,0.042817371211437916,-0.011932955036797921,True,0.3856966271996498,-0.7293661683797836,0.8250678128555207,0.9578922267829957,True
S1_C__sirindhorn__o026_ascending_S1A__2022-02-03__2022-02-15,S1_C,sirindhorn,o026_ascending_S1A,crosspol,calibration,matched_10m,2022-02-03,2022-02-15,0.048310793739389624,-0.17177531944863844,True,-0.16833532601594925,1.762358546257019,1.770379741058412,0.9376246940944923,True
S1_C__sirindhorn__o026_ascending_S1A__2022-03-11__2022-03-23,S1_C,sirindhorn,o026_ascending_S1A,copol,calibration,matched_10m,2022-03-11,2022-03-23,0.08248431621062835,-0.10224969271446582,True,0.24458637461066246,0.7886486500501633,0.8257052669513089,0.9721482876718833,True
S1_C__sirindhorn__o026_ascending_S1A__2022-03-11__2022-03-23,S1_C,sirindhorn,o026_ascending_S1A,crosspol,calibration,matched_10m,2022-03-11,2022-03-23,0.062256490321527025,-0.012118252087955028,True,0.23310668766498566,0.11362209916114807,0.25932356092713005,0.9429481595203894,True
S1_C__sirindhorn__o026_ascending_S1A__2022-04-04__2022-04-16,S1_C,sirindhorn,o026_ascending_S1A,copol,calibration,matched_10m,2022-04-04,2022-04-16,0.022859233109738142,-0.12452149159900827,True,0.6750217825174332,1.4125651121139526,1.5655652662327804,0.9657450434773704,True
S1_C__sirindhorn__o026_ascending_S1A__2022-04-04__2022-04-16,S1_C,sirindhorn,o026_ascending_S1A,crosspol,calibration,matched_10m,2022-04-04,2022-04-16,-0.1004397135698909,0.0107597460615807,True,0.7012199610471725,-0.25498950853943825,0.7461428035143021,0.9276770324238494,True
S1_C__sirindhorn__o026_ascending_S1A__2022-04-28__2022-05-10,S1_C,sirindhorn,o026_ascending_S1A,copol,calibration,matched_10m,2022-04-28,2022-05-10,0.007281999279410201,0.14087064266479388,True,0.25802839547395706,-2.0283210277557373,2.0446674166003027,0.9531240187981047,True
S1_C__sirindhorn__o026_ascending_S1A__2022-04-28__2022-05-10,S1_C,sirindhorn,o026_ascending_S1A,crosspol,calibration,matched_10m,2022-04-28,2022-05-10,-0.2421794819254277,0.007873508768327042,True,2.640289068222046,0.11031997390091419,2.64259282910068,0.9315183289184465,True
S1_C__sirindhorn__o026_ascending_S1A__2022-05-22__2022-06-03,S1_C,sirindhorn,o026_ascending_S1A,copol,calibration,matched_10m,2022-05-22,2022-06-03,0.0712603291826639,0.0782023581615725,True,-1.324036419391632,-0.969262570142746,1.640896818741244,0.9561259194324065,True
S1_C__sirindhorn__o026_ascending_S1A__2022-05-22__2022-06-03,S1_C,sirindhorn,o026_ascending_S1A,crosspol,calibration,matched_10m,2022-05-22,2022-06-03,0.06464696355921618,0.011711527064182548,True,-1.2028318643569946,-1.0772930085659027,1.6147336375444397,0.9185926351504002,True
S1_C__sirindhorn__o026_ascending_S1A__2022-06-15__2022-06-27,S1_C,sirindhorn,o026_ascending_S1A,copol,calibration,matched_10m,2022-06-15,2022-06-27,-0.005618302948663612,-0.027486234700026202,True,0.46090323477983475,0.08277460932731628,0.4682770844060227,0.9587538150400614,True
S1_C__sirindhorn__o026_ascending_S1A__2022-06-15__2022-06-27,S1_C,sirindhorn,o026_ascending_S1A,crosspol,calibration,matched_10m,2022-06-15,2022-06-27,-0.12664954241039084,0.07654921876571663,True,1.9475875794887543,-0.46033140271902084,2.0012502042743496,0.9203447175037206,True
S1_C__sirindhorn__o026_ascending_S1A__2022-07-09__2022-07-21,S1_C,sirindhorn,o026_ascending_S1A,copol,calibration,matched_10m,2022-07-09,2022-07-21,0.23432321817860213,0.16199158063656505,True,-4.299872815608978,-1.0787734389305115,4.43313189099479,0.9406314402599129,True
S1_C__sirindhorn__o026_ascending_S1A__2022-07-09__2022-07-21,S1_C,sirindhorn,o026_ascending_S1A,crosspol,calibration,matched_10m,2022-07-09,2022-07-21,-0.043038541141172004,-0.04426390623589427,True,-1.2040571123361588,1.001596450805664,1.5661893180691127,0.9185290700663419,True
S1_C__sirindhorn__o026_ascending_S1A__2022-08-02__2022-08-14,S1_C,sirindhorn,o026_ascending_S1A,copol,calibration,matched_10m,2022-08-02,2022-08-14,0.030149308737758673,-0.06696612994926099,True,0.8144191652536392,0.12622535228729248,0.8241428373118859,0.9549600164312815,True
S1_C__sirindhorn__o026_ascending_S1A__2022-08-02__2022-08-14,S1_C,sirindhorn,o026_ascending_S1A,crosspol,calibration,matched_10m,2022-08-02,2022-08-14,0.020345349806191848,-0.19415830546031287,True,1.0897229611873627,1.9846868515014648,2.2641727033646863,0.9264755948877716,True
S1_C__sirindhorn__o026_ascending_S1A__2022-08-26__2022-09-07,S1_C,sirindhorn,o026_ascending_S1A,copol,calibration,matched_10m,2022-08-26,2022-09-07,0.07739977805605491,0.058571301366239226,True,0.14355379156768322,-1.6418471932411194,1.6481110087088187,0.9655625988516218,True
S1_C__sirindhorn__o026_ascending_S1A__2022-08-26__2022-09-07,S1_C,sirindhorn,o026_ascending_S1A,crosspol,calibration,matched_10m,2022-08-26,2022-09-07,0.2118468807365499,-0.0509040396631395,True,-1.8900668621063232,0.8568884432315826,2.0752374677073195,0.9409668987814415,True
S1_C__sirindhorn__o026_ascending_S1A__2022-09-19__2022-10-01,S1_C,sirindhorn,o026_ascending_S1A,copol,calibration,matched_10m,2022-09-19,2022-10-01,0.04323187737416845,0.022868199743673046,True,-1.9801563024520874,-0.8322174847126007,2.1479303815538553,0.9609999936756092,True
S1_C__sirindhorn__o026_ascending_S1A__2022-09-19__2022-10-01,S1_C,sirindhorn,o026_ascending_S1A,crosspol,calibration,matched_10m,2022-09-19,2022-10-01,0.055457976686653865,-0.09863845289087969,True,-2.198669910430908,0.05774087272584438,2.199427967317275,0.9268436977261264,True
S1_C__sirindhorn__o026_ascending_S1A__2022-10-13__2022-10-25,S1_C,sirindhorn,o026_ascending_S1A,copol,calibration,matched_10m,2022-10-13,2022-10-25,-0.06881157341631905,0.048364018651369634,True,0.5614341050386429,0.78842893242836,0.9678989801578806,0.9528825810194245,True
S1_C__sirindhorn__o026_ascending_S1A__2022-10-13__2022-10-25,S1_C,sirindhorn,o026_ascending_S1A,crosspol,calibration,matched_10m,2022-10-13,2022-10-25,0.3468462734943021,0.05536722281918571,True,-4.6709296107292175,1.9675219058990479,5.0684046679975765,0.9263302057273588,True
S1_C__sirindhorn__o026_ascending_S1A__2022-11-06__2022-11-18,S1_C,sirindhorn,o026_ascending_S1A,copol,calibration,matched_10m,2022-11-06,2022-11-18,0.09010980946361791,-0.01957236074071922,True,-1.6846251487731934,0.35864412784576416,1.7223784434082285,0.9650125363456693,True
S1_C__sirindhorn__o026_ascending_S1A__2022-11-06__2022-11-18,S1_C,sirindhorn,o026_ascending_S1A,crosspol,calibration,matched_10m,2022-11-06,2022-11-18,0.11265470824035262,0.1483350710404565,True,-1.8352699279785156,-1.1737677454948425,2.1785193202967723,0.9211864025866964,True
S1_C__sirindhorn__o026_ascending_S1A__2022-11-30__2022-12-12,S1_C,sirindhorn,o026_ascending_S1A,copol,calibration,matched_10m,2022-11-30,2022-12-12,-0.643178081034133,-0.03769469965512329,True,5.613833665847778,1.7252889275550842,5.87296776011499,0.9467125092195466,True
S1_C__sirindhorn__o026_ascending_S1A__2022-11-30__2022-12-12,S1_C,sirindhorn,o026_ascending_S1A,crosspol,calibration,matched_10m,2022-11-30,2022-12-12,0.02330786568417409,-0.25828970396638695,True,-2.0333102345466614,2.737565040588379,3.41007519878431,0.9179177589777723,True
S1_C__sirindhorn__o026_ascending_S1A__2022-12-24__2023-01-05,S1_C,sirindhorn,o026_ascending_S1A,copol,calibration,matched_10m,2022-12-24,2023-01-05,0.198947409091911,0.08096464049344476,True,-0.9732185304164886,-2.2231271862983704,2.426818657090995,0.9506048767620102,True
S1_C__sirindhorn__o026_ascending_S1A__2022-12-24__2023-01-05,S1_C,sirindhorn,o026_ascending_S1A,crosspol,calibration,matched_10m,2022-12-24,2023-01-05,0.06049300737002383,-0.012825098575429905,True,-0.001031234860420227,0.7337881624698639,0.7337888870964432,0.9187028515706991,True
S1_C__sirindhorn__o026_ascending_S1A__2023-01-17__2023-01-29,S1_C,sirindhorn,o026_ascending_S1A,copol,calibration,matched_10m,2023-01-17,2023-01-29,-0.19925745435783426,0.13796072909821078,True,1.9974890351295471,0.9066641330718994,2.193627656568404,0.9227397260156918,True
S1_C__sirindhorn__o026_ascending_S1A__2023-01-17__2023-01-29,S1_C,sirindhorn,o026_ascending_S1A,crosspol,calibration,matched_10m,2023-01-17,2023-01-29,0.027981359748785906,0.1440999716132172,True,-1.7606069147586823,-0.5611005797982216,1.847855667779815,0.8981110784532835,True
S1_C__sirindhorn__o026_ascending_S1A__2023-02-10__2023-02-22,S1_C,sirindhorn,o026_ascending_S1A,copol,calibration,matched_10m,2023-02-10,2023-02-22,0.21088107765937636,0.07600356722479518,True,-1.9085732102394104,0.1897697150707245,1.9179844221477902,0.9678683786404437,True
S1_C__sirindhorn__o026_ascending_S1A__2023-02-10__2023-02-22,S1_C,sirindhorn,o026_ascending_S1A,crosspol,calibration,matched_10m,2023-02-10,2023-02-22,0.010257872429749071,-0.0992148211658126,True,0.08444612845778465,1.9145724177360535,1.916433847375689,0.9418153801555823,True
S1_C__sirindhorn__o026_ascending_S1A__2023-03-06__2023-03-18,S1_C,sirindhorn,o026_ascending_S1A,copol,calibration,matched_10m,2023-03-06,2023-03-18,0.07059116938425447,0.08026548672960132,True,-0.8331368863582611,-1.4061398804187775,1.6344254142403905,0.9730817189843519,True
S1_C__sirindhorn__o026_ascending_S1A__2023-03-06__2023-03-18,S1_C,sirindhorn,o026_ascending_S1A,crosspol,calibration,matched_10m,2023-03-06,2023-03-18,0.020725028219011676,-0.009778188956447664,True,0.01902405172586441,-0.3752492368221283,0.3757311595804347,0.931735467963531,True
S1_C__sirindhorn__o026_ascending_S1A__2023-03-30__2023-04-11,S1_C,sirindhorn,o026_ascending_S1A,copol,calibration,matched_10m,2023-03-30,2023-04-11,-0.05003586097990009,-0.03470568991725642,True,-0.46174272894859314,-0.29920244589447975,0.5502076438637807,0.9437960357079244,True
S1_C__sirindhorn__o026_ascending_S1A__2023-03-30__2023-04-11,S1_C,sirindhorn,o026_ascending_S1A,crosspol,calibration,matched_10m,2023-03-30,2023-04-11,0.10301216350892872,-0.002973365974694886,True,-0.4644458740949631,-0.766894593834877,0.8965697340513984,0.9068642373309634,True
S1_C__sirindhorn__o026_ascending_S1A__2023-04-23__2023-05-05,S1_C,sirindhorn,o026_ascending_S1A,copol,calibration,matched_10m,2023-04-23,2023-05-05,-0.00043327347013288886,-0.15334933747914192,True,0.1456751674413681,0.7983388006687164,0.8115208531283933,0.9633525809306026,True
S1_C__sirindhorn__o026_ascending_S1A__2023-04-23__2023-05-05,S1_C,sirindhorn,o026_ascending_S1A,crosspol,calibration,matched_10m,2023-04-23,2023-05-05,-0.2244159451594303,-0.19087449176941185,True,2.44299054145813,1.636454313993454,2.9404396792727567,0.9273211842812151,True
S1_C__sirindhorn__o026_ascending_S1A__2023-05-17__2023-05-29,S1_C,sirindhorn,o026_ascending_S1A,copol,calibration,matched_10m,2023-05-17,2023-05-29,0.15526609601479713,0.0703330346172013,True,-2.617141008377075,-1.5234409272670746,3.0282502070670017,0.9766322610782107,True
S1_C__sirindhorn__o026_ascending_S1A__2023-05-17__2023-05-29,S1_C,sirindhorn,o026_ascending_S1A,crosspol,calibration,matched_10m,2023-05-17,2023-05-29,-0.002604382774142877,0.03506388772902902,True,-0.6332919746637344,0.3581814467906952,0.7275662677712372,0.9528369039876726,True
S1_C__sirindhorn__o026_ascending_S1A__2023-06-22__2023-07-16,S1_C,sirindhorn,o026_ascending_S1A,copol,calibration,matched_10m,2023-06-22,2023-07-16,-0.08961777519595415,0.13972886857496825,True,0.987398773431778,-0.556943342089653,1.1336411354889042,0.9467182795800615,True
S1_C__sirindhorn__o026_ascending_S1A__2023-06-22__2023-07-16,S1_C,sirindhorn,o026_ascending_S1A,crosspol,calibration,matched_10m,2023-06-22,2023-07-16,-0.022205788849177566,0.013099158677029266,True,0.3376547247171402,-0.12424001470208168,0.3597864566336276,0.9194853794354902,True
S1_C__sirindhorn__o026_ascending_S1A__2023-07-28__2023-08-09,S1_C,sirindhorn,o026_ascending_S1A,copol,calibration,matched_10m,2023-07-28,2023-08-09,0.07094714744195585,0.13143605708129869,True,-0.8174289762973785,-1.563737690448761,1.7645015431618656,0.9566605146502982,True
S1_C__sirindhorn__o026_ascending_S1A__2023-07-28__2023-08-09,S1_C,sirindhorn,o026_ascending_S1A,crosspol,calibration,matched_10m,2023-07-28,2023-08-09,0.10146203985834745,-0.031143966142359147,True,-2.2370725870132446,0.4502706229686737,2.2819372019130433,0.9204724798548601,True
S1_C__sirindhorn__o026_ascending_S1A__2023-08-21__2023-09-02,S1_C,sirindhorn,o026_ascending_S1A,copol,calibration,matched_10m,2023-08-21,2023-09-02,0.19841911370899368,-0.06705280725457285,True,-2.2395771741867065,0.24170566350221634,2.252582417339521,0.9397898782858553,True
S1_C__sirindhorn__o026_ascending_S1A__2023-08-21__2023-09-02,S1_C,sirindhorn,o026_ascending_S1A,crosspol,calibration,matched_10m,2023-08-21,2023-09-02,0.19993222088812423,0.10974019093367637,True,-2.187992185354233,-0.3573845326900482,2.216987484713722,0.9058070852007609,True
S1_C__sirindhorn__o026_ascending_S1A__2023-09-14__2023-09-26,S1_C,sirindhorn,o026_ascending_S1A,copol,calibration,matched_10m,2023-09-14,2023-09-26,-0.01328148464529022,0.09097723641393074,True,-0.5223626643419266,-0.5457889288663864,0.7554788600427637,0.9513790486138276,True
S1_C__sirindhorn__o026_ascending_S1A__2023-09-14__2023-09-26,S1_C,sirindhorn,o026_ascending_S1A,crosspol,calibration,matched_10m,2023-09-14,2023-09-26,-0.01478084961706827,0.09635956343925045,True,0.15856560319662094,1.1306211352348328,1.1416861223457218,0.9115112758493514,True
S1_C__sirindhorn__o026_ascending_S1A__2023-10-08__2023-10-20,S1_C,sirindhorn,o026_ascending_S1A,copol,calibration,matched_10m,2023-10-08,2023-10-20,0.37393681200603446,-0.17244269191727923,True,-2.6911747455596924,1.4555011689662933,3.0595596356339456,0.9796243894094128,True
S1_C__sirindhorn__o026_ascending_S1A__2023-10-08__2023-10-20,S1_C,sirindhorn,o026_ascending_S1A,crosspol,calibration,matched_10m,2023-10-08,2023-10-20,0.1192477530033127,-0.2235606999154527,True,0.11023974046111107,2.9002025723457336,2.902296980155157,0.9548555721394189,True
S1_C__sirindhorn__o026_ascending_S1A__2023-11-01__2023-11-25,S1_C,sirindhorn,o026_ascending_S1A,copol,calibration,matched_10m,2023-11-01,2023-11-25,0.18596874438659405,0.11604301212953061,True,-1.5676498413085938,-1.13283172249794,1.9341235059976156,0.9584765078590122,True
S1_C__sirindhorn__o026_ascending_S1A__2023-11-01__2023-11-25,S1_C,sirindhorn,o026_ascending_S1A,crosspol,calibration,matched_10m,2023-11-01,2023-11-25,-0.05196804983424741,-0.0676082290894442,True,0.37500374019145966,-0.1843874342739582,0.41788339411337827,0.9274655397963032,True
S1_C__sirindhorn__o026_ascending_S1A__2023-12-07__2023-12-19,S1_C,sirindhorn,o026_ascending_S1A,copol,calibration,matched_10m,2023-12-07,2023-12-19,0.00481059447185217,-0.11212224747563049,True,1.3695353269577026,1.1910788714885712,1.815019528790704,0.9541048547379551,True
S1_C__sirindhorn__o026_ascending_S1A__2023-12-07__2023-12-19,S1_C,sirindhorn,o026_ascending_S1A,crosspol,calibration,matched_10m,2023-12-07,2023-12-19,0.006775314882075278,-0.3034071548470987,True,2.0625166594982147,3.786930739879608,4.312171077236244,0.9156515408016467,True
S1_C__sirindhorn__o026_ascending_S1A__2024-01-24__2024-02-05,S1_C,sirindhorn,o026_ascending_S1A,copol,calibration,matched_10m,2024-01-24,2024-02-05,-0.03993032241231731,-0.07823638984736903,True,0.5355404317378998,0.8152034133672714,0.9753769318533562,0.9243304196753817,True
S1_C__sirindhorn__o026_ascending_S1A__2024-01-24__2024-02-05,S1_C,sirindhorn,o026_ascending_S1A,crosspol,calibration,matched_10m,2024-01-24,2024-02-05,0.017693751745794017,0.07484092106686013,True,0.03379543777555227,-0.37927404046058655,0.38077674480164864,0.899952582128382,True
S1_C__sirindhorn__o026_ascending_S1A__2024-02-29__2024-03-12,S1_C,sirindhorn,o026_ascending_S1A,copol,calibration,matched_10m,2024-02-29,2024-03-12,-0.029149734079883416,0.21103806717648865,True,0.2652028948068619,-2.070792317390442,2.087705294618284,0.969239654670401,True
S1_C__sirindhorn__o026_ascending_S1A__2024-02-29__2024-03-12,S1_C,sirindhorn,o026_ascending_S1A,crosspol,calibration,matched_10m,2024-02-29,2024-03-12,0.10799358339700404,0.09591247450956963,True,-1.3077512383460999,-0.6723391264677048,1.470460200881042,0.9457695948025794,True
S1_C__sirindhorn__o026_ascending_S1A__2024-03-24__2024-04-05,S1_C,sirindhorn,o026_ascending_S1A,copol,calibration,matched_10m,2024-03-24,2024-04-05,-0.09639002189195267,0.23647207634260248,True,0.9695175290107727,-2.217104136943817,2.4198171404287026,0.9578017506307173,True
S1_C__sirindhorn__o026_ascending_S1A__2024-03-24__2024-04-05,S1_C,sirindhorn,o026_ascending_S1A,crosspol,calibration,matched_10m,2024-03-24,2024-04-05,0.18080183782532622,0.20009756545491975,True,-1.487063616514206,-0.40620770305395126,1.5415456196884594,0.9282233829599611,True
S1_C__sirindhorn__o026_ascending_S1A__2024-04-17__2024-04-29,S1_C,sirindhorn,o026_ascending_S1A,copol,calibration,matched_10m,2024-04-17,2024-04-29,0.012541438912935021,0.06276736855535425,True,0.7661029696464539,-0.2525997906923294,0.806672433121973,0.9443033245615061,True
S1_C__sirindhorn__o026_ascending_S1A__2024-04-17__2024-04-29,S1_C,sirindhorn,o026_ascending_S1A,crosspol,calibration,matched_10m,2024-04-17,2024-04-29,-0.13930583400877516,-0.15145035502019688,True,1.8946154415607452,1.7820577323436737,2.60101853757452,0.9166458209288861,True
S1_C__sirindhorn__o026_ascending_S1A__2024-05-11__2024-06-04,S1_C,sirindhorn,o026_ascending_S1A,copol,calibration,matched_10m,2024-05-11,2024-06-04,-0.2300810165651086,-0.2295542672930928,True,1.7354321479797363,2.317149341106415,2.894979414301845,0.9698424271595254,True
S1_C__sirindhorn__o026_ascending_S1A__2024-05-11__2024-06-04,S1_C,sirindhorn,o026_ascending_S1A,crosspol,calibration,matched_10m,2024-05-11,2024-06-04,0.026078248266841797,-0.07658903636560588,True,-0.038394415751099586,0.6903094798326492,0.6913763874386303,0.9470945106184936,True
S1_C__sirindhorn__o026_ascending_S1A__2024-06-16__2024-07-22,S1_C,sirindhorn,o026_ascending_S1A,copol,calibration,matched_10m,2024-06-16,2024-07-22,-0.04853003732855754,-0.02091310290981596,True,1.4523464441299438,-0.8314143121242523,1.6734873624207431,0.9580648895038206,True
S1_C__sirindhorn__o026_ascending_S1A__2024-06-16__2024-07-22,S1_C,sirindhorn,o026_ascending_S1A,crosspol,calibration,matched_10m,2024-06-16,2024-07-22,-0.07278744196436548,0.0029729144074472913,True,2.493457794189453,0.7920560985803604,2.6162348202526613,0.9149922598311543,True
S1_C__sirindhorn__o026_ascending_S1A__2024-08-03__2024-08-15,S1_C,sirindhorn,o026_ascending_S1A,copol,calibration,matched_10m,2024-08-03,2024-08-15,0.19150507021865515,0.034827097378308025,True,-2.4517416954040527,-0.3623434156179428,2.47837246833974,0.950564504297314,True
S1_C__sirindhorn__o026_ascending_S1A__2024-08-03__2024-08-15,S1_C,sirindhorn,o026_ascending_S1A,crosspol,calibration,matched_10m,2024-08-03,2024-08-15,0.3204424569658446,0.003176313550339316,True,-2.588024139404297,0.13325168751180172,2.591452287495198,0.9023937600261454,True
S1_C__sirindhorn__o026_ascending_S1C__2025-05-12__2025-05-24,S1_C,sirindhorn,o026_ascending_S1C,copol,calibration,matched_10m,2025-05-12,2025-05-24,0.044700877078962975,-0.12622946733615947,True,-2.591807246208191,2.0075345039367676,3.2783623329330043,0.9284460751766977,True
S1_C__sirindhorn__o026_ascending_S1C__2025-05-12__2025-05-24,S1_C,sirindhorn,o026_ascending_S1C,crosspol,calibration,matched_10m,2025-05-12,2025-05-24,0.15737102148936444,-0.1672755484579742,True,-3.540757894515991,1.6259939968585968,3.8962575563478232,0.8976035794063151,True
S1_C__sirindhorn__o026_ascending_S1C__2025-06-05__2025-06-17,S1_C,sirindhorn,o026_ascending_S1C,copol,calibration,matched_10m,2025-06-05,2025-06-17,0.013462977302918233,-0.08095901280172413,True,-1.533915102481842,1.5328848361968994,2.168555155550413,0.9492291652651094,True
S1_C__sirindhorn__o026_ascending_S1C__2025-06-05__2025-06-17,S1_C,sirindhorn,o026_ascending_S1C,crosspol,calibration,matched_10m,2025-06-05,2025-06-17,0.0049909451887053535,-0.08469183909624434,True,-0.9178178012371063,0.09014194831252098,0.9222337486306244,0.9126418391363742,True
S1_C__sirindhorn__o026_ascending_S1C__2025-06-29__2025-07-11,S1_C,sirindhorn,o026_ascending_S1C,copol,calibration,matched_10m,2025-06-29,2025-07-11,-0.029733840653385357,-0.12272207061945295,True,-0.552375465631485,2.2230081260204315,2.2906077323244305,0.9668207154454133,True
S1_C__sirindhorn__o026_ascending_S1C__2025-06-29__2025-07-11,S1_C,sirindhorn,o026_ascending_S1C,crosspol,calibration,matched_10m,2025-06-29,2025-07-11,0.020961808377691682,0.038901289710834064,True,-1.5143859386444092,-0.4918774962425232,1.5922651294535473,0.9351524408747969,True
S1_C__sirindhorn__o026_ascending_S1C__2025-08-04__2025-08-16,S1_C,sirindhorn,o026_ascending_S1C,copol,calibration,matched_10m,2025-08-04,2025-08-16,-0.11125940064500028,-0.0043833934793156,True,1.3198277354240417,-0.26832034811377525,1.3468262918455565,0.963714682278359,True
S1_C__sirindhorn__o026_ascending_S1C__2025-08-04__2025-08-16,S1_C,sirindhorn,o026_ascending_S1C,crosspol,calibration,matched_10m,2025-08-04,2025-08-16,-0.015071006168039247,-0.09499135669565106,True,-1.4255794882774353,0.8763793855905533,1.6734149828674985,0.9422829360209543,True
S1_C__sirindhorn__o026_ascending_S1C__2025-08-28__2025-09-09,S1_C,sirindhorn,o026_ascending_S1C,copol,calibration,matched_10m,2025-08-28,2025-09-09,-0.07429569444228612,-0.054013288162890305,True,-0.5636818706989288,0.813974142074585,0.9900965383843641,0.9678524075398676,True
S1_C__sirindhorn__o026_ascending_S1C__2025-08-28__2025-09-09,S1_C,sirindhorn,o026_ascending_S1C,crosspol,calibration,matched_10m,2025-08-28,2025-09-09,-0.3098836199684669,-0.06559967005260248,True,2.5939056277275085,0.4994451254606247,2.641551029017388,0.9433879188730653,True
S1_C__sirindhorn__o026_ascending_S1C__2025-09-21__2025-10-03,S1_C,sirindhorn,o026_ascending_S1C,copol,calibration,matched_10m,2025-09-21,2025-10-03,-0.03471420162704675,0.10888459996747102,True,-2.0146863162517548,-1.7477542161941528,2.667134371027546,0.963802906390115,True
S1_C__sirindhorn__o026_ascending_S1C__2025-09-21__2025-10-03,S1_C,sirindhorn,o026_ascending_S1C,crosspol,calibration,matched_10m,2025-09-21,2025-10-03,0.17022941613187115,-0.20212441629997713,True,-2.8776296973228455,1.5055207908153534,3.24766770567613,0.935084690169678,True
S1_C__sirindhorn__o026_ascending_S1C__2025-10-15__2025-10-27,S1_C,sirindhorn,o026_ascending_S1C,copol,calibration,matched_10m,2025-10-15,2025-10-27,0.03847214953370681,-0.08348976891229576,True,-0.7546330243349075,1.3959433138370514,1.5868612846947958,0.972669347963426,True
S1_C__sirindhorn__o026_ascending_S1C__2025-10-15__2025-10-27,S1_C,sirindhorn,o026_ascending_S1C,crosspol,calibration,matched_10m,2025-10-15,2025-10-27,0.040132594000661825,0.07284654571074611,True,-1.3463927805423737,-0.663321241736412,1.5009225793608942,0.93934029558778,True
S1_C__sirindhorn__o026_ascending_S1C__2025-11-08__2025-11-20,S1_C,sirindhorn,o026_ascending_S1C,copol,calibration,matched_10m,2025-11-08,2025-11-20,0.09051183298593557,0.0718383687349764,True,-1.423838585615158,0.6196428835391998,1.5528276211503156,0.9510706578063671,True
S1_C__sirindhorn__o026_ascending_S1C__2025-11-08__2025-11-20,S1_C,sirindhorn,o026_ascending_S1C,crosspol,calibration,matched_10m,2025-11-08,2025-11-20,0.010023167628471441,-0.05903736873422005,True,-1.9607456028461456,0.5873497202992439,2.046827548431009,0.9080786710990357,True
S1_C__sirindhorn__o026_ascending_S1C__2025-12-02__2025-12-14,S1_C,sirindhorn,o026_ascending_S1C,copol,calibration,matched_10m,2025-12-02,2025-12-14,-0.05943218790904581,-0.005695797246531242,True,0.2011394128203392,0.9564544260501862,0.977375123737402,0.9521561522683711,True
S1_C__sirindhorn__o026_ascending_S1C__2025-12-02__2025-12-14,S1_C,sirindhorn,o026_ascending_S1C,crosspol,calibration,matched_10m,2025-12-02,2025-12-14,0.1686284521573036,-0.16733598093347446,True,-3.7055590748786926,2.6006153225898743,4.527070588526875,0.9315779710540039,True
S1_C__sirindhorn__o026_ascending_S1C__2025-12-26__2026-01-07,S1_C,sirindhorn,o026_ascending_S1C,copol,calibration,matched_10m,2025-12-26,2026-01-07,-0.13828846262243033,-0.030930563178458215,True,1.4552639424800873,0.835491269826889,1.6780461269701838,0.9454109781497312,True
S1_C__sirindhorn__o026_ascending_S1C__2025-12-26__2026-01-07,S1_C,sirindhorn,o026_ascending_S1C,crosspol,calibration,matched_10m,2025-12-26,2026-01-07,-0.002285172454289608,0.017900439792356337,True,-1.2916943430900574,-0.05060655064880848,1.2926853054550536,0.9212079151730505,True
S1_C__sirindhorn__o026_ascending_S1D__2026-05-20__2026-06-01,S1_C,sirindhorn,o026_ascending_S1D,copol,calibration,matched_10m,2026-05-20,2026-06-01,9.289793643368512,-3.190757922107551,True,nan,nan,nan,nan,False
S1_C__sirindhorn__o026_ascending_S1D__2026-05-20__2026-06-01,S1_C,sirindhorn,o026_ascending_S1D,crosspol,calibration,matched_10m,2026-05-20,2026-06-01,nan,nan,False,nan,nan,nan,nan,False
S1_C__sirindhorn__o026_ascending_S1D__2026-06-13__2026-06-25,S1_C,sirindhorn,o026_ascending_S1D,copol,calibration,matched_10m,2026-06-13,2026-06-25,0.4585271166181677,-0.19972619827429838,True,1.7852114140987396,-0.8494575321674347,1.9770073070134087,0.9635078579042154,True
S1_C__sirindhorn__o026_ascending_S1D__2026-06-13__2026-06-25,S1_C,sirindhorn,o026_ascending_S1D,crosspol,calibration,matched_10m,2026-06-13,2026-06-25,0.3383685176099327,-0.26078855854439453,True,2.867753505706787,0.014530823100358248,2.8677903190982326,0.9418465483431933,True
S1_C__sirindhorn__o026_ascending_S1D__2026-07-07__2026-07-19,S1_C,sirindhorn,o026_ascending_S1D,copol,calibration,matched_10m,2026-07-07,2026-07-19,0.0768014204782439,-0.08014044758957439,True,-0.16264727339148521,-0.24996737018227577,0.29822444852414,0.9643255368533012,True
S1_C__sirindhorn__o026_ascending_S1D__2026-07-07__2026-07-19,S1_C,sirindhorn,o026_ascending_S1D,crosspol,calibration,matched_10m,2026-07-07,2026-07-19,0.19152026193396132,-0.2751132970961123,True,-1.3259181380271912,1.921028047800064,2.3341824412808907,0.928649105241574,True
S1_C__sirindhorn__o091_descending_S1A__2022-01-02__2022-01-14,S1_C,sirindhorn,o091_descending_S1A,copol,calibration,matched_10m,2022-01-02,2022-01-14,-0.012844873873909535,0.09666416541313438,True,-1.5316134691238403,0.23251932114362717,1.5491626943309273,0.8053076787641343,True
S1_C__sirindhorn__o091_descending_S1A__2022-01-02__2022-01-14,S1_C,sirindhorn,o091_descending_S1A,crosspol,calibration,matched_10m,2022-01-02,2022-01-14,-0.037279290615295224,-0.18309365643025366,True,0.12175405398011208,1.286211609840393,1.2919614370981851,0.7322131249774179,True
S1_C__sirindhorn__o091_descending_S1A__2022-01-26__2022-02-07,S1_C,sirindhorn,o091_descending_S1A,copol,calibration,matched_10m,2022-01-26,2022-02-07,-0.036056396347287745,0.0779953737105572,True,0.4015269875526428,-1.2521818280220032,1.3149841262013873,0.7913975321472758,True
S1_C__sirindhorn__o091_descending_S1A__2022-01-26__2022-02-07,S1_C,sirindhorn,o091_descending_S1A,crosspol,calibration,matched_10m,2022-01-26,2022-02-07,-0.0027404998777988965,0.06541983292700593,True,-0.4770749434828758,-0.6984086334705353,0.8457985108791394,0.7196140421088234,True
S1_C__sirindhorn__o091_descending_S1A__2022-02-19__2022-03-03,S1_C,sirindhorn,o091_descending_S1A,copol,calibration,matched_10m,2022-02-19,2022-03-03,0.15010191482338797,0.0838325607485455,True,-2.429531067609787,1.3595619797706604,2.7840671660933523,0.8250228609691448,True
S1_C__sirindhorn__o091_descending_S1A__2022-02-19__2022-03-03,S1_C,sirindhorn,o091_descending_S1A,crosspol,calibration,matched_10m,2022-02-19,2022-03-03,-0.14828101549740502,-0.05828265517668818,True,1.1117924749851227,1.9737903773784637,2.265376560588849,0.7233314615659673,True
S1_C__sirindhorn__o091_descending_S1A__2022-03-15__2022-03-27,S1_C,sirindhorn,o091_descending_S1A,copol,calibration,matched_10m,2022-03-15,2022-03-27,-0.2152048745974664,0.30963679098738695,True,2.617979943752289,-6.34346604347229,6.86246168882386,0.6400703646941782,True
S1_C__sirindhorn__o091_descending_S1A__2022-03-15__2022-03-27,S1_C,sirindhorn,o091_descending_S1A,crosspol,calibration,matched_10m,2022-03-15,2022-03-27,0.33307436861602824,0.011112988956785586,True,-5.346038341522217,-2.122544050216675,5.751983935490069,0.6579360176512496,True
S1_C__sirindhorn__o091_descending_S1A__2022-04-08__2022-04-20,S1_C,sirindhorn,o091_descending_S1A,copol,calibration,matched_10m,2022-04-08,2022-04-20,-0.12590466249832843,0.04800851448040433,True,-0.44310256838798523,3.1200000643730164,3.1513077107448035,0.8244945218272379,True
S1_C__sirindhorn__o091_descending_S1A__2022-04-08__2022-04-20,S1_C,sirindhorn,o091_descending_S1A,crosspol,calibration,matched_10m,2022-04-08,2022-04-20,-0.043914665485523585,0.024841429354115263,True,-0.008296907180920243,0.7343083620071411,0.7343552336453928,0.6252256732411547,True
S1_C__sirindhorn__o091_descending_S1A__2022-05-02__2022-05-14,S1_C,sirindhorn,o091_descending_S1A,copol,calibration,matched_10m,2022-05-02,2022-05-14,-0.022444062683449673,0.14233843354966424,True,-0.5233869329094887,3.628866672515869,3.6664161259241697,0.6548943351438634,True
S1_C__sirindhorn__o091_descending_S1A__2022-05-02__2022-05-14,S1_C,sirindhorn,o091_descending_S1A,crosspol,calibration,matched_10m,2022-05-02,2022-05-14,-0.13681075784887575,-0.10884650274778984,True,-0.5337897688150406,1.6235415637493134,1.7090402939992901,0.637396137448263,True
S1_C__sirindhorn__o091_descending_S1A__2022-05-26__2022-06-07,S1_C,sirindhorn,o091_descending_S1A,copol,calibration,matched_10m,2022-05-26,2022-06-07,0.0557946577037427,0.11157655583574311,True,1.284690946340561,-0.5410576611757278,1.393977840686987,0.7755465531017793,True
S1_C__sirindhorn__o091_descending_S1A__2022-05-26__2022-06-07,S1_C,sirindhorn,o091_descending_S1A,crosspol,calibration,matched_10m,2022-05-26,2022-06-07,-0.30239926000007955,0.08453341827362593,True,5.027710199356079,-4.811911582946777,6.959336385806229,0.6621994872925051,True
S1_C__sirindhorn__o091_descending_S1A__2022-06-19__2022-07-01,S1_C,sirindhorn,o091_descending_S1A,copol,calibration,matched_10m,2022-06-19,2022-07-01,-0.13338728419839185,0.06586896016912824,True,3.745356500148773,-2.468825727701187,4.485843932524399,0.6716329998371283,True
S1_C__sirindhorn__o091_descending_S1A__2022-06-19__2022-07-01,S1_C,sirindhorn,o091_descending_S1A,crosspol,calibration,matched_10m,2022-06-19,2022-07-01,-0.1723792726311828,-0.08806572808726898,True,0.08276749402284622,-0.10250930674374104,0.13175210068877186,0.6691565375659605,True
S1_C__sirindhorn__o091_descending_S1A__2022-07-13__2022-07-25,S1_C,sirindhorn,o091_descending_S1A,copol,calibration,matched_10m,2022-07-13,2022-07-25,0.3133114803668029,-0.05587245366324112,True,-1.4245377480983734,2.8418582677841187,3.178909594488358,0.8815608955319907,True
S1_C__sirindhorn__o091_descending_S1A__2022-07-13__2022-07-25,S1_C,sirindhorn,o091_descending_S1A,crosspol,calibration,matched_10m,2022-07-13,2022-07-25,-0.004941232474868329,-0.06152076855591915,True,0.7642018049955368,0.9938125312328339,1.2536617350760326,0.7590981891537795,True
S1_C__sirindhorn__o091_descending_S1A__2022-08-18__2022-08-30,S1_C,sirindhorn,o091_descending_S1A,copol,calibration,matched_10m,2022-08-18,2022-08-30,0.13730316889237315,0.07267944854545938,True,-1.9063752889633179,-1.9854393601417542,2.752496356976712,0.7586975178857321,True
S1_C__sirindhorn__o091_descending_S1A__2022-08-18__2022-08-30,S1_C,sirindhorn,o091_descending_S1A,crosspol,calibration,matched_10m,2022-08-18,2022-08-30,0.12611538944691958,-0.14715140318647357,True,-2.6748573780059814,-0.9822770208120346,2.849514017914002,0.6725534433432956,True
S1_C__sirindhorn__o091_descending_S1A__2022-09-11__2022-09-23,S1_C,sirindhorn,o091_descending_S1A,copol,calibration,matched_10m,2022-09-11,2022-09-23,0.15326287900708024,-0.14870527585075166,True,1.151619404554367,2.620590627193451,2.86246790170306,0.8436785266647295,True
S1_C__sirindhorn__o091_descending_S1A__2022-09-11__2022-09-23,S1_C,sirindhorn,o091_descending_S1A,crosspol,calibration,matched_10m,2022-09-11,2022-09-23,-0.002655460091247619,-0.16064053129352196,True,-0.8662888407707214,3.5195565223693848,3.624601284251381,0.710251458187804,True
S1_C__sirindhorn__o091_descending_S1A__2022-10-05__2022-10-17,S1_C,sirindhorn,o091_descending_S1A,copol,calibration,matched_10m,2022-10-05,2022-10-17,-0.006394571129053617,-0.09507460946111657,True,0.6585259735584259,0.36497339606285095,0.7529024091372821,0.8030926070580509,True
S1_C__sirindhorn__o091_descending_S1A__2022-10-05__2022-10-17,S1_C,sirindhorn,o091_descending_S1A,crosspol,calibration,matched_10m,2022-10-05,2022-10-17,0.15636240327788897,-0.010161257520206135,True,-1.964828073978424,1.0678451508283615,2.2362563865624643,0.7103882332859492,True
S1_C__sirindhorn__o091_descending_S1A__2022-10-29__2022-11-10,S1_C,sirindhorn,o091_descending_S1A,copol,calibration,matched_10m,2022-10-29,2022-11-10,-0.017379658783459817,0.14107622651131102,True,-0.4257871210575104,-1.9602170586585999,2.0059276132290056,0.8814867663251686,True
S1_C__sirindhorn__o091_descending_S1A__2022-10-29__2022-11-10,S1_C,sirindhorn,o091_descending_S1A,crosspol,calibration,matched_10m,2022-10-29,2022-11-10,-0.08269866700461037,-0.11582318457733365,True,0.4528912529349327,-0.7452556490898132,0.872075953965738,0.6848642031142318,True
S1_C__sirindhorn__o091_descending_S1A__2022-11-22__2022-12-04,S1_C,sirindhorn,o091_descending_S1A,copol,calibration,matched_10m,2022-11-22,2022-12-04,-0.21783394481521867,-0.06624540271733892,True,2.0149314403533936,-2.543495297431946,3.2448909130174197,0.8555116930206182,True
S1_C__sirindhorn__o091_descending_S1A__2022-11-22__2022-12-04,S1_C,sirindhorn,o091_descending_S1A,crosspol,calibration,matched_10m,2022-11-22,2022-12-04,-0.00011131683624832078,0.06780061311437358,True,1.725146621465683,-1.0878275334835052,2.0394851331057224,0.7023062120999104,True
S1_C__sirindhorn__o091_descending_S1A__2022-12-16__2022-12-28,S1_C,sirindhorn,o091_descending_S1A,copol,calibration,matched_10m,2022-12-16,2022-12-28,0.21948193427168583,0.14230243065183856,True,-1.4139142632484436,-5.341400504112244,5.52536993233466,0.850170078775351,True
S1_C__sirindhorn__o091_descending_S1A__2022-12-16__2022-12-28,S1_C,sirindhorn,o091_descending_S1A,crosspol,calibration,matched_10m,2022-12-16,2022-12-28,0.02218298993626,0.012922755577418954,True,1.3947692513465881,-1.1499737203121185,1.8077114874643068,0.7160119337876117,True
S1_C__sirindhorn__o091_descending_S1A__2023-01-09__2023-01-21,S1_C,sirindhorn,o091_descending_S1A,copol,calibration,matched_10m,2023-01-09,2023-01-21,0.14053610469601807,-0.0047879937738102285,True,-0.6299597769975662,0.7385273277759552,0.9707069251358602,0.8407696633337929,True
S1_C__sirindhorn__o091_descending_S1A__2023-01-09__2023-01-21,S1_C,sirindhorn,o091_descending_S1A,crosspol,calibration,matched_10m,2023-01-09,2023-01-21,0.04286195833508799,-0.053563899463389575,True,1.0366270691156387,1.1796294897794724,1.5703889370409667,0.7086246473355651,True
S1_C__sirindhorn__o091_descending_S1A__2023-02-02__2023-02-14,S1_C,sirindhorn,o091_descending_S1A,copol,calibration,matched_10m,2023-02-02,2023-02-14,0.1441459419740454,-0.11941785043250874,True,-1.2280526757240295,1.4185549318790436,1.8762759576115946,0.8831136896366243,True
S1_C__sirindhorn__o091_descending_S1A__2023-02-02__2023-02-14,S1_C,sirindhorn,o091_descending_S1A,crosspol,calibration,matched_10m,2023-02-02,2023-02-14,0.053014075472670896,-0.003210219829705707,True,-0.2764616347849369,0.785430371761322,0.8326655417351485,0.6816098602010852,True
S1_C__sirindhorn__o091_descending_S1A__2023-02-26__2023-03-10,S1_C,sirindhorn,o091_descending_S1A,copol,calibration,matched_10m,2023-02-26,2023-03-10,-0.11302124006783387,-0.045173665301323496,True,-2.4855677783489227,3.5505124926567078,4.334072696815058,0.7130420377394852,True
S1_C__sirindhorn__o091_descending_S1A__2023-02-26__2023-03-10,S1_C,sirindhorn,o091_descending_S1A,crosspol,calibration,matched_10m,2023-02-26,2023-03-10,-0.22888954699767972,0.039001048654572656,True,1.9148649275302887,-2.1673092246055603,2.8920471928628575,0.6795684057160404,True
S1_C__sirindhorn__o091_descending_S1A__2023-03-22__2023-04-03,S1_C,sirindhorn,o091_descending_S1A,copol,calibration,matched_10m,2023-03-22,2023-04-03,0.0378042542364696,0.1723397898938117,True,-0.6570742279291153,1.7917819321155548,1.9084624788725593,0.8014872074182818,True
S1_C__sirindhorn__o091_descending_S1A__2023-03-22__2023-04-03,S1_C,sirindhorn,o091_descending_S1A,crosspol,calibration,matched_10m,2023-03-22,2023-04-03,-0.10130139055626941,0.03990523746433183,True,0.9046222269535065,-1.4724113047122955,1.7281019714539088,0.7060195025573918,True
S1_C__sirindhorn__o091_descending_S1A__2023-04-15__2023-04-27,S1_C,sirindhorn,o091_descending_S1A,copol,calibration,matched_10m,2023-04-15,2023-04-27,-0.018698993814416198,-0.03719432748867746,True,2.5814077258110046,-0.07040353491902351,2.582367616085254,0.837692266752575,True
S1_C__sirindhorn__o091_descending_S1A__2023-04-15__2023-04-27,S1_C,sirindhorn,o091_descending_S1A,crosspol,calibration,matched_10m,2023-04-15,2023-04-27,0.04438561079908965,-0.2003222734833745,True,1.3631696999073029,2.833733856678009,3.144563435713865,0.6970455074841451,True
S1_C__sirindhorn__o091_descending_S1A__2023-05-09__2023-05-21,S1_C,sirindhorn,o091_descending_S1A,copol,calibration,matched_10m,2023-05-09,2023-05-21,-0.00885860301841035,0.018208266063872713,True,-0.6963986158370972,4.040716886520386,4.10028828122497,0.8525542941620494,True
S1_C__sirindhorn__o091_descending_S1A__2023-05-09__2023-05-21,S1_C,sirindhorn,o091_descending_S1A,crosspol,calibration,matched_10m,2023-05-09,2023-05-21,0.10389964945197683,-0.1599691695242491,True,-1.459525227546692,0.9241066128015518,1.7274799337962743,0.7404230954444608,True
S1_C__sirindhorn__o091_descending_S1A__2023-06-02__2023-06-14,S1_C,sirindhorn,o091_descending_S1A,copol,calibration,matched_10m,2023-06-02,2023-06-14,-0.1670135672255988,-0.047970499088442864,True,2.035593092441559,1.9885683059692383,2.845706089093031,0.7802131147617225,True
S1_C__sirindhorn__o091_descending_S1A__2023-06-02__2023-06-14,S1_C,sirindhorn,o091_descending_S1A,crosspol,calibration,matched_10m,2023-06-02,2023-06-14,-0.07789282310652013,0.019860345151432313,True,2.3553647100925446,0.3837355226278305,2.386419047207718,0.6611282364489947,True
S1_C__sirindhorn__o091_descending_S1A__2023-06-26__2023-07-08,S1_C,sirindhorn,o091_descending_S1A,copol,calibration,matched_10m,2023-06-26,2023-07-08,-0.14667324099570678,-0.0024521588678929618,True,1.1244140565395355,4.651352763175964,4.785330657127925,0.7972704661167925,True
S1_C__sirindhorn__o091_descending_S1A__2023-06-26__2023-07-08,S1_C,sirindhorn,o091_descending_S1A,crosspol,calibration,matched_10m,2023-06-26,2023-07-08,0.025910524658439016,0.02955442381416873,True,-2.922505736351013,-0.5546645075082779,2.974675191494691,0.683173156374925,True
S1_C__sirindhorn__o091_descending_S1A__2023-07-20__2023-08-01,S1_C,sirindhorn,o091_descending_S1A,copol,calibration,matched_10m,2023-07-20,2023-08-01,0.018804448774055516,-0.0673767296054173,True,4.491737186908722,-3.39346706867218,5.629504569890785,0.6553610666206422,True
S1_C__sirindhorn__o091_descending_S1A__2023-07-20__2023-08-01,S1_C,sirindhorn,o091_descending_S1A,crosspol,calibration,matched_10m,2023-07-20,2023-08-01,0.46760594658629984,0.0221692920352492,True,-3.1199774146080017,-2.3956216871738434,3.933606784583543,0.6069076655772145,True
S1_C__sirindhorn__o091_descending_S1A__2023-08-13__2023-08-25,S1_C,sirindhorn,o091_descending_S1A,copol,calibration,matched_10m,2023-08-13,2023-08-25,0.14592743802959518,0.08247985410571346,True,-1.4177916944026947,-2.3332880437374115,2.7302685552460257,0.7786098673338443,True
S1_C__sirindhorn__o091_descending_S1A__2023-08-13__2023-08-25,S1_C,sirindhorn,o091_descending_S1A,crosspol,calibration,matched_10m,2023-08-13,2023-08-25,0.018445430302254096,-0.047498035315316045,True,2.620888352394104,0.7182548940181732,2.717525684974502,0.6933590532242826,True
S1_C__sirindhorn__o091_descending_S1A__2023-09-06__2023-09-18,S1_C,sirindhorn,o091_descending_S1A,copol,calibration,matched_10m,2023-09-06,2023-09-18,-0.07023760468915796,-0.03427484965526517,True,0.20656729117035866,-3.4318703413009644,3.4380814541372717,0.7452386320361123,True
S1_C__sirindhorn__o091_descending_S1A__2023-09-06__2023-09-18,S1_C,sirindhorn,o091_descending_S1A,crosspol,calibration,matched_10m,2023-09-06,2023-09-18,0.10377683911888269,-0.060131218990584046,True,-1.0683032125234604,-0.4589603841304779,1.1627193935292992,0.5913805691323464,True
S1_C__sirindhorn__o091_descending_S1A__2023-10-12__2023-10-24,S1_C,sirindhorn,o091_descending_S1A,copol,calibration,matched_10m,2023-10-12,2023-10-24,0.06487677303291761,-0.18451988304584788,True,0.5968296155333519,2.064622938632965,2.1491564551486495,0.8445807243331397,True
S1_C__sirindhorn__o091_descending_S1A__2023-10-12__2023-10-24,S1_C,sirindhorn,o091_descending_S1A,crosspol,calibration,matched_10m,2023-10-12,2023-10-24,0.04995990613718959,0.1756188550837301,True,0.05654621869325638,-3.077981173992157,3.078500541221106,0.6691992078235622,True
S1_C__sirindhorn__o091_descending_S1A__2023-11-05__2023-11-17,S1_C,sirindhorn,o091_descending_S1A,copol,calibration,matched_10m,2023-11-05,2023-11-17,0.10404113074198662,-0.08349533897258254,True,-1.4259004592895508,-2.7096325159072876,3.0619112480710817,0.7678129422124681,True
S1_C__sirindhorn__o091_descending_S1A__2023-11-05__2023-11-17,S1_C,sirindhorn,o091_descending_S1A,crosspol,calibration,matched_10m,2023-11-05,2023-11-17,0.072697937135068,0.16739031160245332,True,0.7436355203390121,-2.6000455021858215,2.7042985043346444,0.6652085706617594,True
S1_C__sirindhorn__o091_descending_S1A__2023-12-11__2023-12-23,S1_C,sirindhorn,o091_descending_S1A,copol,calibration,matched_10m,2023-12-11,2023-12-23,-0.06996609433003975,0.17648588821111133,True,0.7501445710659027,-5.356200337409973,5.408474732488852,0.7303160578417197,True
S1_C__sirindhorn__o091_descending_S1A__2023-12-11__2023-12-23,S1_C,sirindhorn,o091_descending_S1A,crosspol,calibration,matched_10m,2023-12-11,2023-12-23,-0.010922420410114597,-0.05158459166946372,True,-0.22207185626029968,-0.4798920080065727,0.5287837447307506,0.7029822042674513,True
S1_C__sirindhorn__o091_descending_S1A__2024-01-04__2024-01-16,S1_C,sirindhorn,o091_descending_S1A,copol,calibration,matched_10m,2024-01-04,2024-01-16,-0.20974518537067155,0.0010236858106242863,True,1.3858507573604584,0.5762490630149841,1.5008815090813143,0.888372973286754,True
S1_C__sirindhorn__o091_descending_S1A__2024-01-04__2024-01-16,S1_C,sirindhorn,o091_descending_S1A,crosspol,calibration,matched_10m,2024-01-04,2024-01-16,0.21231317565520946,0.7622743760720638,True,-3.147142231464386,-6.856070160865784,7.543885091634205,0.7459127888733074,True
S1_C__sirindhorn__o091_descending_S1A__2024-01-28__2024-02-09,S1_C,sirindhorn,o091_descending_S1A,copol,calibration,matched_10m,2024-01-28,2024-02-09,-0.20586213739147574,0.2134323429484315,True,2.6808199286460876,-2.1942678093910217,3.4643335158664628,0.9020053198936816,True
S1_C__sirindhorn__o091_descending_S1A__2024-01-28__2024-02-09,S1_C,sirindhorn,o091_descending_S1A,crosspol,calibration,matched_10m,2024-01-28,2024-02-09,0.13809311744285147,0.059292796086845456,True,-2.1479108929634094,-0.21323323249816895,2.1584692760269926,0.7266460264966371,True
S1_C__sirindhorn__o091_descending_S1A__2024-02-21__2024-03-04,S1_C,sirindhorn,o091_descending_S1A,copol,calibration,matched_10m,2024-02-21,2024-03-04,0.0440135479135666,-0.1446504666846984,True,-1.2421680986881256,0.8930081129074097,1.5298513245138974,0.8510206712989762,True
S1_C__sirindhorn__o091_descending_S1A__2024-02-21__2024-03-04,S1_C,sirindhorn,o091_descending_S1A,crosspol,calibration,matched_10m,2024-02-21,2024-03-04,-0.054047361973973196,-0.13691624121414847,True,0.8350354433059692,1.7796878516674042,1.9658517342235495,0.6779208780476398,True
S1_C__sirindhorn__o091_descending_S1A__2024-03-16__2024-03-28,S1_C,sirindhorn,o091_descending_S1A,copol,calibration,matched_10m,2024-03-16,2024-03-28,0.09427423860636708,-0.0222084679307315,True,-1.417628824710846,0.40394581854343414,1.4740568879693143,0.7538456521013062,True
S1_C__sirindhorn__o091_descending_S1A__2024-03-16__2024-03-28,S1_C,sirindhorn,o091_descending_S1A,crosspol,calibration,matched_10m,2024-03-16,2024-03-28,-0.03822604248552608,-0.020551037054257648,True,-0.16794536262750626,-2.6690635085105896,2.6743420980291477,0.6717796464512745,True
S1_C__sirindhorn__o091_descending_S1A__2024-04-09__2024-04-21,S1_C,sirindhorn,o091_descending_S1A,copol,calibration,matched_10m,2024-04-09,2024-04-21,-0.15030557653544285,-0.20002427102706832,True,0.06346105597913265,3.547185957431793,3.5477535881494497,0.8092368005714428,True
S1_C__sirindhorn__o091_descending_S1A__2024-04-09__2024-04-21,S1_C,sirindhorn,o091_descending_S1A,crosspol,calibration,matched_10m,2024-04-09,2024-04-21,0.10927388378629743,0.19691724481552164,True,-2.570219933986664,-3.012497127056122,3.9599456372005664,0.6827456961675425,True
S1_C__sirindhorn__o091_descending_S1A__2024-05-03__2024-05-15,S1_C,sirindhorn,o091_descending_S1A,copol,calibration,matched_10m,2024-05-03,2024-05-15,-0.10780486006552081,0.15343894633736532,True,0.3365478664636612,-4.268125593662262,4.281373675550416,0.7283204186887963,True
S1_C__sirindhorn__o091_descending_S1A__2024-05-03__2024-05-15,S1_C,sirindhorn,o091_descending_S1A,crosspol,calibration,matched_10m,2024-05-03,2024-05-15,0.03976181114730437,-0.13671553210186893,True,-0.05465497262775898,1.1591928452253342,1.1604805980517496,0.6795914300462663,True
S1_C__sirindhorn__o091_descending_S1A__2024-05-27__2024-06-08,S1_C,sirindhorn,o091_descending_S1A,copol,calibration,matched_10m,2024-05-27,2024-06-08,-0.031838926082791374,-0.0839629128979098,True,-2.5451990962028503,1.805020421743393,3.1202783789627655,0.7181084024927078,True
S1_C__sirindhorn__o091_descending_S1A__2024-05-27__2024-06-08,S1_C,sirindhorn,o091_descending_S1A,crosspol,calibration,matched_10m,2024-05-27,2024-06-08,-0.2852190808518795,-0.13940005602472105,True,0.1308843307197094,-0.8735725283622742,0.883323083779204,0.650873517806037,True
S1_C__sirindhorn__o091_descending_S1A__2024-06-20__2024-07-02,S1_C,sirindhorn,o091_descending_S1A,copol,calibration,matched_10m,2024-06-20,2024-07-02,0.08469440299407793,0.10990529306566899,True,-1.5369845926761627,-4.165451526641846,4.439967123631299,0.6653140449160098,True
S1_C__sirindhorn__o091_descending_S1A__2024-06-20__2024-07-02,S1_C,sirindhorn,o091_descending_S1A,crosspol,calibration,matched_10m,2024-06-20,2024-07-02,0.06355818506693289,0.11625453062040414,True,-1.518123298883438,-4.012431502342224,4.290023882404504,0.6541273660117518,True
S1_C__sirindhorn__o091_descending_S1A__2024-07-14__2024-07-26,S1_C,sirindhorn,o091_descending_S1A,copol,calibration,matched_10m,2024-07-14,2024-07-26,-0.15898964049360842,0.19353087479769648,True,2.562822997570038,4.711742401123047,5.363634791017622,0.7954686737031796,True
S1_C__sirindhorn__o091_descending_S1A__2024-07-14__2024-07-26,S1_C,sirindhorn,o091_descending_S1A,crosspol,calibration,matched_10m,2024-07-14,2024-07-26,-0.17808628146580752,0.1569708845769533,True,3.815254271030426,1.4395041763782501,4.077785848524457,0.75177807466717,True
S1_C__sirindhorn__o091_descending_S1A__2024-08-07__2024-08-19,S1_C,sirindhorn,o091_descending_S1A,copol,calibration,matched_10m,2024-08-07,2024-08-19,0.006283834962134804,0.027444783433667297,True,2.6225683093070984,-4.8805853724479675,5.5405756122207155,0.6590993410357837,True
S1_C__sirindhorn__o091_descending_S1A__2024-08-07__2024-08-19,S1_C,sirindhorn,o091_descending_S1A,crosspol,calibration,matched_10m,2024-08-07,2024-08-19,-0.05020508724670947,-0.0641931829346376,True,3.0573856830596924,-0.19991129636764526,3.0639144474664715,0.7008124670685013,True
S1_C__sirindhorn__o091_descending_S1C__2025-03-29__2025-05-28,S1_C,sirindhorn,o091_descending_S1C,copol,calibration,matched_10m,2025-03-29,2025-05-28,-0.053526697005413126,-0.23765677349212844,True,-0.5293267220258713,5.073035359382629,5.100575902405247,0.794625762887524,True
S1_C__sirindhorn__o091_descending_S1C__2025-03-29__2025-05-28,S1_C,sirindhorn,o091_descending_S1C,crosspol,calibration,matched_10m,2025-03-29,2025-05-28,0.0829856870436032,-0.16760924015430056,True,-0.5962041765451431,4.731170237064362,4.768587970480729,0.735159394312048,True
S1_C__sirindhorn__o091_descending_S1C__2025-06-09__2025-06-21,S1_C,sirindhorn,o091_descending_S1C,copol,calibration,matched_10m,2025-06-09,2025-06-21,0.010490756031742876,-0.07034913512919871,True,1.2542876601219177,1.102358028292656,1.6698595021364484,0.8637417555120768,True
S1_C__sirindhorn__o091_descending_S1C__2025-06-09__2025-06-21,S1_C,sirindhorn,o091_descending_S1C,crosspol,calibration,matched_10m,2025-06-09,2025-06-21,-0.031173096990976035,-0.13111587788025503,True,0.8609875291585922,-0.24268921464681625,0.8945376349111904,0.7642561211639215,True
S1_C__sirindhorn__o091_descending_S1C__2025-07-03__2025-07-15,S1_C,sirindhorn,o091_descending_S1C,copol,calibration,matched_10m,2025-07-03,2025-07-15,0.03262442113961761,0.0010480392282108397,True,-0.22873975336551666,4.137732982635498,4.144050688681229,0.7967120462276379,True
S1_C__sirindhorn__o091_descending_S1C__2025-07-03__2025-07-15,S1_C,sirindhorn,o091_descending_S1C,crosspol,calibration,matched_10m,2025-07-03,2025-07-15,-0.006653072156435513,0.0608542294521115,True,-0.12383617460727692,-2.2862526774406433,2.2896040494473873,0.7667604883761739,True
S1_C__sirindhorn__o091_descending_S1C__2025-07-27__2025-08-08,S1_C,sirindhorn,o091_descending_S1C,copol,calibration,matched_10m,2025-07-27,2025-08-08,0.27287667962262674,0.44442583684517345,True,-6.177231669425964,1.6910266876220703,6.404511094221725,0.8760679705768472,True
S1_C__sirindhorn__o091_descending_S1C__2025-07-27__2025-08-08,S1_C,sirindhorn,o091_descending_S1C,crosspol,calibration,matched_10m,2025-07-27,2025-08-08,-0.026969908445357405,0.43478474892840957,True,-0.47479547560214996,2.3700784146785736,2.417168267907216,0.8060603892579351,True
S1_C__sirindhorn__o091_descending_S1C__2025-09-01__2025-09-13,S1_C,sirindhorn,o091_descending_S1C,copol,calibration,matched_10m,2025-09-01,2025-09-13,0.29980560267215495,0.1621043680057923,True,-3.0200648307800293,4.595595002174377,5.499116747817283,0.79172615339537,True
S1_C__sirindhorn__o091_descending_S1C__2025-09-01__2025-09-13,S1_C,sirindhorn,o091_descending_S1C,crosspol,calibration,matched_10m,2025-09-01,2025-09-13,-0.009595313879618317,0.2924448631740475,True,-0.18903426826000214,-2.0488381385803223,2.0575401995290092,0.7379419207613293,True
S1_C__sirindhorn__o091_descending_S1C__2025-09-25__2025-10-07,S1_C,sirindhorn,o091_descending_S1C,copol,calibration,matched_10m,2025-09-25,2025-10-07,0.16608136805173146,0.10758553290558126,True,-0.4124695435166359,-0.6261748820543289,0.7498173825969725,0.8411821925438876,True
S1_C__sirindhorn__o091_descending_S1C__2025-09-25__2025-10-07,S1_C,sirindhorn,o091_descending_S1C,crosspol,calibration,matched_10m,2025-09-25,2025-10-07,-0.11542577201733017,-0.1071694318738814,True,1.4021562039852142,1.4371402561664581,2.0078381748209737,0.7579001956056527,True
S1_C__sirindhorn__o091_descending_S1D__2026-05-12__2026-05-24,S1_C,sirindhorn,o091_descending_S1D,copol,calibration,matched_10m,2026-05-12,2026-05-24,0.09236908794304455,-0.10011299412989061,True,-2.5492942333221436,2.948608100414276,3.8978443809211036,0.8825539218855569,True
S1_C__sirindhorn__o091_descending_S1D__2026-05-12__2026-05-24,S1_C,sirindhorn,o091_descending_S1D,crosspol,calibration,matched_10m,2026-05-12,2026-05-24,0.06393754731284673,-0.04164909732748967,True,0.33073965460062027,1.7579326033592224,1.7887749319237092,0.7793272040294057,True
S1_C__sirindhorn__o091_descending_S1D__2026-06-17__2026-06-29,S1_C,sirindhorn,o091_descending_S1D,copol,calibration,matched_10m,2026-06-17,2026-06-29,0.093139827572287,-0.3710993815981709,True,-2.1360716223716736,-3.5896530747413635,4.177129537481652,0.6800166744941109,True
S1_C__sirindhorn__o091_descending_S1D__2026-06-17__2026-06-29,S1_C,sirindhorn,o091_descending_S1D,crosspol,calibration,matched_10m,2026-06-17,2026-06-29,-0.12770473091617518,-0.3776626883573435,True,0.5710430443286896,-5.274860858917236,5.305680657504111,0.6732695417250847,True
S1_C__sirindhorn__o128_ascending_S1A__2022-01-05__2022-01-17,S1_C,sirindhorn,o128_ascending_S1A,copol,calibration,matched_10m,2022-01-05,2022-01-17,0.12774938600545305,0.13301920813648316,True,-0.8648975193500519,-0.20974274724721909,0.8899661448620865,0.9028808160309277,True
S1_C__sirindhorn__o128_ascending_S1A__2022-01-05__2022-01-17,S1_C,sirindhorn,o128_ascending_S1A,crosspol,calibration,matched_10m,2022-01-05,2022-01-17,-0.09186114154702096,-0.033338293243584616,True,1.6970497369766235,-0.6541736423969269,1.8187690793993858,0.6909604208959964,True
S1_C__sirindhorn__o128_ascending_S1A__2022-01-29__2022-02-10,S1_C,sirindhorn,o128_ascending_S1A,copol,calibration,matched_10m,2022-01-29,2022-02-10,0.1017070650859182,0.07494908029033098,True,-0.10528521612286568,-0.9705952554941177,0.9762889565706099,0.9292779502408303,True
S1_C__sirindhorn__o128_ascending_S1A__2022-01-29__2022-02-10,S1_C,sirindhorn,o128_ascending_S1A,crosspol,calibration,matched_10m,2022-01-29,2022-02-10,0.08454191345562734,-0.10277854995471003,True,-1.2463045120239258,3.023747503757477,3.270523490692395,0.7293490850690381,True
S1_C__sirindhorn__o128_ascending_S1A__2022-03-06__2022-03-18,S1_C,sirindhorn,o128_ascending_S1A,copol,calibration,matched_10m,2022-03-06,2022-03-18,-0.10392086300469927,0.11758650091642764,True,2.202572375535965,-0.11823464184999466,2.2057435254370668,0.7892548613015109,True
S1_C__sirindhorn__o128_ascending_S1A__2022-03-06__2022-03-18,S1_C,sirindhorn,o128_ascending_S1A,crosspol,calibration,matched_10m,2022-03-06,2022-03-18,-0.14292231193707394,0.7157372082897648,True,-2.418593019247055,-3.302510976791382,4.093430217382257,0.6431616630093625,True
S1_C__sirindhorn__o128_ascending_S1A__2022-03-30__2022-04-11,S1_C,sirindhorn,o128_ascending_S1A,copol,calibration,matched_10m,2022-03-30,2022-04-11,-0.013241949218853577,-0.004347700976488511,True,1.0482465475797653,0.5570895969867706,1.1870845140864148,0.8769576159053881,True
S1_C__sirindhorn__o128_ascending_S1A__2022-03-30__2022-04-11,S1_C,sirindhorn,o128_ascending_S1A,crosspol,calibration,matched_10m,2022-03-30,2022-04-11,-0.08401628384081761,-0.09620413005295347,True,-0.2393290214240551,2.7098652720451355,2.720413235729464,0.709846378561517,True
S1_C__sirindhorn__o128_ascending_S1A__2022-04-23__2022-05-05,S1_C,sirindhorn,o128_ascending_S1A,copol,calibration,matched_10m,2022-04-23,2022-05-05,-0.13957221095567895,0.10564139269847139,True,1.9256487488746643,-1.2462176382541656,2.2937265543081526,0.8034569591692932,True
S1_C__sirindhorn__o128_ascending_S1A__2022-04-23__2022-05-05,S1_C,sirindhorn,o128_ascending_S1A,crosspol,calibration,matched_10m,2022-04-23,2022-05-05,0.07670214271768216,-0.06609027573465553,True,0.5676417425274849,1.977660357952118,2.0575124882427662,0.6665758052901875,True
S1_C__sirindhorn__o128_ascending_S1A__2022-05-17__2022-05-29,S1_C,sirindhorn,o128_ascending_S1A,copol,calibration,matched_10m,2022-05-17,2022-05-29,0.14494374544286792,-0.08655099098979946,True,-1.562524139881134,-1.8482846021652222,2.4202557010184544,0.8143167173069907,True
S1_C__sirindhorn__o128_ascending_S1A__2022-05-17__2022-05-29,S1_C,sirindhorn,o128_ascending_S1A,crosspol,calibration,matched_10m,2022-05-17,2022-05-29,-0.004279490966954569,0.08176522157678079,True,-1.3785003125667572,1.7743177711963654,2.2468793169482613,0.6541970170854569,True
S1_C__sirindhorn__o128_ascending_S1A__2022-06-10__2022-06-22,S1_C,sirindhorn,o128_ascending_S1A,copol,calibration,matched_10m,2022-06-10,2022-06-22,-0.08544263161521926,-0.05411558156633589,True,1.4411614835262299,0.9384684264659882,1.719787605802842,0.7104569861397398,True
S1_C__sirindhorn__o128_ascending_S1A__2022-06-10__2022-06-22,S1_C,sirindhorn,o128_ascending_S1A,crosspol,calibration,matched_10m,2022-06-10,2022-06-22,-0.0418525060224777,0.1451672392612533,True,-0.5816348642110825,-3.2296210527420044,3.281577556538961,0.5886878214084966,True
S1_C__sirindhorn__o128_ascending_S1A__2022-07-04__2022-07-16,S1_C,sirindhorn,o128_ascending_S1A,copol,calibration,matched_10m,2022-07-04,2022-07-16,0.25303647265794993,0.18392396498060926,True,-1.338604986667633,3.6149626970291138,3.8548435261685343,0.6711804886502734,True
S1_C__sirindhorn__o128_ascending_S1A__2022-07-04__2022-07-16,S1_C,sirindhorn,o128_ascending_S1A,crosspol,calibration,matched_10m,2022-07-04,2022-07-16,-0.10128753189474438,-0.0808658708614729,True,0.37025101482868195,-2.434934675693512,2.4629236059765103,0.6083958082388254,True
S1_C__sirindhorn__o128_ascending_S1A__2022-07-28__2022-08-09,S1_C,sirindhorn,o128_ascending_S1A,copol,calibration,matched_10m,2022-07-28,2022-08-09,-0.051527139956869306,-0.004243025834512082,True,-0.3966359421610832,0.7906122505664825,0.8845268799532373,0.9016974039852551,True
S1_C__sirindhorn__o128_ascending_S1A__2022-07-28__2022-08-09,S1_C,sirindhorn,o128_ascending_S1A,crosspol,calibration,matched_10m,2022-07-28,2022-08-09,0.1583920881006069,0.14510169558499975,True,-3.1674379110336304,-1.3271598517894745,3.434241720155258,0.6321005421730028,True
S1_C__sirindhorn__o128_ascending_S1A__2022-08-21__2022-09-02,S1_C,sirindhorn,o128_ascending_S1A,copol,calibration,matched_10m,2022-08-21,2022-09-02,0.05639993824062728,-0.2340607000704935,True,0.598456859588623,4.880692660808563,4.917246329202885,0.7330717831604997,True
S1_C__sirindhorn__o128_ascending_S1A__2022-08-21__2022-09-02,S1_C,sirindhorn,o128_ascending_S1A,crosspol,calibration,matched_10m,2022-08-21,2022-09-02,0.1333117379233073,0.015361710914042703,True,-1.701291799545288,-2.4331772327423096,2.9689636631551366,0.6354874218208101,True
S1_C__sirindhorn__o128_ascending_S1A__2022-09-14__2022-09-26,S1_C,sirindhorn,o128_ascending_S1A,copol,calibration,matched_10m,2022-09-14,2022-09-26,-0.09939667713404887,0.00667164477668436,True,-0.10528950951993465,-3.4111177921295166,3.412742368330416,0.7451010314259574,True
S1_C__sirindhorn__o128_ascending_S1A__2022-09-14__2022-09-26,S1_C,sirindhorn,o128_ascending_S1A,crosspol,calibration,matched_10m,2022-09-14,2022-09-26,0.05436361668127532,0.01887947913055399,True,-0.3887192904949188,0.6404989212751389,0.7492273052668927,0.6747147529912474,True
S1_C__sirindhorn__o128_ascending_S1A__2022-10-08__2022-10-20,S1_C,sirindhorn,o128_ascending_S1A,copol,calibration,matched_10m,2022-10-08,2022-10-20,-0.10083052815175009,-0.01567744726103726,True,0.7470501959323883,-0.9045237302780151,1.1731356161495887,0.8829291298081995,True
S1_C__sirindhorn__o128_ascending_S1A__2022-10-08__2022-10-20,S1_C,sirindhorn,o128_ascending_S1A,crosspol,calibration,matched_10m,2022-10-08,2022-10-20,-0.090639617705218,0.1147393708459088,True,-2.9898107051849365,-1.6975721716880798,3.4381272999887935,0.7168819158030192,True
S1_C__sirindhorn__o128_ascending_S1A__2022-11-01__2022-11-13,S1_C,sirindhorn,o128_ascending_S1A,copol,calibration,matched_10m,2022-11-01,2022-11-13,0.10520559478285207,0.015331758411438301,True,-1.307273954153061,-0.4469631612300873,1.3815720244358498,0.8603986726234377,True
S1_C__sirindhorn__o128_ascending_S1A__2022-11-01__2022-11-13,S1_C,sirindhorn,o128_ascending_S1A,crosspol,calibration,matched_10m,2022-11-01,2022-11-13,0.16348610632313765,-0.03236958518243682,True,-3.335096836090088,3.6279404163360596,4.927963328859375,0.6684015989170345,True
S1_C__sirindhorn__o128_ascending_S1A__2022-11-25__2022-12-07,S1_C,sirindhorn,o128_ascending_S1A,copol,calibration,matched_10m,2022-11-25,2022-12-07,0.09914644432281605,0.030875405195438077,True,-1.3145902752876282,-3.7520965933799744,3.9757233854902947,0.7718257703190673,True
S1_C__sirindhorn__o128_ascending_S1A__2022-11-25__2022-12-07,S1_C,sirindhorn,o128_ascending_S1A,crosspol,calibration,matched_10m,2022-11-25,2022-12-07,-0.17506608787986266,-0.14617428787079945,True,1.0963375866413116,4.332519769668579,4.469080851635107,0.6862205099391935,True
S1_C__sirindhorn__o128_ascending_S1A__2022-12-19__2022-12-31,S1_C,sirindhorn,o128_ascending_S1A,copol,calibration,matched_10m,2022-12-19,2022-12-31,-0.17681806960084145,0.1457209777676205,True,1.9652116298675537,0.21230939775705338,1.9766466630489754,0.8119335538813642,True
S1_C__sirindhorn__o128_ascending_S1A__2022-12-19__2022-12-31,S1_C,sirindhorn,o128_ascending_S1A,crosspol,calibration,matched_10m,2022-12-19,2022-12-31,0.1622304178162839,-0.08425577567741449,True,0.19733348861336708,0.6837960332632065,0.7117004431885778,0.7039348829760507,True
S1_C__sirindhorn__o128_ascending_S1A__2023-01-12__2023-01-24,S1_C,sirindhorn,o128_ascending_S1A,copol,calibration,matched_10m,2023-01-12,2023-01-24,0.3876388645400102,0.4686707750485244,True,-7.14469313621521,0.038009961135685444,7.144794242511555,0.6432429295842701,True
S1_C__sirindhorn__o128_ascending_S1A__2023-01-12__2023-01-24,S1_C,sirindhorn,o128_ascending_S1A,crosspol,calibration,matched_10m,2023-01-12,2023-01-24,0.09783046790661842,-0.07007129082406394,True,-3.9893892407417297,3.054226338863373,5.024293486964375,0.6696800986793188,True
S1_C__sirindhorn__o128_ascending_S1A__2023-02-05__2023-02-17,S1_C,sirindhorn,o128_ascending_S1A,copol,calibration,matched_10m,2023-02-05,2023-02-17,-0.0212861378975866,-0.23682730291763576,True,-0.2063303254544735,-0.0558670237660408,0.2137599764844306,0.8347182938721763,True
S1_C__sirindhorn__o128_ascending_S1A__2023-02-05__2023-02-17,S1_C,sirindhorn,o128_ascending_S1A,crosspol,calibration,matched_10m,2023-02-05,2023-02-17,0.06423305171475313,0.05337036018610952,True,1.6851657629013062,-1.5818160772323608,2.3112606410021166,0.7014253693496317,True
S1_C__sirindhorn__o128_ascending_S1A__2023-03-01__2023-03-13,S1_C,sirindhorn,o128_ascending_S1A,copol,calibration,matched_10m,2023-03-01,2023-03-13,-0.04301648773035538,0.05101350169417529,True,1.7095261812210083,2.2998973727226257,2.8656600791678906,0.8003998670399816,True
S1_C__sirindhorn__o128_ascending_S1A__2023-03-01__2023-03-13,S1_C,sirindhorn,o128_ascending_S1A,crosspol,calibration,matched_10m,2023-03-01,2023-03-13,-0.095175864447544,0.32611518425908415,True,-1.5343736112117767,-2.305629551410675,2.7695180098929235,0.6717472388539556,True
S1_C__sirindhorn__o128_ascending_S1A__2023-03-25__2023-04-06,S1_C,sirindhorn,o128_ascending_S1A,copol,calibration,matched_10m,2023-03-25,2023-04-06,-0.0586005446755955,0.1040355611002699,True,1.428036093711853,-0.916651263833046,1.6969197460193952,0.9219471361491086,True
S1_C__sirindhorn__o128_ascending_S1A__2023-03-25__2023-04-06,S1_C,sirindhorn,o128_ascending_S1A,crosspol,calibration,matched_10m,2023-03-25,2023-04-06,-0.03786724405422959,0.013435235777329524,True,-1.8572308123111725,2.3563937842845917,3.0003163094602336,0.7394851035081782,True
S1_C__sirindhorn__o128_ascending_S1A__2023-04-18__2023-05-12,S1_C,sirindhorn,o128_ascending_S1A,copol,calibration,matched_10m,2023-04-18,2023-05-12,-0.15894789282762645,0.05024897505290227,True,0.7148639857769012,2.657100260257721,2.7515836006239183,0.7491123382464968,True
S1_C__sirindhorn__o128_ascending_S1A__2023-04-18__2023-05-12,S1_C,sirindhorn,o128_ascending_S1A,crosspol,calibration,matched_10m,2023-04-18,2023-05-12,-0.03177104233940575,0.08768350462617036,True,-2.1233752369880676,1.0931941121816635,2.3882620802505716,0.634344128954989,True
S1_C__sirindhorn__o128_ascending_S1A__2023-05-24__2023-06-05,S1_C,sirindhorn,o128_ascending_S1A,copol,calibration,matched_10m,2023-05-24,2023-06-05,0.15305275985222622,-0.08747864652795201,True,1.0791569948196411,-3.2347995042800903,3.4100597725492845,0.7008872127284886,True
S1_C__sirindhorn__o128_ascending_S1A__2023-05-24__2023-06-05,S1_C,sirindhorn,o128_ascending_S1A,crosspol,calibration,matched_10m,2023-05-24,2023-06-05,0.04012992455513498,-0.008268532709070797,True,3.493824303150177,3.185095191001892,4.727752070173118,0.6345336620598823,True
S1_C__sirindhorn__o128_ascending_S1A__2023-06-17__2023-06-29,S1_C,sirindhorn,o128_ascending_S1A,copol,calibration,matched_10m,2023-06-17,2023-06-29,0.2887599114505086,0.11527090675945217,True,-2.020770162343979,3.468523323535919,4.014245395455087,0.7822274892084184,True
S1_C__sirindhorn__o128_ascending_S1A__2023-06-17__2023-06-29,S1_C,sirindhorn,o128_ascending_S1A,crosspol,calibration,matched_10m,2023-06-17,2023-06-29,-0.1181207719662627,0.023131937410523662,True,0.6932085752487183,0.44171225279569626,0.8219780064382544,0.6487854115251486,True
S1_C__sirindhorn__o128_ascending_S1A__2023-07-11__2023-07-23,S1_C,sirindhorn,o128_ascending_S1A,copol,calibration,matched_10m,2023-07-11,2023-07-23,-0.26864175146763714,0.15132707306422333,True,4.113363027572632,0.7899405062198639,4.188527354568475,0.8091491788918799,True
S1_C__sirindhorn__o128_ascending_S1A__2023-07-11__2023-07-23,S1_C,sirindhorn,o128_ascending_S1A,crosspol,calibration,matched_10m,2023-07-11,2023-07-23,-0.0377363609576733,-0.0638297645560364,True,-1.0519933700561523,1.6976270079612732,1.9971548534857395,0.66107221002447,True
S1_C__sirindhorn__o128_ascending_S1A__2023-08-04__2023-08-16,S1_C,sirindhorn,o128_ascending_S1A,copol,calibration,matched_10m,2023-08-04,2023-08-16,-0.023532620491117484,-0.0015274306641686053,True,-0.10402294807136059,-1.417953073978424,1.4217635857379098,0.7243073370348185,True
S1_C__sirindhorn__o128_ascending_S1A__2023-08-04__2023-08-16,S1_C,sirindhorn,o128_ascending_S1A,crosspol,calibration,matched_10m,2023-08-04,2023-08-16,0.06566056111455865,-6.93523532593332e-05,True,1.6950058937072754,0.07611425593495369,1.6967139887614915,0.6400521492219418,True
S1_C__sirindhorn__o128_ascending_S1A__2023-08-28__2023-09-09,S1_C,sirindhorn,o128_ascending_S1A,copol,calibration,matched_10m,2023-08-28,2023-09-09,-0.1844189813014907,-0.17422921504100586,True,-0.8898039907217026,2.766197919845581,2.905787685578953,0.8042742259804233,True
S1_C__sirindhorn__o128_ascending_S1A__2023-08-28__2023-09-09,S1_C,sirindhorn,o128_ascending_S1A,crosspol,calibration,matched_10m,2023-08-28,2023-09-09,0.1543859739746214,-0.04445332649955169,True,-3.5406887531280518,4.276764988899231,5.55222438458693,0.6685295779292676,True
S1_C__sirindhorn__o128_ascending_S1A__2023-09-21__2023-10-03,S1_C,sirindhorn,o128_ascending_S1A,copol,calibration,matched_10m,2023-09-21,2023-10-03,-0.14043179729024402,-0.12594251628574504,True,-0.5157915130257607,1.54373437166214,1.627623019977447,0.8370092616174117,True
S1_C__sirindhorn__o128_ascending_S1A__2023-09-21__2023-10-03,S1_C,sirindhorn,o128_ascending_S1A,crosspol,calibration,matched_10m,2023-09-21,2023-10-03,0.03193266508301207,-0.031561508380363534,True,1.6169852018356323,-1.9317753612995148,2.519205666371702,0.6645258298244247,True
S1_C__sirindhorn__o128_ascending_S1A__2023-10-15__2023-10-27,S1_C,sirindhorn,o128_ascending_S1A,copol,calibration,matched_10m,2023-10-15,2023-10-27,-0.30453763425403935,-0.052165205865975395,True,3.351674973964691,1.1681806296110153,3.549418419192023,0.8833285685734332,True
S1_C__sirindhorn__o128_ascending_S1A__2023-10-15__2023-10-27,S1_C,sirindhorn,o128_ascending_S1A,crosspol,calibration,matched_10m,2023-10-15,2023-10-27,0.19851339388006295,-0.05081712516071413,True,-3.813984990119934,1.4551129937171936,4.082136123323764,0.7044887694029609,True
S1_C__sirindhorn__o128_ascending_S1A__2023-12-02__2023-12-14,S1_C,sirindhorn,o128_ascending_S1A,copol,calibration,matched_10m,2023-12-02,2023-12-14,-0.11936218590293457,-0.16204427837472757,True,1.4524419605731964,-0.015421072021126747,1.452523823658666,0.8583231852022315,True
S1_C__sirindhorn__o128_ascending_S1A__2023-12-02__2023-12-14,S1_C,sirindhorn,o128_ascending_S1A,crosspol,calibration,matched_10m,2023-12-02,2023-12-14,0.004548297924337419,-0.07300949968089654,True,1.6354334354400635,1.024789959192276,1.9299836740803262,0.6601387538775996,True
S1_C__sirindhorn__o128_ascending_S1A__2023-12-26__2024-01-07,S1_C,sirindhorn,o128_ascending_S1A,copol,calibration,matched_10m,2023-12-26,2024-01-07,0.013237003328871566,-0.06008996856728821,True,-0.09450230747461319,0.33413276076316833,0.34723966929664446,0.7883147096643269,True
S1_C__sirindhorn__o128_ascending_S1A__2023-12-26__2024-01-07,S1_C,sirindhorn,o128_ascending_S1A,crosspol,calibration,matched_10m,2023-12-26,2024-01-07,-0.0607848152269419,0.06752728637612293,True,-0.03452074946835637,1.183694750070572,1.184198017009187,0.6907193889120369,True
S1_C__sirindhorn__o128_ascending_S1A__2024-01-19__2024-02-12,S1_C,sirindhorn,o128_ascending_S1A,copol,calibration,matched_10m,2024-01-19,2024-02-12,0.20689929198507784,-0.07312477898882008,True,0.011953531065955758,-1.2549199163913727,1.2549768457866761,0.8371112729081148,True
S1_C__sirindhorn__o128_ascending_S1A__2024-01-19__2024-02-12,S1_C,sirindhorn,o128_ascending_S1A,crosspol,calibration,matched_10m,2024-01-19,2024-02-12,-0.008667799978400836,-0.12981748432595808,True,0.7828789949417114,3.449614644050598,3.537335255975786,0.6668612094516277,True
S1_C__sirindhorn__o128_ascending_S1A__2024-02-24__2024-03-07,S1_C,sirindhorn,o128_ascending_S1A,copol,calibration,matched_10m,2024-02-24,2024-03-07,-0.04294001371084555,-0.07418943249482446,True,-0.33392008394002914,0.26276201009750366,0.4249076327968194,0.9375460906198428,True
S1_C__sirindhorn__o128_ascending_S1A__2024-02-24__2024-03-07,S1_C,sirindhorn,o128_ascending_S1A,crosspol,calibration,matched_10m,2024-02-24,2024-03-07,-0.09597754576504869,-0.04177551159584425,True,0.17972758039832115,1.497344970703125,1.508092823550917,0.7091463656376631,True
S1_C__sirindhorn__o128_ascending_S1A__2024-03-19__2024-04-12,S1_C,sirindhorn,o128_ascending_S1A,copol,calibration,matched_10m,2024-03-19,2024-04-12,-0.2932763733767736,-0.14066660996169844,True,2.7840235829353333,1.4826343953609467,3.1542022859428993,0.8669533019243187,True
S1_C__sirindhorn__o128_ascending_S1A__2024-03-19__2024-04-12,S1_C,sirindhorn,o128_ascending_S1A,crosspol,calibration,matched_10m,2024-03-19,2024-04-12,-0.13021545167709192,0.016720688992904797,True,2.6946407556533813,1.814105212688446,3.2483944533771782,0.6741591959641959,True
S1_C__sirindhorn__o128_ascending_S1A__2024-05-06__2024-05-18,S1_C,sirindhorn,o128_ascending_S1A,copol,calibration,matched_10m,2024-05-06,2024-05-18,-0.2596008380203152,0.07203692615705037,True,1.7839078605175018,-1.3062293827533722,2.2110093747391453,0.8925520370986006,True
S1_C__sirindhorn__o128_ascending_S1A__2024-05-06__2024-05-18,S1_C,sirindhorn,o128_ascending_S1A,crosspol,calibration,matched_10m,2024-05-06,2024-05-18,-0.11952843368069566,0.036533584045344014,True,-0.17244480550289154,1.9843584299087524,1.9918372396596211,0.7080262623144361,True
S1_C__sirindhorn__o128_ascending_S1A__2024-05-30__2024-06-11,S1_C,sirindhorn,o128_ascending_S1A,copol,calibration,matched_10m,2024-05-30,2024-06-11,-0.032152719275108765,0.04517800361684543,True,0.1353013515472412,5.128750205039978,5.1305345843711185,0.611030221452026,True
S1_C__sirindhorn__o128_ascending_S1A__2024-05-30__2024-06-11,S1_C,sirindhorn,o128_ascending_S1A,crosspol,calibration,matched_10m,2024-05-30,2024-06-11,0.22664325115834139,-0.19783613779585707,True,-0.47365516424179077,0.37452690303325653,0.603837408338205,0.6883269694552749,True
S1_C__sirindhorn__o128_ascending_S1A__2024-06-23__2024-07-17,S1_C,sirindhorn,o128_ascending_S1A,copol,calibration,matched_10m,2024-06-23,2024-07-17,0.11887985989371508,0.24827960816647732,True,-2.9114001989364624,-1.103898212313652,3.113654184638453,0.8226659744508744,True
S1_C__sirindhorn__o128_ascending_S1A__2024-06-23__2024-07-17,S1_C,sirindhorn,o128_ascending_S1A,crosspol,calibration,matched_10m,2024-06-23,2024-07-17,0.09476763499812435,-0.08145543670191913,True,-3.6816954612731934,-0.24594230577349663,3.6899009590135092,0.6755493609023561,True
S1_C__sirindhorn__o128_ascending_S1A__2024-07-29__2024-08-10,S1_C,sirindhorn,o128_ascending_S1A,copol,calibration,matched_10m,2024-07-29,2024-08-10,0.17236132303290752,-0.13886471681978207,True,-1.6804373264312744,2.74419903755188,3.2178405749452774,0.8457522585195768,True
S1_C__sirindhorn__o128_ascending_S1A__2024-07-29__2024-08-10,S1_C,sirindhorn,o128_ascending_S1A,crosspol,calibration,matched_10m,2024-07-29,2024-08-10,-0.12774609792367286,-0.08246402532183694,True,1.345716267824173,3.1388962268829346,3.415204502899723,0.6875251924399518,True
S1_C__sirindhorn__o128_ascending_S1D__2026-07-02__2026-07-14,S1_C,sirindhorn,o128_ascending_S1D,copol,calibration,matched_10m,2026-07-02,2026-07-14,0.23465463576710732,0.27378275187632717,True,-4.635496735572815,3.0955713987350464,5.574082190833992,0.707331744318185,True
S1_C__sirindhorn__o128_ascending_S1D__2026-07-02__2026-07-14,S1_C,sirindhorn,o128_ascending_S1D,crosspol,calibration,matched_10m,2026-07-02,2026-07-14,0.14158209275568012,0.16833890432944187,True,-5.432174801826477,-2.174258381128311,5.851147117062195,0.7553150771861074,True
S1_C__sirindhorn__o128_ascending_S1D__2026-07-26__2026-08-07,S1_C,sirindhorn,o128_ascending_S1D,copol,calibration,matched_10m,2026-07-26,2026-08-07,0.1701003878711873,-0.23017219923504584,True,-4.79320228099823,4.853833615779877,6.8216192268581946,0.6854124944292393,True
S1_C__sirindhorn__o128_ascending_S1D__2026-07-26__2026-08-07,S1_C,sirindhorn,o128_ascending_S1D,crosspol,calibration,matched_10m,2026-07-26,2026-08-07,-0.24235807855007607,-0.20235720883726138,True,-1.5025517344474792,1.817404329776764,2.358096735204571,0.7171233844568455,True
NISAR_L__tengeh__r011_A_f002_4005_DHDH__2026-06-26__2026-07-08,NISAR_L,tengeh,r011_A_f002_4005_DHDH,copol,calibration,harmonized_20m,2026-06-26,2026-07-08,0.12595394943557103,-0.10841588387880474,True,-3.2367897033691406,-5.074254870414734,6.018710000802841,0.9057230357789307,True
NISAR_L__tengeh__r011_A_f002_4005_DHDH__2026-06-26__2026-07-08,NISAR_L,tengeh,r011_A_f002_4005_DHDH,crosspol,calibration,harmonized_20m,2026-06-26,2026-07-08,0.11433873714687515,-0.10697785335356969,True,-4.210397899150848,-1.2254121899604797,4.385098117998914,0.9094762204651182,True
NISAR_L__tengeh__r047_D_f088_4005_DHDH__2026-06-17__2026-06-29,NISAR_L,tengeh,r047_D_f088_4005_DHDH,copol,calibration,harmonized_20m,2026-06-17,2026-06-29,0.2062059312165374,-0.06326482212446827,True,-2.8796109557151794,-2.8405308723449707,4.044845472081692,0.8914314039198353,True
NISAR_L__tengeh__r047_D_f088_4005_DHDH__2026-06-17__2026-06-29,NISAR_L,tengeh,r047_D_f088_4005_DHDH,crosspol,calibration,harmonized_20m,2026-06-17,2026-06-29,0.05844051222936031,0.06402150189040334,True,-3.8278740644454956,-4.727191925048828,6.082677317555266,0.9254226225094583,True
NISAR_L__tengeh__r047_D_f088_4005_DHDH__2026-07-11__2026-07-23,NISAR_L,tengeh,r047_D_f088_4005_DHDH,copol,calibration,harmonized_20m,2026-07-11,2026-07-23,-0.03804272596000491,-0.05858399240057821,True,-7.326502799987793,0.5422795563936234,7.3465441124049224,0.7943308260715599,True
NISAR_L__tengeh__r047_D_f088_4005_DHDH__2026-07-11__2026-07-23,NISAR_L,tengeh,r047_D_f088_4005_DHDH,crosspol,calibration,harmonized_20m,2026-07-11,2026-07-23,-0.1521103690932506,0.07459508933337666,True,1.7439238727092743,-2.9172003269195557,3.3987244991591883,0.8217290368084037,True
NISAR_L__tengeh__r112_A_f002_4005_DHDH__2026-06-21__2026-07-03,NISAR_L,tengeh,r112_A_f002_4005_DHDH,copol,calibration,harmonized_20m,2026-06-21,2026-07-03,-0.20813780300760776,0.16636307956141394,True,1.1748893558979034,-4.310221076011658,4.467479235843999,0.8560556759798142,True
NISAR_L__tengeh__r112_A_f002_4005_DHDH__2026-06-21__2026-07-03,NISAR_L,tengeh,r112_A_f002_4005_DHDH,crosspol,calibration,harmonized_20m,2026-06-21,2026-07-03,-0.013248677646708451,-0.031017920988357872,True,2.997649610042572,-2.0101743936538696,3.6092525926415964,0.8201439811667665,True
S1_C__tengeh__o018_descending_S1A__2022-01-09__2022-01-21,S1_C,tengeh,o018_descending_S1A,copol,calibration,harmonized_20m,2022-01-09,2022-01-21,0.21635785308949718,-0.05032347287556416,True,-2.875259518623352,0.25610849261283875,2.886643181867584,0.968614355483438,True
S1_C__tengeh__o018_descending_S1A__2022-01-09__2022-01-21,S1_C,tengeh,o018_descending_S1A,crosspol,calibration,harmonized_20m,2022-01-09,2022-01-21,-0.2498134326889785,-0.5848123286350582,True,6.226786971092224,13.717128038406372,15.064278197291701,0.9154990638505756,True
S1_C__tengeh__o018_descending_S1A__2022-02-02__2022-02-14,S1_C,tengeh,o018_descending_S1A,copol,calibration,harmonized_20m,2022-02-02,2022-02-14,0.3604862838513867,0.4303765052456425,True,-5.191742777824402,-9.46082592010498,10.791729247976066,0.9404638582844033,True
S1_C__tengeh__o018_descending_S1A__2022-02-02__2022-02-14,S1_C,tengeh,o018_descending_S1A,crosspol,calibration,harmonized_20m,2022-02-02,2022-02-14,-0.10997438893967448,0.1398770821723243,True,0.9063737839460373,-0.8393632620573044,1.2353315837928442,0.8488758237037083,True
S1_C__tengeh__o018_descending_S1A__2022-02-26__2022-03-10,S1_C,tengeh,o018_descending_S1A,copol,calibration,harmonized_20m,2022-02-26,2022-03-10,-0.21834908147409315,0.016172867790228196,True,3.7384408712387085,-1.1682132631540298,3.9167157639988406,0.9586507597592492,True
S1_C__tengeh__o018_descending_S1A__2022-02-26__2022-03-10,S1_C,tengeh,o018_descending_S1A,crosspol,calibration,harmonized_20m,2022-02-26,2022-03-10,-0.057767490481372974,0.11417268796212277,True,-0.7215951383113861,-5.469769239425659,5.517161867863021,0.8764172024843409,True
S1_C__tengeh__o018_descending_S1A__2022-03-22__2022-04-03,S1_C,tengeh,o018_descending_S1A,copol,calibration,harmonized_20m,2022-03-22,2022-04-03,-0.11069685704319987,0.03690702382374411,True,2.2979342937469482,-0.23603767156600952,2.3100250649671725,0.9157501864372604,True
S1_C__tengeh__o018_descending_S1A__2022-03-22__2022-04-03,S1_C,tengeh,o018_descending_S1A,crosspol,calibration,harmonized_20m,2022-03-22,2022-04-03,-0.19418450426727496,0.05584913768255184,True,6.156994700431824,-1.7797130346298218,6.409053145884878,0.8676257454409174,True
S1_C__tengeh__o018_descending_S1A__2022-04-15__2022-04-27,S1_C,tengeh,o018_descending_S1A,copol,calibration,harmonized_20m,2022-04-15,2022-04-27,-0.04474089148313176,0.1354994251293613,True,-0.314251184463501,-5.28624415397644,5.295576556182226,0.9220135852868458,True
S1_C__tengeh__o018_descending_S1A__2022-04-15__2022-04-27,S1_C,tengeh,o018_descending_S1A,crosspol,calibration,harmonized_20m,2022-04-15,2022-04-27,-0.10674270920339524,-0.027650814638246146,True,0.07850673049688339,-4.800496697425842,4.801138599200166,0.8953006451433644,True
S1_C__tengeh__o018_descending_S1A__2022-05-09__2022-06-02,S1_C,tengeh,o018_descending_S1A,copol,calibration,harmonized_20m,2022-05-09,2022-06-02,-0.15957402059260062,0.16089305951277666,True,3.33109974861145,-7.381917238235474,8.098699133031015,0.9177124943594243,True
S1_C__tengeh__o018_descending_S1A__2022-05-09__2022-06-02,S1_C,tengeh,o018_descending_S1A,crosspol,calibration,harmonized_20m,2022-05-09,2022-06-02,-0.16102257512394136,0.1284127404041442,True,5.2646404504776,-1.2406665086746216,5.408853155572987,0.7645304072671907,True
S1_C__tengeh__o018_descending_S1A__2022-06-26__2022-07-08,S1_C,tengeh,o018_descending_S1A,copol,calibration,harmonized_20m,2022-06-26,2022-07-08,0.05346587360219157,0.09645931662829188,True,-4.0206170082092285,1.1290507018566132,4.176136565542875,0.9385295557266832,True
S1_C__tengeh__o018_descending_S1A__2022-06-26__2022-07-08,S1_C,tengeh,o018_descending_S1A,crosspol,calibration,harmonized_20m,2022-06-26,2022-07-08,0.11568572957392753,-0.06868214821883711,True,-0.281718447804451,-3.250565826892853,3.262750906642578,0.8621813001516095,True
S1_C__tengeh__o018_descending_S1A__2022-08-13__2022-08-25,S1_C,tengeh,o018_descending_S1A,copol,calibration,harmonized_20m,2022-08-13,2022-08-25,0.044359838711930166,-0.26249097795175835,True,-0.6073053181171417,4.1430747509002686,4.187348581257678,0.9626650418036552,True
S1_C__tengeh__o018_descending_S1A__2022-08-13__2022-08-25,S1_C,tengeh,o018_descending_S1A,crosspol,calibration,harmonized_20m,2022-08-13,2022-08-25,-0.36504057630331044,0.09121604827547891,True,9.952199459075928,-3.6170870065689087,10.58912614365892,0.8449819998171526,True
S1_C__tengeh__o018_descending_S1A__2022-09-06__2022-09-18,S1_C,tengeh,o018_descending_S1A,copol,calibration,harmonized_20m,2022-09-06,2022-09-18,0.055370701307708714,-0.09691488540806503,True,2.2966256737709045,-0.7827810943126678,2.426362653651964,0.9421975913530893,True
S1_C__tengeh__o018_descending_S1A__2022-09-06__2022-09-18,S1_C,tengeh,o018_descending_S1A,crosspol,calibration,harmonized_20m,2022-09-06,2022-09-18,-0.05788624048669,-0.0936202703012956,True,8.419411778450012,1.0683730244636536,8.486926158186154,0.7964469137218466,True
S1_C__tengeh__o018_descending_S1A__2022-09-30__2022-10-12,S1_C,tengeh,o018_descending_S1A,copol,calibration,harmonized_20m,2022-09-30,2022-10-12,0.009521515415470638,0.0413519498676429,True,0.24868587031960487,-2.1019354462623596,2.116595682304668,0.9539881093615227,True
S1_C__tengeh__o018_descending_S1A__2022-09-30__2022-10-12,S1_C,tengeh,o018_descending_S1A,crosspol,calibration,harmonized_20m,2022-09-30,2022-10-12,0.02266921292950652,0.018116344908041704,True,-4.015806317329407,-2.884000837802887,4.944103681229847,0.8629387359028325,True
S1_C__tengeh__o018_descending_S1A__2022-10-24__2022-11-05,S1_C,tengeh,o018_descending_S1A,copol,calibration,harmonized_20m,2022-10-24,2022-11-05,-0.0041397774371176865,-0.07486731595066232,True,-1.4036446809768677,2.4343033134937286,2.809991283353242,0.9574141296202753,True
S1_C__tengeh__o018_descending_S1A__2022-10-24__2022-11-05,S1_C,tengeh,o018_descending_S1A,crosspol,calibration,harmonized_20m,2022-10-24,2022-11-05,0.06707982940997859,0.257280710210809,True,4.052948355674744,-6.6190338134765625,7.761314257116039,0.8881568515708435,True
S1_C__tengeh__o018_descending_S1A__2022-11-17__2022-11-29,S1_C,tengeh,o018_descending_S1A,copol,calibration,harmonized_20m,2022-11-17,2022-11-29,-0.24429931711584096,0.23756426907761163,True,5.343409180641174,-1.8078088760375977,5.640939159753517,0.9528890290596299,True
S1_C__tengeh__o018_descending_S1A__2022-11-17__2022-11-29,S1_C,tengeh,o018_descending_S1A,crosspol,calibration,harmonized_20m,2022-11-17,2022-11-29,0.0647913835988767,-0.14275246912887063,True,4.015844762325287,-3.107786774635315,5.077927509495741,0.7474286209396308,True
S1_C__tengeh__o018_descending_S1A__2022-12-11__2022-12-23,S1_C,tengeh,o018_descending_S1A,copol,calibration,harmonized_20m,2022-12-11,2022-12-23,-0.12619636820924818,-0.019986136797452758,True,4.690248072147369,-2.438337355852127,5.286200529607826,0.9631098628583296,True
S1_C__tengeh__o018_descending_S1A__2022-12-11__2022-12-23,S1_C,tengeh,o018_descending_S1A,crosspol,calibration,harmonized_20m,2022-12-11,2022-12-23,0.054093632774151246,0.11912143073672077,True,-3.921154737472534,-8.50770890712738,9.367847422093181,0.8631040922732245,True
S1_C__tengeh__o018_descending_S1A__2023-01-04__2023-01-16,S1_C,tengeh,o018_descending_S1A,copol,calibration,harmonized_20m,2023-01-04,2023-01-16,0.22128949812286614,0.22311295527802777,True,-5.365620851516724,-2.3002181947231293,5.837884108610446,0.9358698706206053,True
S1_C__tengeh__o018_descending_S1A__2023-01-04__2023-01-16,S1_C,tengeh,o018_descending_S1A,crosspol,calibration,harmonized_20m,2023-01-04,2023-01-16,-0.07321820176735638,0.13468463745336479,True,1.925453394651413,-9.7212815284729,9.910130439646244,0.8653747721714855,True
S1_C__tengeh__o018_descending_S1A__2023-01-28__2023-02-09,S1_C,tengeh,o018_descending_S1A,copol,calibration,harmonized_20m,2023-01-28,2023-02-09,-0.05957296710081916,0.046039779817905746,True,2.382681220769882,-4.008341431617737,4.6630430871087585,0.9570917922962932,True
S1_C__tengeh__o018_descending_S1A__2023-01-28__2023-02-09,S1_C,tengeh,o018_descending_S1A,crosspol,calibration,harmonized_20m,2023-01-28,2023-02-09,-0.15387352767586915,-0.045986517636081636,True,8.770571947097778,-0.6070185080170631,8.79155297705097,0.8112448089748772,True
S1_C__tengeh__o018_descending_S1A__2023-02-21__2023-03-05,S1_C,tengeh,o018_descending_S1A,copol,calibration,harmonized_20m,2023-02-21,2023-03-05,-0.05805758190926724,0.017173267129235725,True,2.272973209619522,-0.5070837587118149,2.328849748265734,0.9695817944997954,True
S1_C__tengeh__o018_descending_S1A__2023-02-21__2023-03-05,S1_C,tengeh,o018_descending_S1A,crosspol,calibration,harmonized_20m,2023-02-21,2023-03-05,-0.06686571772070593,0.11040845754256967,True,2.1419566869735718,-6.334971785545349,6.687289882495481,0.8799576450161873,True
S1_C__tengeh__o018_descending_S1A__2023-03-17__2023-03-29,S1_C,tengeh,o018_descending_S1A,copol,calibration,harmonized_20m,2023-03-17,2023-03-29,0.2530996109017112,0.21554407032712497,True,-5.712757110595703,-5.542158484458923,7.959341334025184,0.9669477771732581,True
S1_C__tengeh__o018_descending_S1A__2023-03-17__2023-03-29,S1_C,tengeh,o018_descending_S1A,crosspol,calibration,harmonized_20m,2023-03-17,2023-03-29,0.18861234773344648,0.23609052238620798,True,-5.809870958328247,-6.072524785995483,8.404175023698368,0.8727912973061774,True
S1_C__tengeh__o018_descending_S1A__2023-04-10__2023-04-22,S1_C,tengeh,o018_descending_S1A,copol,calibration,harmonized_20m,2023-04-10,2023-04-22,0.13196853122789776,-0.1564510401770569,True,-1.5118612349033356,2.718801200389862,3.1108848196043506,0.9522353868893194,True
S1_C__tengeh__o018_descending_S1A__2023-04-10__2023-04-22,S1_C,tengeh,o018_descending_S1A,crosspol,calibration,harmonized_20m,2023-04-10,2023-04-22,-0.6283298738039216,0.03867449871021744,True,16.652681827545166,0.11677917093038559,16.653091287332096,0.8335969994387263,True
S1_C__tengeh__o018_descending_S1A__2023-05-04__2023-06-21,S1_C,tengeh,o018_descending_S1A,copol,calibration,harmonized_20m,2023-05-04,2023-06-21,0.12993702708164445,0.06860605440156853,True,-3.179384469985962,-7.183719277381897,7.8558454837284195,0.9413696937975197,True
S1_C__tengeh__o018_descending_S1A__2023-05-04__2023-06-21,S1_C,tengeh,o018_descending_S1A,crosspol,calibration,harmonized_20m,2023-05-04,2023-06-21,0.4950150396223254,-0.12839140594367748,True,-5.576558709144592,0.19561519846320152,5.579988561135784,0.8689409476373845,True
S1_C__tengeh__o018_descending_S1A__2023-08-08__2023-09-01,S1_C,tengeh,o018_descending_S1A,copol,calibration,harmonized_20m,2023-08-08,2023-09-01,-0.27666950468799634,0.09790008073242262,True,4.8578909039497375,-5.915027856826782,7.654192222678657,0.9480970364298533,True
S1_C__tengeh__o018_descending_S1A__2023-08-08__2023-09-01,S1_C,tengeh,o018_descending_S1A,crosspol,calibration,harmonized_20m,2023-08-08,2023-09-01,0.16192139476565615,-0.013376560177928098,True,-0.9834687411785126,-5.63750147819519,5.722642194085544,0.8823941185416874,True
S1_C__tengeh__o018_descending_S1A__2023-09-13__2023-09-25,S1_C,tengeh,o018_descending_S1A,copol,calibration,harmonized_20m,2023-09-13,2023-09-25,0.20684882160136375,0.14067388242640178,True,-4.463753700256348,-5.099214315414429,6.776952392564056,0.9499819373095445,True
S1_C__tengeh__o018_descending_S1A__2023-09-13__2023-09-25,S1_C,tengeh,o018_descending_S1A,crosspol,calibration,harmonized_20m,2023-09-13,2023-09-25,-0.2988021827979619,0.07483314812887443,True,8.544548153877258,-2.0681293308734894,8.791271926356647,0.8485485715118433,True
S1_C__tengeh__o018_descending_S1A__2023-10-07__2023-10-19,S1_C,tengeh,o018_descending_S1A,copol,calibration,harmonized_20m,2023-10-07,2023-10-19,0.038579397532051196,0.045445676866046725,True,-4.716590642929077,1.4171606302261353,4.924893049075184,0.9543658427538813,True
S1_C__tengeh__o018_descending_S1A__2023-10-07__2023-10-19,S1_C,tengeh,o018_descending_S1A,crosspol,calibration,harmonized_20m,2023-10-07,2023-10-19,0.03510860742556687,0.04490320704880091,True,-9.002367854118347,-7.352197170257568,11.623142011143406,0.838936870591079,True
S1_C__tengeh__o018_descending_S1A__2023-11-12__2023-11-24,S1_C,tengeh,o018_descending_S1A,copol,calibration,harmonized_20m,2023-11-12,2023-11-24,-0.2142378281626378,-0.23360154861695026,True,2.999928295612335,4.523966908454895,5.428245238344568,0.9623451576037583,True
S1_C__tengeh__o018_descending_S1A__2023-11-12__2023-11-24,S1_C,tengeh,o018_descending_S1A,crosspol,calibration,harmonized_20m,2023-11-12,2023-11-24,0.0011197118512749071,0.06907919040575372,True,-2.717437744140625,1.578344702720642,3.142553085293294,0.871494559281634,True
S1_C__tengeh__o018_descending_S1A__2023-12-06__2023-12-18,S1_C,tengeh,o018_descending_S1A,copol,calibration,harmonized_20m,2023-12-06,2023-12-18,0.16815957492161804,0.06617498219341478,True,-1.7336715757846832,-2.5178268551826477,3.0569705928194155,0.9699459555459402,True
S1_C__tengeh__o018_descending_S1A__2023-12-06__2023-12-18,S1_C,tengeh,o018_descending_S1A,crosspol,calibration,harmonized_20m,2023-12-06,2023-12-18,0.1134201407853963,0.07209697337169807,True,0.7343222200870514,-5.931519865989685,5.97680157304422,0.8454768195601114,True
S1_C__tengeh__o018_descending_S1A__2023-12-30__2024-01-11,S1_C,tengeh,o018_descending_S1A,copol,calibration,harmonized_20m,2023-12-30,2024-01-11,0.3043836534664255,-0.2806453332665333,True,-5.788251161575317,4.6458399295806885,7.4221075282405,0.9612748054228611,True
S1_C__tengeh__o018_descending_S1A__2023-12-30__2024-01-11,S1_C,tengeh,o018_descending_S1A,crosspol,calibration,harmonized_20m,2023-12-30,2024-01-11,-0.038337453189340565,0.08730690181206224,True,3.406900465488434,3.143821358680725,4.635793731071566,0.8457887613832383,True
S1_C__tengeh__o018_descending_S1A__2024-01-23__2024-02-04,S1_C,tengeh,o018_descending_S1A,copol,calibration,harmonized_20m,2024-01-23,2024-02-04,0.28152752608152376,-0.46699333290506395,True,-3.395562767982483,7.883058786392212,8.583266414426639,0.9579443134474569,True
S1_C__tengeh__o018_descending_S1A__2024-01-23__2024-02-04,S1_C,tengeh,o018_descending_S1A,crosspol,calibration,harmonized_20m,2024-01-23,2024-02-04,0.4253190116340928,0.021326329079686346,True,-5.4531800746917725,2.9237985610961914,6.1875496727609,0.8560257758726554,True
S1_C__tengeh__o018_descending_S1A__2024-02-28__2024-03-11,S1_C,tengeh,o018_descending_S1A,copol,calibration,harmonized_20m,2024-02-28,2024-03-11,-0.07496578167503998,-0.30885170262415773,True,2.461547702550888,8.296617269515991,8.65407853030954,0.9608716130416552,True
S1_C__tengeh__o018_descending_S1A__2024-02-28__2024-03-11,S1_C,tengeh,o018_descending_S1A,crosspol,calibration,harmonized_20m,2024-02-28,2024-03-11,-0.08150899223699781,0.05235451633812538,True,1.3525258004665375,-2.8344926238059998,3.1406487347900383,0.8978232805090515,True
S1_C__tengeh__o018_descending_S1A__2024-03-23__2024-04-04,S1_C,tengeh,o018_descending_S1A,copol,calibration,harmonized_20m,2024-03-23,2024-04-04,-0.34125149978328473,-0.056594583391302855,True,7.142962217330933,0.3497649356722832,7.151520450117099,0.9529221417984172,True
S1_C__tengeh__o018_descending_S1A__2024-03-23__2024-04-04,S1_C,tengeh,o018_descending_S1A,crosspol,calibration,harmonized_20m,2024-03-23,2024-04-04,0.1286715474009288,0.08776133919059959,True,-7.760118842124939,-8.373116850852966,11.416152164452802,0.8582423949942737,True
S1_C__tengeh__o018_descending_S1A__2024-04-16__2024-04-28,S1_C,tengeh,o018_descending_S1A,copol,calibration,harmonized_20m,2024-04-16,2024-04-28,-0.048069528550929164,0.008248667402312115,True,-0.2906201593577862,-1.312641054391861,1.344427987919071,0.9414728895166942,True
S1_C__tengeh__o018_descending_S1A__2024-04-16__2024-04-28,S1_C,tengeh,o018_descending_S1A,crosspol,calibration,harmonized_20m,2024-04-16,2024-04-28,-0.053890676873749044,0.027065791448764642,True,3.5792604088783264,-1.134924441576004,3.754884627075837,0.8636566055213458,True
S1_C__tengeh__o018_descending_S1A__2024-08-14__2024-08-26,S1_C,tengeh,o018_descending_S1A,copol,calibration,harmonized_20m,2024-08-14,2024-08-26,-0.056317660760067056,0.21478272554064937,True,-0.8419427275657654,-5.163986086845398,5.232171620047811,0.9515323904086213,True
S1_C__tengeh__o018_descending_S1A__2024-08-14__2024-08-26,S1_C,tengeh,o018_descending_S1A,crosspol,calibration,harmonized_20m,2024-08-14,2024-08-26,-0.04410882805743732,-0.2062025570424133,True,-2.339880019426346,-3.6231720447540283,4.313051607759606,0.8649125708177912,True
S1_C__tengeh__o018_descending_S1D__2026-06-24__2026-07-06,S1_C,tengeh,o018_descending_S1D,copol,calibration,harmonized_20m,2026-06-24,2026-07-06,0.19495900496644403,-0.08699913035768247,True,-0.2908039838075638,2.3539885878562927,2.371883055455309,0.9090291746106818,True
S1_C__tengeh__o018_descending_S1D__2026-06-24__2026-07-06,S1_C,tengeh,o018_descending_S1D,crosspol,calibration,harmonized_20m,2026-06-24,2026-07-06,-0.005890713767578326,-0.3941513639384979,True,1.6993923485279083,6.721656918525696,6.93315268002945,0.8803855596745236,True
S1_C__tengeh__o171_ascending_S1A__2022-01-08__2022-01-20,S1_C,tengeh,o171_ascending_S1A,copol,calibration,harmonized_20m,2022-01-08,2022-01-20,-0.2604480323332945,-0.10067354412488871,True,4.874749481678009,2.793961465358734,5.618665604841557,0.9568132605728918,True
S1_C__tengeh__o171_ascending_S1A__2022-01-08__2022-01-20,S1_C,tengeh,o171_ascending_S1A,crosspol,calibration,harmonized_20m,2022-01-08,2022-01-20,0.053202435374549495,0.1711642998899503,True,-2.2344622015953064,-7.517707347869873,7.8427511179798906,0.8983540009762696,True
S1_C__tengeh__o171_ascending_S1A__2022-02-01__2022-02-13,S1_C,tengeh,o171_ascending_S1A,copol,calibration,harmonized_20m,2022-02-01,2022-02-13,-0.27664801095632274,0.07180727728526026,True,5.389043092727661,-4.444903135299683,6.9856244772727845,0.9226099343749197,True
S1_C__tengeh__o171_ascending_S1A__2022-02-01__2022-02-13,S1_C,tengeh,o171_ascending_S1A,crosspol,calibration,harmonized_20m,2022-02-01,2022-02-13,-0.08459559626782287,0.23720738473924552,True,5.12606680393219,-6.864421963691711,8.567196144246305,0.8584190764136138,True
S1_C__tengeh__o171_ascending_S1A__2022-02-25__2022-03-09,S1_C,tengeh,o171_ascending_S1A,copol,calibration,harmonized_20m,2022-02-25,2022-03-09,0.24592326498144512,0.05756455328933452,True,-5.852351784706116,-5.813122987747192,8.248782957662767,0.9286232882262745,True
S1_C__tengeh__o171_ascending_S1A__2022-02-25__2022-03-09,S1_C,tengeh,o171_ascending_S1A,crosspol,calibration,harmonized_20m,2022-02-25,2022-03-09,0.011466456555927707,-0.12395808479990844,True,-3.255176544189453,0.6194111704826355,3.3135848460481374,0.8277482711648204,True
S1_C__tengeh__o171_ascending_S1A__2022-03-21__2022-04-02,S1_C,tengeh,o171_ascending_S1A,copol,calibration,harmonized_20m,2022-03-21,2022-04-02,0.11324112181602608,0.029460140342712826,True,-3.67392361164093,-2.2443489730358124,4.305208127017745,0.9446589481984966,True
S1_C__tengeh__o171_ascending_S1A__2022-03-21__2022-04-02,S1_C,tengeh,o171_ascending_S1A,crosspol,calibration,harmonized_20m,2022-03-21,2022-04-02,0.03345285662637831,0.047463439158724086,True,1.6218206286430359,-2.6142746210098267,3.0764807728227663,0.8792769735151322,True
S1_C__tengeh__o171_ascending_S1A__2022-04-14__2022-04-26,S1_C,tengeh,o171_ascending_S1A,copol,calibration,harmonized_20m,2022-04-14,2022-04-26,0.032013729258072665,0.02717153124422378,True,-2.9500478506088257,-2.3665709793567657,3.7819889636559485,0.9592907643578826,True
S1_C__tengeh__o171_ascending_S1A__2022-04-14__2022-04-26,S1_C,tengeh,o171_ascending_S1A,crosspol,calibration,harmonized_20m,2022-04-14,2022-04-26,-0.3260167407561365,-0.03842978160854216,True,6.714955568313599,-4.094217121601105,7.864683218238191,0.8834477741523927,True
S1_C__tengeh__o171_ascending_S1A__2022-05-08__2022-05-20,S1_C,tengeh,o171_ascending_S1A,copol,calibration,harmonized_20m,2022-05-08,2022-05-20,-0.11084275371033314,-0.23955057311842332,True,-2.293745279312134,3.0910390615463257,3.849128458024217,0.8957665502960032,True
S1_C__tengeh__o171_ascending_S1A__2022-05-08__2022-05-20,S1_C,tengeh,o171_ascending_S1A,crosspol,calibration,harmonized_20m,2022-05-08,2022-05-20,-0.07392118054245778,-0.02658089004330577,True,-1.0214802622795105,-1.5296295285224915,1.8393445628143077,0.8706772010874457,True
S1_C__tengeh__o171_ascending_S1A__2022-06-01__2022-06-13,S1_C,tengeh,o171_ascending_S1A,copol,calibration,harmonized_20m,2022-06-01,2022-06-13,-0.050648136699455115,-0.13333837461211573,True,0.4992895945906639,3.39059054851532,3.4271554337304178,0.9454974829425213,True
S1_C__tengeh__o171_ascending_S1A__2022-06-01__2022-06-13,S1_C,tengeh,o171_ascending_S1A,crosspol,calibration,harmonized_20m,2022-06-01,2022-06-13,0.21677060913747326,-0.12145010322141303,True,-3.5009267926216125,2.535446584224701,4.322612380118365,0.8832501102994652,True
S1_C__tengeh__o171_ascending_S1A__2022-06-25__2022-07-07,S1_C,tengeh,o171_ascending_S1A,copol,calibration,harmonized_20m,2022-06-25,2022-07-07,0.08910300615474753,0.21019848138224173,True,1.4382651448249817,-6.994025707244873,7.140378296730543,0.8413946756325046,True
S1_C__tengeh__o171_ascending_S1A__2022-06-25__2022-07-07,S1_C,tengeh,o171_ascending_S1A,crosspol,calibration,harmonized_20m,2022-06-25,2022-07-07,-0.07095166618368776,0.3199766979735541,True,0.4673273116350174,-7.897310256958008,7.911125337829895,0.9046800642508334,True
S1_C__tengeh__o171_ascending_S1A__2022-08-12__2022-08-24,S1_C,tengeh,o171_ascending_S1A,copol,calibration,harmonized_20m,2022-08-12,2022-08-24,0.0013156100903941592,0.018303066506739185,True,-0.2287067286670208,-0.884396880865097,0.9134903451167302,0.9362209351360642,True
S1_C__tengeh__o171_ascending_S1A__2022-08-12__2022-08-24,S1_C,tengeh,o171_ascending_S1A,crosspol,calibration,harmonized_20m,2022-08-12,2022-08-24,-0.0320467221340941,-0.04849060262068683,True,0.10115496814250946,6.552445292472839,6.553226048171189,0.8504944603529299,True
S1_C__tengeh__o171_ascending_S1A__2022-09-05__2022-09-17,S1_C,tengeh,o171_ascending_S1A,copol,calibration,harmonized_20m,2022-09-05,2022-09-17,-0.14489744935115478,0.03358996763696975,True,3.286038637161255,0.061771757900714874,3.28661918618369,0.937540090360614,True
S1_C__tengeh__o171_ascending_S1A__2022-09-05__2022-09-17,S1_C,tengeh,o171_ascending_S1A,crosspol,calibration,harmonized_20m,2022-09-05,2022-09-17,-0.10412933684238812,-0.008042129111198726,True,8.898440599441528,-1.108955591917038,8.967275372521655,0.8687182142847737,True
S1_C__tengeh__o171_ascending_S1A__2022-09-29__2022-10-11,S1_C,tengeh,o171_ascending_S1A,copol,calibration,harmonized_20m,2022-09-29,2022-10-11,0.12012590778355925,-0.22304261656941815,True,-2.6349282264709473,7.496866583824158,7.946436643824239,0.9444992577687601,True
S1_C__tengeh__o171_ascending_S1A__2022-09-29__2022-10-11,S1_C,tengeh,o171_ascending_S1A,crosspol,calibration,harmonized_20m,2022-09-29,2022-10-11,0.11421306379815377,-0.08146756285637746,True,-0.7721662521362305,1.73476904630661,1.898858700630897,0.8871588122089684,True
S1_C__tengeh__o171_ascending_S1A__2022-10-23__2022-11-04,S1_C,tengeh,o171_ascending_S1A,copol,calibration,harmonized_20m,2022-10-23,2022-11-04,0.09432784030620223,0.12039072815158303,True,-3.891587257385254,-3.6474305391311646,5.333685491255548,0.9495594271766189,True
S1_C__tengeh__o171_ascending_S1A__2022-10-23__2022-11-04,S1_C,tengeh,o171_ascending_S1A,crosspol,calibration,harmonized_20m,2022-10-23,2022-11-04,0.08933103776977536,0.044402628124316834,True,1.1448879539966583,-3.9322713017463684,4.0955495379429525,0.8752629175419093,True
S1_C__tengeh__o171_ascending_S1A__2022-11-16__2022-11-28,S1_C,tengeh,o171_ascending_S1A,copol,calibration,harmonized_20m,2022-11-16,2022-11-28,-0.13136469601967438,-0.14386814858083063,True,-0.030883289873600006,2.954181432723999,2.9543428567186707,0.9564928948618497,True
S1_C__tengeh__o171_ascending_S1A__2022-11-16__2022-11-28,S1_C,tengeh,o171_ascending_S1A,crosspol,calibration,harmonized_20m,2022-11-16,2022-11-28,0.07665548664360955,-0.0047724772759210055,True,0.11236997321248055,-0.4898907244205475,0.5026131044382571,0.8694114476366368,True
S1_C__tengeh__o171_ascending_S1A__2022-12-10__2022-12-22,S1_C,tengeh,o171_ascending_S1A,copol,calibration,harmonized_20m,2022-12-10,2022-12-22,0.22309645726076344,0.17826999310237124,True,-4.078652858734131,-5.56642472743988,6.90076034856408,0.9096420766330672,True
S1_C__tengeh__o171_ascending_S1A__2022-12-10__2022-12-22,S1_C,tengeh,o171_ascending_S1A,crosspol,calibration,harmonized_20m,2022-12-10,2022-12-22,0.05406258299245703,0.2740899551327338,True,1.3489726185798645,-5.141655802726746,5.315670373470484,0.838634126745775,True
S1_C__tengeh__o171_ascending_S1A__2023-01-03__2023-01-15,S1_C,tengeh,o171_ascending_S1A,copol,calibration,harmonized_20m,2023-01-03,2023-01-15,-0.08728257097838377,0.052829489802481255,True,3.262716829776764,-0.8581430464982986,3.373682053715483,0.9179730113394243,True
S1_C__tengeh__o171_ascending_S1A__2023-01-03__2023-01-15,S1_C,tengeh,o171_ascending_S1A,crosspol,calibration,harmonized_20m,2023-01-03,2023-01-15,-0.007982755513748607,0.16322221269371173,True,3.992021083831787,-0.8978757262229919,4.091749400134126,0.8659476004425953,True
S1_C__tengeh__o171_ascending_S1A__2023-01-27__2023-02-08,S1_C,tengeh,o171_ascending_S1A,copol,calibration,harmonized_20m,2023-01-27,2023-02-08,0.13017894765172855,-0.21651735363586422,True,-4.2054483294487,5.5955201387405396,6.9996886555556035,0.9421279461899889,True
S1_C__tengeh__o171_ascending_S1A__2023-01-27__2023-02-08,S1_C,tengeh,o171_ascending_S1A,crosspol,calibration,harmonized_20m,2023-01-27,2023-02-08,0.10356289462002088,-0.03334530955204684,True,5.444216728210449,6.319121718406677,8.34091092601794,0.9023530314968735,True
S1_C__tengeh__o171_ascending_S1A__2023-02-20__2023-03-04,S1_C,tengeh,o171_ascending_S1A,copol,calibration,harmonized_20m,2023-02-20,2023-03-04,0.3314278845168648,0.23443000193703512,True,-4.296484589576721,-4.797142148017883,6.439903152746933,0.9017302096901711,True
S1_C__tengeh__o171_ascending_S1A__2023-02-20__2023-03-04,S1_C,tengeh,o171_ascending_S1A,crosspol,calibration,harmonized_20m,2023-02-20,2023-03-04,0.021631561023674806,-0.13082544622926484,True,-6.905790567398071,9.670469760894775,11.883094241700872,0.8716135715335165,True
S1_C__tengeh__o171_ascending_S1A__2023-03-16__2023-03-28,S1_C,tengeh,o171_ascending_S1A,copol,calibration,harmonized_20m,2023-03-16,2023-03-28,0.01628471702491119,0.19239188238991467,True,-5.917292237281799,-7.096879482269287,9.240132347929343,0.9272315129512435,True
S1_C__tengeh__o171_ascending_S1A__2023-03-16__2023-03-28,S1_C,tengeh,o171_ascending_S1A,crosspol,calibration,harmonized_20m,2023-03-16,2023-03-28,-0.19535914514504604,0.02480468021757609,True,4.07113254070282,-3.145080804824829,5.144477955327148,0.8271184128343885,True
S1_C__tengeh__o171_ascending_S1A__2023-04-09__2023-04-21,S1_C,tengeh,o171_ascending_S1A,copol,calibration,harmonized_20m,2023-04-09,2023-04-21,0.09324619370134446,-0.11559106292993437,True,-2.6920807361602783,1.3915018737316132,3.030441577493923,0.939614804548076,True
S1_C__tengeh__o171_ascending_S1A__2023-04-09__2023-04-21,S1_C,tengeh,o171_ascending_S1A,crosspol,calibration,harmonized_20m,2023-04-09,2023-04-21,0.292725546965273,-0.015395544918066939,True,-10.337141752243042,7.217109203338623,12.607266351548278,0.8252360144066357,True
S1_C__tengeh__o171_ascending_S1A__2023-05-03__2023-05-15,S1_C,tengeh,o171_ascending_S1A,copol,calibration,harmonized_20m,2023-05-03,2023-05-15,-0.11614396027668672,-0.1061339984386187,True,7.067036032676697,1.137830913066864,7.158048440313977,0.9429336284261125,True
S1_C__tengeh__o171_ascending_S1A__2023-05-03__2023-05-15,S1_C,tengeh,o171_ascending_S1A,crosspol,calibration,harmonized_20m,2023-05-03,2023-05-15,0.09232866547768914,0.18233254897399576,True,4.7173044085502625,-2.1315202116966248,5.176518066789583,0.8195026771446272,True
S1_C__tengeh__o171_ascending_S1A__2023-05-27__2023-06-08,S1_C,tengeh,o171_ascending_S1A,copol,calibration,harmonized_20m,2023-05-27,2023-06-08,-0.10622110346388958,-0.05939019581111182,True,1.7228461802005768,0.3006149083375931,1.7488762917217837,0.9475626777832521,True
S1_C__tengeh__o171_ascending_S1A__2023-05-27__2023-06-08,S1_C,tengeh,o171_ascending_S1A,crosspol,calibration,harmonized_20m,2023-05-27,2023-06-08,-0.05539010047016202,0.2024860236294499,True,0.8631210029125214,-6.657745838165283,6.71346091902499,0.851683457666305,True
S1_C__tengeh__o171_ascending_S1A__2023-06-20__2023-07-02,S1_C,tengeh,o171_ascending_S1A,copol,calibration,harmonized_20m,2023-06-20,2023-07-02,0.0074727319888472366,0.1130187819733317,True,2.6822075247764587,-3.9416787028312683,4.767711002391089,0.9471926321507074,True
S1_C__tengeh__o171_ascending_S1A__2023-06-20__2023-07-02,S1_C,tengeh,o171_ascending_S1A,crosspol,calibration,harmonized_20m,2023-06-20,2023-07-02,0.2421090280075031,-0.09196885185164305,True,2.1106357872486115,1.0726536810398102,2.367566122806884,0.835258452312062,True
S1_C__tengeh__o171_ascending_S1A__2023-07-14__2023-07-26,S1_C,tengeh,o171_ascending_S1A,copol,calibration,harmonized_20m,2023-07-14,2023-07-26,0.25134080154161964,0.20510227460057706,True,-4.153374135494232,-7.31095016002655,8.408359468516121,0.9223190171185666,True
S1_C__tengeh__o171_ascending_S1A__2023-07-14__2023-07-26,S1_C,tengeh,o171_ascending_S1A,crosspol,calibration,harmonized_20m,2023-07-14,2023-07-26,-0.016798621070158504,0.040682740479141444,True,7.667593955993652,-7.375692129135132,10.639211975413232,0.7911622711943467,True
S1_C__tengeh__o171_ascending_S1A__2023-08-07__2023-08-19,S1_C,tengeh,o171_ascending_S1A,copol,calibration,harmonized_20m,2023-08-07,2023-08-19,0.07907486979986444,0.019842623521366676,True,-0.15460461378097534,1.5935185551643372,1.6010009282493878,0.9104387618808161,True
S1_C__tengeh__o171_ascending_S1A__2023-08-07__2023-08-19,S1_C,tengeh,o171_ascending_S1A,crosspol,calibration,harmonized_20m,2023-08-07,2023-08-19,0.03386523949550657,-0.042010694909739854,True,-1.4788344502449036,6.154639720916748,6.329813695956409,0.8329645290240603,True
S1_C__tengeh__o171_ascending_S1A__2023-09-12__2023-09-24,S1_C,tengeh,o171_ascending_S1A,copol,calibration,harmonized_20m,2023-09-12,2023-09-24,-0.44074557927580393,-0.29980687509034176,True,9.055442214012146,3.546423614025116,9.725130032108988,0.9278433741440624,True
S1_C__tengeh__o171_ascending_S1A__2023-09-12__2023-09-24,S1_C,tengeh,o171_ascending_S1A,crosspol,calibration,harmonized_20m,2023-09-12,2023-09-24,-0.19713023701551258,0.11106696110158687,True,0.39262212812900543,-3.9073076844215393,3.9269842724712,0.8263749966878938,True
S1_C__tengeh__o171_ascending_S1A__2023-10-06__2023-10-30,S1_C,tengeh,o171_ascending_S1A,copol,calibration,harmonized_20m,2023-10-06,2023-10-30,-0.24939180536445704,0.1209326566361888,True,8.101422190666199,-5.324828028678894,9.694680760418214,0.9347586582118601,True
S1_C__tengeh__o171_ascending_S1A__2023-10-06__2023-10-30,S1_C,tengeh,o171_ascending_S1A,crosspol,calibration,harmonized_20m,2023-10-06,2023-10-30,-0.07534242693421866,-0.03986659025128603,True,4.538295269012451,0.952925905585289,4.637261231618976,0.8539671623543692,True
S1_C__tengeh__o171_ascending_S1A__2023-11-11__2023-12-05,S1_C,tengeh,o171_ascending_S1A,copol,calibration,harmonized_20m,2023-11-11,2023-12-05,-0.09323406201761486,-0.021156819183314468,True,3.557366132736206,-2.7769431471824646,4.512900070356333,0.9466641487391411,True
S1_C__tengeh__o171_ascending_S1A__2023-11-11__2023-12-05,S1_C,tengeh,o171_ascending_S1A,crosspol,calibration,harmonized_20m,2023-11-11,2023-12-05,0.032618082091151024,-0.07035042479252951,True,1.5450015664100647,1.547437459230423,2.186685283811793,0.8595874958930576,True
S1_C__tengeh__o171_ascending_S1A__2023-12-17__2023-12-29,S1_C,tengeh,o171_ascending_S1A,copol,calibration,harmonized_20m,2023-12-17,2023-12-29,0.07015777362725206,-0.05816932324111157,True,-1.399424970149994,0.4670770466327667,1.47531393763175,0.9514778714725307,True
S1_C__tengeh__o171_ascending_S1A__2023-12-17__2023-12-29,S1_C,tengeh,o171_ascending_S1A,crosspol,calibration,harmonized_20m,2023-12-17,2023-12-29,-0.16278988006951955,-0.16469993406792938,True,-0.7063981890678406,5.471829175949097,5.517237799142438,0.8829458867537464,True
S1_C__tengeh__o171_ascending_S1A__2024-01-10__2024-01-22,S1_C,tengeh,o171_ascending_S1A,copol,calibration,harmonized_20m,2024-01-10,2024-01-22,0.10702230344024777,0.22992453779740618,True,-3.3705025911331177,-4.748924374580383,5.823450045490108,0.9269766474044223,True
S1_C__tengeh__o171_ascending_S1A__2024-01-10__2024-01-22,S1_C,tengeh,o171_ascending_S1A,crosspol,calibration,harmonized_20m,2024-01-10,2024-01-22,-0.010505044461925905,-0.15779581270927334,True,3.912968933582306,4.12623792886734,5.686577645720112,0.8917110064326113,True
S1_C__tengeh__o171_ascending_S1A__2024-02-15__2024-02-27,S1_C,tengeh,o171_ascending_S1A,copol,calibration,harmonized_20m,2024-02-15,2024-02-27,-0.07416850092833638,0.1369697389591087,True,3.3014309406280518,-3.9089739322662354,5.116592954190628,0.9630548874723468,True
S1_C__tengeh__o171_ascending_S1A__2024-02-15__2024-02-27,S1_C,tengeh,o171_ascending_S1A,crosspol,calibration,harmonized_20m,2024-02-15,2024-02-27,0.11536359306371402,-0.2012153799750518,True,-2.8156444430351257,8.3244389295578,8.78772650470712,0.9046774901600356,True
S1_C__tengeh__o171_ascending_S1A__2024-03-10__2024-03-22,S1_C,tengeh,o171_ascending_S1A,copol,calibration,harmonized_20m,2024-03-10,2024-03-22,0.041070773284408446,-0.2974819672835256,True,-1.3515415787696838,5.995476245880127,6.145925483932921,0.9390307887511046,True
S1_C__tengeh__o171_ascending_S1A__2024-03-10__2024-03-22,S1_C,tengeh,o171_ascending_S1A,crosspol,calibration,harmonized_20m,2024-03-10,2024-03-22,0.3448480359609025,0.005906113523698409,True,-7.80182957649231,-1.9762517511844635,8.048236808437599,0.881680743370862,True
S1_C__tengeh__o171_ascending_S1A__2024-04-03__2024-04-27,S1_C,tengeh,o171_ascending_S1A,copol,calibration,harmonized_20m,2024-04-03,2024-04-27,0.3561996817167383,0.16191746554203235,True,-8.23159635066986,-5.21855354309082,9.746408546868283,0.9399126682762851,True
S1_C__tengeh__o171_ascending_S1A__2024-04-03__2024-04-27,S1_C,tengeh,o171_ascending_S1A,crosspol,calibration,harmonized_20m,2024-04-03,2024-04-27,0.17933137301080748,0.2496851665155706,True,-5.87746262550354,-6.0466331243515015,8.432457474229903,0.8917493671433995,True
S1_C__tengeh__o171_ascending_S1A__2024-05-09__2024-05-21,S1_C,tengeh,o171_ascending_S1A,copol,calibration,harmonized_20m,2024-05-09,2024-05-21,-0.3077883536869601,0.2212485425803692,True,6.685369610786438,-9.27367091178894,11.432197470870905,0.9328899828023944,True
S1_C__tengeh__o171_ascending_S1A__2024-05-09__2024-05-21,S1_C,tengeh,o171_ascending_S1A,crosspol,calibration,harmonized_20m,2024-05-09,2024-05-21,-0.3143271395951981,0.045219906656479125,True,0.48792630434036255,0.30174292623996735,0.5736905716526135,0.8510748774833633,True
S1_C__tengeh__o171_ascending_S1A__2024-06-02__2024-06-14,S1_C,tengeh,o171_ascending_S1A,copol,calibration,harmonized_20m,2024-06-02,2024-06-14,0.36586599870916103,-0.20113070016252266,True,-7.8086042404174805,4.612956345081329,9.069380707914513,0.933711141789702,True
S1_C__tengeh__o171_ascending_S1A__2024-06-02__2024-06-14,S1_C,tengeh,o171_ascending_S1A,crosspol,calibration,harmonized_20m,2024-06-02,2024-06-14,0.028127996830926705,-0.13621921859149744,True,0.4792741686105728,0.39196815341711044,0.6191468016476991,0.8736435172589211,True
S1_C__tengeh__o171_ascending_S1A__2024-07-20__2024-08-01,S1_C,tengeh,o171_ascending_S1A,copol,calibration,harmonized_20m,2024-07-20,2024-08-01,0.055408816168759145,0.0030572712032936877,True,-1.3105084002017975,-0.2850600332021713,1.341153044782249,0.9634736506292284,True
S1_C__tengeh__o171_ascending_S1A__2024-07-20__2024-08-01,S1_C,tengeh,o171_ascending_S1A,crosspol,calibration,harmonized_20m,2024-07-20,2024-08-01,-0.05467318532931387,-0.1672482409673517,True,-1.9976389408111572,7.1577852964401245,7.431315609485279,0.9069888796818023,True
S1_C__tengeh__o171_ascending_S1A__2024-08-13__2024-09-18,S1_C,tengeh,o171_ascending_S1A,copol,calibration,harmonized_20m,2024-08-13,2024-09-18,0.19646733829484742,-0.09083415571108411,True,-2.8876852989196777,1.5863358974456787,3.2947212272241813,0.9433639581157727,True
S1_C__tengeh__o171_ascending_S1A__2024-08-13__2024-09-18,S1_C,tengeh,o171_ascending_S1A,crosspol,calibration,harmonized_20m,2024-08-13,2024-09-18,-0.06955579128660716,-0.14061128155622882,True,1.6995716094970703,0.9154994785785675,1.9304618491661758,0.8517644004897982,True
S1_C__tengeh__o171_ascending_S1D__2026-07-17__2026-07-29,S1_C,tengeh,o171_ascending_S1D,copol,calibration,harmonized_20m,2026-07-17,2026-07-29,-0.004704941313116606,0.005976067328301582,True,0.3750915825366974,-1.0731302201747894,1.1367946889136473,0.9484270432938134,True
S1_C__tengeh__o171_ascending_S1D__2026-07-17__2026-07-29,S1_C,tengeh,o171_ascending_S1D,crosspol,calibration,harmonized_20m,2026-07-17,2026-07-29,0.018789312618355147,-0.37695549110599735,True,-0.14619652181863785,9.951185584068298,9.952259439522294,0.878761056775494,True
NISAR_L__piolenc__r101_A_f024_2005_DHDH__2026-06-21__2026-07-03,NISAR_L,piolenc,r101_A_f024_2005_DHDH,copol,calibration,harmonized_20m,2026-06-21,2026-07-03,-0.11512324046041345,0.2632141247779489,True,-0.7104180753231049,-4.804906845092773,4.8571415083117735,0.9202388122560438,True
NISAR_L__piolenc__r101_A_f024_2005_DHDH__2026-06-21__2026-07-03,NISAR_L,piolenc,r101_A_f024_2005_DHDH,crosspol,calibration,harmonized_20m,2026-06-21,2026-07-03,-0.08161261938157383,0.2322367224186559,True,-3.908366560935974,-8.413084149360657,9.27660035136073,0.8859292017230039,True
NISAR_L__piolenc__r138_D_f066_2005_DHDH__2026-07-05__2026-07-17,NISAR_L,piolenc,r138_D_f066_2005_DHDH,copol,calibration,harmonized_20m,2026-07-05,2026-07-17,0.017828480430415627,-0.5178396820246101,True,1.8035557866096497,8.552826046943665,8.740917964647142,0.9872449077632911,True
NISAR_L__piolenc__r138_D_f066_2005_DHDH__2026-07-05__2026-07-17,NISAR_L,piolenc,r138_D_f066_2005_DHDH,crosspol,calibration,harmonized_20m,2026-07-05,2026-07-17,0.01823635247189115,0.16568557007842832,True,0.4092899337410927,-6.427716612815857,6.44073436065568,0.9872658202529785,True
NISAR_L__piolenc__r173_A_f024_2005_DHDH__2026-06-26__2026-07-08,NISAR_L,piolenc,r173_A_f024_2005_DHDH,copol,calibration,harmonized_20m,2026-06-26,2026-07-08,-0.257247165252692,0.3488442930889124,True,2.653570771217346,-7.173929810523987,7.64896769271408,0.9695775495864389,True
NISAR_L__piolenc__r173_A_f024_2005_DHDH__2026-06-26__2026-07-08,NISAR_L,piolenc,r173_A_f024_2005_DHDH,crosspol,calibration,harmonized_20m,2026-06-26,2026-07-08,-0.08421202782112225,0.24249442419195955,True,-1.4145943522453308,-2.454891800880432,2.833296831508192,0.9468078122044953,True
NISAR_L__piolenc__r173_A_f024_2005_DHDH__2026-07-20__2026-08-13,NISAR_L,piolenc,r173_A_f024_2005_DHDH,copol,calibration,harmonized_20m,2026-07-20,2026-08-13,-0.09364216951325721,0.22290202794048852,True,2.565939724445343,-4.33397650718689,5.0366059042111395,0.9775795468095995,True
NISAR_L__piolenc__r173_A_f024_2005_DHDH__2026-07-20__2026-08-13,NISAR_L,piolenc,r173_A_f024_2005_DHDH,crosspol,calibration,harmonized_20m,2026-07-20,2026-08-13,0.05851532302807927,-0.02911766287866513,True,-4.968922436237335,1.539156436920166,5.20184512597747,0.9332189997079874,True
S1_C__piolenc__o037_descending_S1A__2023-01-06__2023-01-18,S1_C,piolenc,o037_descending_S1A,copol,calibration,harmonized_20m,2023-01-06,2023-01-18,-0.0434494634733138,-0.011284800814325369,True,-0.16845174133777618,-0.05344303324818611,0.1767261920669819,0.9384264687465518,True
S1_C__piolenc__o037_descending_S1A__2023-01-06__2023-01-18,S1_C,piolenc,o037_descending_S1A,crosspol,calibration,harmonized_20m,2023-01-06,2023-01-18,-0.09857108276816584,-0.13803007421223423,True,5.951166749000549,0.3490801155567169,5.961396027902094,0.927075047364869,True
S1_C__piolenc__o037_descending_S1A__2023-01-30__2023-02-11,S1_C,piolenc,o037_descending_S1A,copol,calibration,harmonized_20m,2023-01-30,2023-02-11,-0.31691670686009443,-0.03139950447114925,True,7.3488229513168335,7.7369338274002075,10.670770535409835,0.8251931992825265,True
S1_C__piolenc__o037_descending_S1A__2023-01-30__2023-02-11,S1_C,piolenc,o037_descending_S1A,crosspol,calibration,harmonized_20m,2023-01-30,2023-02-11,0.13655571957933432,-0.15182493124520535,True,-2.4099013209342957,-4.8939889669418335,5.455158328150454,0.9052102597816852,True
S1_C__piolenc__o037_descending_S1A__2023-02-23__2023-03-07,S1_C,piolenc,o037_descending_S1A,copol,calibration,harmonized_20m,2023-02-23,2023-03-07,0.04824090247751567,0.012351886353817232,True,-0.7732734084129333,3.848074972629547,3.9250009884249004,0.946048800875176,True
S1_C__piolenc__o037_descending_S1A__2023-02-23__2023-03-07,S1_C,piolenc,o037_descending_S1A,crosspol,calibration,harmonized_20m,2023-02-23,2023-03-07,-0.3542073297206456,-0.2556181093863388,True,5.595378875732422,6.609165668487549,8.65963830633284,0.9536763614547275,True
S1_C__piolenc__o037_descending_S1A__2023-03-19__2023-04-12,S1_C,piolenc,o037_descending_S1A,copol,calibration,harmonized_20m,2023-03-19,2023-04-12,-0.0819371994298499,0.21658961515544695,True,8.228436708450317,-2.8493109345436096,8.707797854031895,0.9026842130683417,True
S1_C__piolenc__o037_descending_S1A__2023-03-19__2023-04-12,S1_C,piolenc,o037_descending_S1A,crosspol,calibration,harmonized_20m,2023-03-19,2023-04-12,0.15261487614449054,0.3813910799246636,True,-1.1508644372224808,-7.9619139432907104,8.044660502049197,0.9368291364157805,True
S1_C__piolenc__o037_descending_S1A__2023-04-24__2023-05-06,S1_C,piolenc,o037_descending_S1A,copol,calibration,harmonized_20m,2023-04-24,2023-05-06,-0.14290477543922764,0.4290702316624233,True,8.940678834915161,-5.787082314491272,10.650167122810682,0.8833113410253749,True
S1_C__piolenc__o037_descending_S1A__2023-04-24__2023-05-06,S1_C,piolenc,o037_descending_S1A,crosspol,calibration,harmonized_20m,2023-04-24,2023-05-06,-0.006044065469457571,0.07956677815316793,True,2.062775194644928,-3.0748748779296875,3.7026878100328053,0.861925777849421,True
S1_C__piolenc__o037_descending_S1A__2023-05-18__2023-05-30,S1_C,piolenc,o037_descending_S1A,copol,calibration,harmonized_20m,2023-05-18,2023-05-30,0.30350596135036234,0.4651336805169013,True,-6.467970609664917,-2.513863444328308,6.939319363181042,0.8033516175590506,True
S1_C__piolenc__o037_descending_S1A__2023-05-18__2023-05-30,S1_C,piolenc,o037_descending_S1A,crosspol,calibration,harmonized_20m,2023-05-18,2023-05-30,0.2848849005144731,-0.09434147799741277,True,-3.334313929080963,10.401304960250854,10.922673402322454,0.7841929972570721,True
S1_C__piolenc__o037_descending_S1A__2023-06-11__2023-06-23,S1_C,piolenc,o037_descending_S1A,copol,calibration,harmonized_20m,2023-06-11,2023-06-23,-0.11215549822412951,-0.3927952609430534,True,11.852362155914307,8.750361204147339,14.732525577035204,0.8425124587360099,True
S1_C__piolenc__o037_descending_S1A__2023-06-11__2023-06-23,S1_C,piolenc,o037_descending_S1A,crosspol,calibration,harmonized_20m,2023-06-11,2023-06-23,0.02381766831690557,0.1091675165870365,True,-0.00861793290823698,2.8771808743476868,2.8771937808357175,0.9058234493390778,True
S1_C__piolenc__o037_descending_S1A__2023-07-17__2023-07-29,S1_C,piolenc,o037_descending_S1A,copol,calibration,harmonized_20m,2023-07-17,2023-07-29,0.27523425390743483,0.2753317308272272,True,-2.921496331691742,1.1951357126235962,3.1564996733211643,0.8108106036340026,True
S1_C__piolenc__o037_descending_S1A__2023-07-17__2023-07-29,S1_C,piolenc,o037_descending_S1A,crosspol,calibration,harmonized_20m,2023-07-17,2023-07-29,-0.014285912274724755,0.18189883646284555,True,7.658113241195679,-2.6703649759292603,8.110335845058838,0.8332651851017261,True
S1_C__piolenc__o037_descending_S1A__2023-08-10__2023-08-22,S1_C,piolenc,o037_descending_S1A,copol,calibration,harmonized_20m,2023-08-10,2023-08-22,0.00826058374567662,0.15198631950166197,True,-9.829739332199097,3.250580132007599,10.353262603333524,0.784119271791062,True
S1_C__piolenc__o037_descending_S1A__2023-08-10__2023-08-22,S1_C,piolenc,o037_descending_S1A,crosspol,calibration,harmonized_20m,2023-08-10,2023-08-22,0.31017347579072796,0.10986454806362778,True,-8.961079716682434,-10.685508251190186,13.94564578192745,0.8937458189462181,True
S1_C__piolenc__o037_descending_S1A__2023-09-03__2023-09-15,S1_C,piolenc,o037_descending_S1A,copol,calibration,harmonized_20m,2023-09-03,2023-09-15,-0.36699404613978714,-0.23211304380740083,True,12.951409816741943,8.592934608459473,15.542764922190006,0.7416906051359409,True
S1_C__piolenc__o037_descending_S1A__2023-09-03__2023-09-15,S1_C,piolenc,o037_descending_S1A,crosspol,calibration,harmonized_20m,2023-09-03,2023-09-15,-0.3454533842183949,-0.028822169583416102,True,4.341059327125549,7.717851400375366,8.854943609075088,0.8236290869415874,True
S1_C__piolenc__o037_descending_S1A__2023-09-27__2023-10-09,S1_C,piolenc,o037_descending_S1A,copol,calibration,harmonized_20m,2023-09-27,2023-10-09,0.011782170763226851,0.06753680841829368,True,7.595247030258179,-6.560319662094116,10.036213006881846,0.9186032897679255,True
S1_C__piolenc__o037_descending_S1A__2023-09-27__2023-10-09,S1_C,piolenc,o037_descending_S1A,crosspol,calibration,harmonized_20m,2023-09-27,2023-10-09,-0.2787228087094875,0.09573934510198079,True,7.972203493118286,-7.8929221630096436,11.218478007600506,0.8966509919260091,True
S1_C__piolenc__o037_descending_S1A__2023-10-21__2023-11-02,S1_C,piolenc,o037_descending_S1A,copol,calibration,harmonized_20m,2023-10-21,2023-11-02,0.206624442654483,0.18323107931525628,True,-3.275200128555298,1.8576133251190186,3.7653237772797676,0.7888660762272925,True
S1_C__piolenc__o037_descending_S1A__2023-10-21__2023-11-02,S1_C,piolenc,o037_descending_S1A,crosspol,calibration,harmonized_20m,2023-10-21,2023-11-02,0.10931488630100628,0.08593844524081318,True,-4.259255826473236,-0.5119377002120018,4.289911468112665,0.8226599919307817,True
S1_C__piolenc__o037_descending_S1A__2023-11-14__2023-11-26,S1_C,piolenc,o037_descending_S1A,copol,calibration,harmonized_20m,2023-11-14,2023-11-26,-0.046770174168838885,-0.21675569695103203,True,13.019570112228394,-3.5847437381744385,13.504058411292943,0.7580528494833699,True
S1_C__piolenc__o037_descending_S1A__2023-11-14__2023-11-26,S1_C,piolenc,o037_descending_S1A,crosspol,calibration,harmonized_20m,2023-11-14,2023-11-26,-0.21868574204432623,-0.169327327659071,True,8.489845395088196,9.946367144584656,13.07699102268459,0.8695038520559569,True
S1_C__piolenc__o037_descending_S1A__2023-12-08__2023-12-20,S1_C,piolenc,o037_descending_S1A,copol,calibration,harmonized_20m,2023-12-08,2023-12-20,0.011686034096423548,-0.4658483012948951,True,14.502984285354614,10.856668949127197,18.1163962711182,0.6819205965713134,True
S1_C__piolenc__o037_descending_S1A__2023-12-08__2023-12-20,S1_C,piolenc,o037_descending_S1A,crosspol,calibration,harmonized_20m,2023-12-08,2023-12-20,0.21820189443875782,-0.3485727414656701,True,2.880672514438629,9.05799150466919,9.50502415747069,0.8528687072805842,True
S1_C__piolenc__o037_descending_S1A__2024-01-01__2024-01-13,S1_C,piolenc,o037_descending_S1A,copol,calibration,harmonized_20m,2024-01-01,2024-01-13,-0.2776639055090375,-0.06146177387544016,True,3.158494234085083,-5.53699254989624,6.374509575203035,0.800062833890677,True
S1_C__piolenc__o037_descending_S1A__2024-01-01__2024-01-13,S1_C,piolenc,o037_descending_S1A,crosspol,calibration,harmonized_20m,2024-01-01,2024-01-13,-0.1559797391414821,0.11549317169412054,True,7.654352188110352,3.4884369373321533,8.41179527124698,0.9095901734797884,True
S1_C__piolenc__o037_descending_S1A__2024-01-25__2024-02-06,S1_C,piolenc,o037_descending_S1A,copol,calibration,harmonized_20m,2024-01-25,2024-02-06,-0.033292692873958085,-0.025783885760860326,True,2.005678117275238,4.643528461456299,5.058171733192879,0.9023794346104512,True
S1_C__piolenc__o037_descending_S1A__2024-01-25__2024-02-06,S1_C,piolenc,o037_descending_S1A,crosspol,calibration,harmonized_20m,2024-01-25,2024-02-06,-0.10492282332208802,-0.13242321551511527,True,-1.5243354439735413,0.06611501798033714,1.5257685739837983,0.9189714556177186,True
S1_C__piolenc__o037_descending_S1A__2024-02-18__2024-03-01,S1_C,piolenc,o037_descending_S1A,copol,calibration,harmonized_20m,2024-02-18,2024-03-01,-0.08841212274908994,0.032468186640154606,True,4.996808469295502,-5.4612743854522705,7.40227078618584,0.8641595535739478,True
S1_C__piolenc__o037_descending_S1A__2024-02-18__2024-03-01,S1_C,piolenc,o037_descending_S1A,crosspol,calibration,harmonized_20m,2024-02-18,2024-03-01,-0.048472815527234925,-0.13612259141980454,True,-0.41328027844429016,1.968727707862854,2.011638480507349,0.9135616515703864,True
S1_C__piolenc__o037_descending_S1A__2024-03-13__2024-03-25,S1_C,piolenc,o037_descending_S1A,copol,calibration,harmonized_20m,2024-03-13,2024-03-25,-0.04672755334194889,-0.19801663185001628,True,2.7317997813224792,-0.5596752464771271,2.7885419894189827,0.868888803977728,True
S1_C__piolenc__o037_descending_S1A__2024-03-13__2024-03-25,S1_C,piolenc,o037_descending_S1A,crosspol,calibration,harmonized_20m,2024-03-13,2024-03-25,-0.04283170979743023,-0.17708334295521055,True,-0.6664396077394485,5.73174774646759,5.770361685362557,0.9401514842480684,True
S1_C__piolenc__o037_descending_S1A__2024-04-06__2024-04-18,S1_C,piolenc,o037_descending_S1A,copol,calibration,harmonized_20m,2024-04-06,2024-04-18,-0.05175913057248982,0.02267789905600548,True,-6.996551156044006,8.34153413772583,10.88728248232708,0.8421372897563768,True
S1_C__piolenc__o037_descending_S1A__2024-04-06__2024-04-18,S1_C,piolenc,o037_descending_S1A,crosspol,calibration,harmonized_20m,2024-04-06,2024-04-18,0.18678899905723423,0.009410410629752342,True,-3.9349499344825745,10.089528560638428,10.829700714369855,0.899510309859769,True
S1_C__piolenc__o037_descending_S1A__2024-04-30__2024-05-12,S1_C,piolenc,o037_descending_S1A,copol,calibration,harmonized_20m,2024-04-30,2024-05-12,0.24594216167020866,0.17418952214669448,True,-5.265603065490723,-0.5849356949329376,5.297992583093333,0.9014421420879176,True
S1_C__piolenc__o037_descending_S1A__2024-04-30__2024-05-12,S1_C,piolenc,o037_descending_S1A,crosspol,calibration,harmonized_20m,2024-04-30,2024-05-12,0.03885211766750496,0.14936273170641146,True,-4.355137646198273,-1.4900857210159302,4.602996781805197,0.9282296861107742,True
S1_C__piolenc__o037_descending_S1A__2024-05-24__2024-06-05,S1_C,piolenc,o037_descending_S1A,copol,calibration,harmonized_20m,2024-05-24,2024-06-05,0.014398612856870496,0.17947445548133745,True,4.234586656093597,-5.644404292106628,7.056275502041972,0.8574157514078072,True
S1_C__piolenc__o037_descending_S1A__2024-05-24__2024-06-05,S1_C,piolenc,o037_descending_S1A,crosspol,calibration,harmonized_20m,2024-05-24,2024-06-05,-0.16538315792817038,0.07326138047869835,True,-3.64102303981781,-5.822977423667908,6.8676134758029495,0.8310703597984669,True
S1_C__piolenc__o037_descending_S1A__2024-06-17__2024-06-29,S1_C,piolenc,o037_descending_S1A,copol,calibration,harmonized_20m,2024-06-17,2024-06-29,0.01451217567240981,0.29287365846964164,True,7.7672117948532104,-3.378927707672119,8.470344238564405,0.9500056633625797,True
S1_C__piolenc__o037_descending_S1A__2024-06-17__2024-06-29,S1_C,piolenc,o037_descending_S1A,crosspol,calibration,harmonized_20m,2024-06-17,2024-06-29,0.3976260888071179,-0.2507732296507994,True,-12.328864336013794,8.214510083198547,14.814826078047743,0.9486810361856077,True
S1_C__piolenc__o037_descending_S1A__2024-07-11__2024-07-23,S1_C,piolenc,o037_descending_S1A,copol,calibration,harmonized_20m,2024-07-11,2024-07-23,0.12861762807116284,-0.06460501735135171,True,9.307258129119873,-1.5980346500873566,9.443451097186228,0.8781248837772098,True
S1_C__piolenc__o037_descending_S1A__2024-07-11__2024-07-23,S1_C,piolenc,o037_descending_S1A,crosspol,calibration,harmonized_20m,2024-07-11,2024-07-23,-0.4801860226140895,-0.18966925672813906,True,11.834312677383423,4.781518578529358,12.763772031139517,0.9105513115572881,True
S1_C__piolenc__o037_descending_S1A__2024-08-04__2024-08-16,S1_C,piolenc,o037_descending_S1A,copol,calibration,harmonized_20m,2024-08-04,2024-08-16,-0.21002920165504024,0.601938015138269,True,5.106201171875,-7.31872022151947,8.92395406131921,0.7783004786591687,True
S1_C__piolenc__o037_descending_S1A__2024-08-04__2024-08-16,S1_C,piolenc,o037_descending_S1A,crosspol,calibration,harmonized_20m,2024-08-04,2024-08-16,-0.13944287266949118,0.030606069598705155,True,9.63620126247406,-3.356902003288269,10.20417394160779,0.787305716322595,True
S1_C__piolenc__o037_descending_S1A__2024-08-28__2024-09-21,S1_C,piolenc,o037_descending_S1A,copol,calibration,harmonized_20m,2024-08-28,2024-09-21,-0.026048864079313283,0.09024624428314709,True,1.604381650686264,0.17243558540940285,1.6136215517196915,0.9155463286720309,True
S1_C__piolenc__o037_descending_S1A__2024-08-28__2024-09-21,S1_C,piolenc,o037_descending_S1A,crosspol,calibration,harmonized_20m,2024-08-28,2024-09-21,-0.2743974441558552,0.002630046316818735,True,1.4527541399002075,-2.0127147436141968,2.482239962243609,0.9255588156342776,True
S1_C__piolenc__o037_descending_S1A__2024-10-03__2024-10-15,S1_C,piolenc,o037_descending_S1A,copol,calibration,harmonized_20m,2024-10-03,2024-10-15,0.3993992477368753,0.011194954414898817,True,-8.050379753112793,-9.322134256362915,12.317093864340864,0.7562410554198113,True
S1_C__piolenc__o037_descending_S1A__2024-10-03__2024-10-15,S1_C,piolenc,o037_descending_S1A,crosspol,calibration,harmonized_20m,2024-10-03,2024-10-15,-0.21868614462330838,-0.5830339136243841,True,-2.244339883327484,0.6663229316473007,2.3411637621348658,0.86305205965644,True
S1_C__piolenc__o037_descending_S1A__2024-10-27__2024-11-08,S1_C,piolenc,o037_descending_S1A,copol,calibration,harmonized_20m,2024-10-27,2024-11-08,0.1760072846537648,0.21603776949124454,True,-9.987863898277283,-6.29352867603302,11.805334745214157,0.8123689992479589,True
S1_C__piolenc__o037_descending_S1A__2024-10-27__2024-11-08,S1_C,piolenc,o037_descending_S1A,crosspol,calibration,harmonized_20m,2024-10-27,2024-11-08,-0.03954532005631206,-0.08363776867033357,True,0.20586572587490082,5.741948485374451,5.745637745784531,0.9000895831982823,True
S1_C__piolenc__o037_descending_S1A__2024-11-20__2024-12-14,S1_C,piolenc,o037_descending_S1A,copol,calibration,harmonized_20m,2024-11-20,2024-12-14,-0.17747296227216802,0.08866163243791059,True,12.223331928253174,-0.6857788562774658,12.242554311416008,0.8599486408571368,True
S1_C__piolenc__o037_descending_S1A__2024-11-20__2024-12-14,S1_C,piolenc,o037_descending_S1A,crosspol,calibration,harmonized_20m,2024-11-20,2024-12-14,0.03262486453672597,0.15940998342749957,True,-8.467214703559875,-10.666335821151733,13.618533132674942,0.8875915796176425,True
S1_C__piolenc__o037_descending_S1A__2024-12-26__2025-01-07,S1_C,piolenc,o037_descending_S1A,copol,calibration,harmonized_20m,2024-12-26,2025-01-07,0.32170049905872355,0.004285631484751029,True,-6.309391260147095,-3.9683791995048523,7.453620029534864,0.7542082611207923,True
S1_C__piolenc__o037_descending_S1A__2024-12-26__2025-01-07,S1_C,piolenc,o037_descending_S1A,crosspol,calibration,harmonized_20m,2024-12-26,2025-01-07,0.37663683200379694,0.3669219144864786,True,-8.0165433883667,-19.117671251296997,20.730420207275913,0.9096848827681525,True
S1_C__piolenc__o037_descending_S1A__2025-01-19__2025-01-31,S1_C,piolenc,o037_descending_S1A,copol,calibration,harmonized_20m,2025-01-19,2025-01-31,-0.19404379151283369,0.05917299063503645,True,-2.8236353397369385,2.648148834705353,3.8711250021876915,0.823533775505048,True
S1_C__piolenc__o037_descending_S1A__2025-01-19__2025-01-31,S1_C,piolenc,o037_descending_S1A,crosspol,calibration,harmonized_20m,2025-01-19,2025-01-31,0.013355177119597439,0.37007597043169893,True,-3.6471065878868103,-5.1528626680374146,6.312953361071269,0.9241940988414982,True
S1_C__piolenc__o037_descending_S1C__2025-04-07__2025-05-01,S1_C,piolenc,o037_descending_S1C,copol,calibration,harmonized_20m,2025-04-07,2025-05-01,0.46255919581955673,-0.2542669320392017,True,-8.29423189163208,11.567585468292236,14.233879170430399,0.8389589060719813,True
S1_C__piolenc__o037_descending_S1C__2025-04-07__2025-05-01,S1_C,piolenc,o037_descending_S1C,crosspol,calibration,harmonized_20m,2025-04-07,2025-05-01,0.2075816037469389,0.0806133760467791,True,-0.9681585431098938,-1.0491268336772919,1.4275847007230122,0.8825266650170773,True
S1_C__piolenc__o037_descending_S1C__2025-05-13__2025-05-25,S1_C,piolenc,o037_descending_S1C,copol,calibration,harmonized_20m,2025-05-13,2025-05-25,0.4266058819300307,0.2380192699258057,True,-7.805139422416687,-4.011392891407013,8.775618173815097,0.8717266645479882,True
S1_C__piolenc__o037_descending_S1C__2025-05-13__2025-05-25,S1_C,piolenc,o037_descending_S1C,crosspol,calibration,harmonized_20m,2025-05-13,2025-05-25,0.15351258434885562,0.43823929532186856,True,-6.900563836097717,-12.105869054794312,13.934484089046359,0.9377020428157196,True
S1_C__piolenc__o037_descending_S1C__2025-06-06__2025-06-18,S1_C,piolenc,o037_descending_S1C,copol,calibration,harmonized_20m,2025-06-06,2025-06-18,-0.27203958744496326,0.005153383895878161,True,11.248598098754883,1.508914977312088,11.349351681751196,0.7938031040195807,True
S1_C__piolenc__o037_descending_S1C__2025-06-06__2025-06-18,S1_C,piolenc,o037_descending_S1C,crosspol,calibration,harmonized_20m,2025-06-06,2025-06-18,-0.8254066001129656,0.24617723660596091,True,16.942986249923706,2.5219836831092834,17.129658045710464,0.8973015045129042,True
S1_C__piolenc__o037_descending_S1C__2025-06-30__2025-07-12,S1_C,piolenc,o037_descending_S1C,copol,calibration,harmonized_20m,2025-06-30,2025-07-12,0.20670450938499574,0.40578623554629667,True,-4.223337173461914,-11.374974250793457,12.13369754390472,0.8101886732781213,True
S1_C__piolenc__o037_descending_S1C__2025-06-30__2025-07-12,S1_C,piolenc,o037_descending_S1C,crosspol,calibration,harmonized_20m,2025-06-30,2025-07-12,0.48862022667904403,0.24060793449733087,True,-6.914665102958679,-5.4251450300216675,8.788901642574194,0.8379745206417814,True
S1_C__piolenc__o037_descending_S1C__2025-07-24__2025-08-05,S1_C,piolenc,o037_descending_S1C,copol,calibration,harmonized_20m,2025-07-24,2025-08-05,0.11520977144571098,0.06999038694029025,True,-5.332150459289551,-2.5890910625457764,5.927497030843304,0.8105592402264946,True
S1_C__piolenc__o037_descending_S1C__2025-07-24__2025-08-05,S1_C,piolenc,o037_descending_S1C,crosspol,calibration,harmonized_20m,2025-07-24,2025-08-05,-0.09166107404935797,0.1951135803428783,True,2.9689961671829224,-8.855457305908203,9.33991768365813,0.8766022728253077,True
S1_C__piolenc__o037_descending_S1C__2025-08-17__2025-08-29,S1_C,piolenc,o037_descending_S1C,copol,calibration,harmonized_20m,2025-08-17,2025-08-29,0.002819347911585446,0.17661433970177498,True,-9.242504239082336,-8.573294878005981,12.606556614504159,0.784217376431447,True
S1_C__piolenc__o037_descending_S1C__2025-08-17__2025-08-29,S1_C,piolenc,o037_descending_S1C,crosspol,calibration,harmonized_20m,2025-08-17,2025-08-29,0.10804352810278406,0.2945907089696669,True,-10.582829713821411,-8.641459941864014,13.662763800877983,0.7735479733864615,True
S1_C__piolenc__o037_descending_S1C__2025-09-10__2025-09-22,S1_C,piolenc,o037_descending_S1C,copol,calibration,harmonized_20m,2025-09-10,2025-09-22,0.14261797019701516,-0.04080063073978657,True,-7.532243728637695,-5.671670436859131,9.428814407545826,0.8726034189550461,True
S1_C__piolenc__o037_descending_S1C__2025-09-10__2025-09-22,S1_C,piolenc,o037_descending_S1C,crosspol,calibration,harmonized_20m,2025-09-10,2025-09-22,-0.24733727911465708,0.22358028754315207,True,4.827671647071838,-7.412177324295044,8.84572135095465,0.9104215624495162,True
S1_C__piolenc__o037_descending_S1C__2025-10-04__2025-10-16,S1_C,piolenc,o037_descending_S1C,copol,calibration,harmonized_20m,2025-10-04,2025-10-16,-0.005398972700889626,-0.4409491458276995,True,1.1854717880487442,9.542681574821472,9.61603426567817,0.7988568768026236,True
S1_C__piolenc__o037_descending_S1C__2025-10-04__2025-10-16,S1_C,piolenc,o037_descending_S1C,crosspol,calibration,harmonized_20m,2025-10-04,2025-10-16,0.4056119756531422,-0.0538209821778195,True,-9.713262915611267,9.037832617759705,13.26762581980779,0.8377611730652834,True
S1_C__piolenc__o037_descending_S1C__2025-10-28__2025-11-09,S1_C,piolenc,o037_descending_S1C,copol,calibration,harmonized_20m,2025-10-28,2025-11-09,-0.015348458064883275,-0.10373179215725425,True,7.610306143760681,1.3182727992534637,7.723639218335689,0.8761450306579098,True
S1_C__piolenc__o037_descending_S1C__2025-10-28__2025-11-09,S1_C,piolenc,o037_descending_S1C,crosspol,calibration,harmonized_20m,2025-10-28,2025-11-09,0.2246822331403293,-0.15192699873063065,True,-4.76140171289444,6.050292253494263,7.699154669458641,0.9422667443315992,True
S1_C__piolenc__o037_descending_S1C__2025-11-21__2025-12-03,S1_C,piolenc,o037_descending_S1C,copol,calibration,harmonized_20m,2025-11-21,2025-12-03,-0.0965165016439391,-0.3687945526674179,True,-0.7576251029968262,5.910899639129639,5.959255854597438,0.7418048678632582,True
S1_C__piolenc__o037_descending_S1C__2025-11-21__2025-12-03,S1_C,piolenc,o037_descending_S1C,crosspol,calibration,harmonized_20m,2025-11-21,2025-12-03,-0.1162512093734902,-0.14074894351556866,True,4.155639410018921,-1.014178991317749,4.277604228131992,0.8770246347498775,True
S1_C__piolenc__o037_descending_S1C__2025-12-15__2025-12-27,S1_C,piolenc,o037_descending_S1C,copol,calibration,harmonized_20m,2025-12-15,2025-12-27,-0.1230565528373071,-0.537421652977816,True,6.387069225311279,4.849408864974976,8.019440106928682,0.7606670630208131,True
S1_C__piolenc__o037_descending_S1C__2025-12-15__2025-12-27,S1_C,piolenc,o037_descending_S1C,crosspol,calibration,harmonized_20m,2025-12-15,2025-12-27,0.3998232922342466,0.1405845503923837,True,1.0381032526493073,4.928897321224213,5.037031582820609,0.8473206277271108,True
S1_C__piolenc__o037_descending_S1C__2026-01-08__2026-01-20,S1_C,piolenc,o037_descending_S1C,copol,calibration,harmonized_20m,2026-01-08,2026-01-20,0.3804341073007418,-0.19799349869555183,True,2.13903471827507,3.6935657262802124,4.268242882069621,0.7980586862430767,True
S1_C__piolenc__o037_descending_S1C__2026-01-08__2026-01-20,S1_C,piolenc,o037_descending_S1C,crosspol,calibration,harmonized_20m,2026-01-08,2026-01-20,0.003634539728111008,0.05588813827640138,True,3.482004404067993,9.534924626350403,10.15081978463475,0.8956495228608976,True
S1_C__piolenc__o037_descending_S1D__2026-05-21__2026-06-02,S1_C,piolenc,o037_descending_S1D,copol,calibration,harmonized_20m,2026-05-21,2026-06-02,-0.24556121429237043,0.4167959879288867,True,6.087576746940613,-6.654574275016785,9.018977183229106,0.8317673468345073,True
S1_C__piolenc__o037_descending_S1D__2026-05-21__2026-06-02,S1_C,piolenc,o037_descending_S1D,crosspol,calibration,harmonized_20m,2026-05-21,2026-06-02,0.06240787753981447,0.34663335527396777,True,3.926270604133606,-12.29532241821289,12.906996328530203,0.9092904343855411,True
S1_C__piolenc__o037_descending_S1D__2026-06-14__2026-06-26,S1_C,piolenc,o037_descending_S1D,copol,calibration,harmonized_20m,2026-06-14,2026-06-26,-0.0625779757424243,0.04914789005221287,True,1.219242811203003,-5.745909810066223,5.873843084223944,0.8240301530046225,True
S1_C__piolenc__o037_descending_S1D__2026-06-14__2026-06-26,S1_C,piolenc,o037_descending_S1D,crosspol,calibration,harmonized_20m,2026-06-14,2026-06-26,-0.06931896511608882,0.4665358570045588,True,5.288507342338562,-16.48347496986389,17.31107324784048,0.8228824970058135,True
S1_C__piolenc__o037_descending_S1D__2026-07-08__2026-07-20,S1_C,piolenc,o037_descending_S1D,copol,calibration,harmonized_20m,2026-07-08,2026-07-20,-0.26901725601937665,0.41768894346248375,True,5.807779431343079,-1.5233418345451355,6.004237859046481,0.8926427058705625,True
S1_C__piolenc__o037_descending_S1D__2026-07-08__2026-07-20,S1_C,piolenc,o037_descending_S1D,crosspol,calibration,harmonized_20m,2026-07-08,2026-07-20,-0.33180844506471363,0.05016837047241429,True,9.85247790813446,1.7300549149513245,10.003220028522056,0.9557332310466714,True
S1_C__piolenc__o059_ascending_S1A__2023-01-07__2023-01-19,S1_C,piolenc,o059_ascending_S1A,copol,calibration,harmonized_20m,2023-01-07,2023-01-19,0.1898171951781169,-0.05493953880413738,True,2.119155526161194,3.6176571249961853,4.192643941249387,0.9446659615126812,True
S1_C__piolenc__o059_ascending_S1A__2023-01-07__2023-01-19,S1_C,piolenc,o059_ascending_S1A,crosspol,calibration,harmonized_20m,2023-01-07,2023-01-19,0.02714910645185009,0.15731433876021184,True,2.6047146320343018,-0.6890828907489777,2.6943224648613526,0.8934712445802971,True
S1_C__piolenc__o059_ascending_S1A__2023-01-31__2023-02-12,S1_C,piolenc,o059_ascending_S1A,copol,calibration,harmonized_20m,2023-01-31,2023-02-12,-0.1696716084523886,0.21906651880787953,True,0.2104300819337368,-9.882642030715942,9.884882109901765,0.9464533036990018,True
S1_C__piolenc__o059_ascending_S1A__2023-01-31__2023-02-12,S1_C,piolenc,o059_ascending_S1A,crosspol,calibration,harmonized_20m,2023-01-31,2023-02-12,-0.02816401869078211,-0.20389181111536292,True,-6.92105770111084,2.7555346488952637,7.449430240184011,0.8766761517918527,True
S1_C__piolenc__o059_ascending_S1A__2023-02-24__2023-03-08,S1_C,piolenc,o059_ascending_S1A,copol,calibration,harmonized_20m,2023-02-24,2023-03-08,0.09222554820718543,0.009928960674480791,True,-1.4830172061920166,3.120943307876587,3.4553765590513037,0.9707499549424955,True
S1_C__piolenc__o059_ascending_S1A__2023-02-24__2023-03-08,S1_C,piolenc,o059_ascending_S1A,crosspol,calibration,harmonized_20m,2023-02-24,2023-03-08,-0.15523485470904186,0.26963083204283134,True,2.5512072443962097,-4.469662010669708,5.146507251863508,0.9341888435270427,True
S1_C__piolenc__o059_ascending_S1A__2023-03-20__2023-04-01,S1_C,piolenc,o059_ascending_S1A,copol,calibration,harmonized_20m,2023-03-20,2023-04-01,-0.3130464948279692,0.4296130296330567,True,3.966294527053833,-11.63813591003418,12.295434101151708,0.9465860579399774,True
S1_C__piolenc__o059_ascending_S1A__2023-03-20__2023-04-01,S1_C,piolenc,o059_ascending_S1A,crosspol,calibration,harmonized_20m,2023-03-20,2023-04-01,0.20770004706617495,0.08192891351913456,True,-9.09738838672638,-8.07021975517273,12.161041170710844,0.9290448331387642,True
S1_C__piolenc__o059_ascending_S1A__2023-04-13__2023-04-25,S1_C,piolenc,o059_ascending_S1A,copol,calibration,harmonized_20m,2023-04-13,2023-04-25,-0.032316897645162435,-0.15410741909305647,True,-3.436427116394043,7.575780153274536,8.318742468488649,0.9445322322471167,True
S1_C__piolenc__o059_ascending_S1A__2023-04-13__2023-04-25,S1_C,piolenc,o059_ascending_S1A,crosspol,calibration,harmonized_20m,2023-04-13,2023-04-25,-0.20868917896126504,0.5158348321353303,True,6.114607453346252,-6.434009671211243,8.876086117076452,0.9316975639472777,True
S1_C__piolenc__o059_ascending_S1A__2023-05-07__2023-05-19,S1_C,piolenc,o059_ascending_S1A,copol,calibration,harmonized_20m,2023-05-07,2023-05-19,-0.05445952929108433,0.27808086424119693,True,3.977038264274597,-5.622938871383667,6.887254526066372,0.9500122838195318,True
S1_C__piolenc__o059_ascending_S1A__2023-05-07__2023-05-19,S1_C,piolenc,o059_ascending_S1A,crosspol,calibration,harmonized_20m,2023-05-07,2023-05-19,0.16884843422176932,0.17981472981774882,True,-6.778350472450256,-7.697536945343018,10.256612996125344,0.9334795580530818,True
S1_C__piolenc__o059_ascending_S1A__2023-06-12__2023-06-24,S1_C,piolenc,o059_ascending_S1A,copol,calibration,harmonized_20m,2023-06-12,2023-06-24,0.11231895662929858,0.10564742886579381,True,-1.371646225452423,-2.223113030195236,2.612210732850955,0.8919858719309154,True
S1_C__piolenc__o059_ascending_S1A__2023-06-12__2023-06-24,S1_C,piolenc,o059_ascending_S1A,crosspol,calibration,harmonized_20m,2023-06-12,2023-06-24,-0.12716587880231467,-0.17532450266576216,True,-2.531856596469879,3.52036714553833,4.336275206265595,0.8460890597712242,True
S1_C__piolenc__o059_ascending_S1A__2023-07-06__2023-07-30,S1_C,piolenc,o059_ascending_S1A,copol,calibration,harmonized_20m,2023-07-06,2023-07-30,-0.09732826238053693,0.20515662539770085,True,0.533190593123436,-4.9158865213394165,4.944717635950699,0.9673184345908423,True
S1_C__piolenc__o059_ascending_S1A__2023-07-06__2023-07-30,S1_C,piolenc,o059_ascending_S1A,crosspol,calibration,harmonized_20m,2023-07-06,2023-07-30,-0.19837857830669803,0.23558839946668497,True,3.40854674577713,-2.4630938470363617,4.205356372230093,0.923162004538378,True
S1_C__piolenc__o059_ascending_S1A__2023-08-11__2023-08-23,S1_C,piolenc,o059_ascending_S1A,copol,calibration,harmonized_20m,2023-08-11,2023-08-23,-0.3818346368573575,0.20272952737164118,True,3.352590799331665,-5.664322376251221,6.58212830700402,0.9634981932242256,True
S1_C__piolenc__o059_ascending_S1A__2023-08-11__2023-08-23,S1_C,piolenc,o059_ascending_S1A,crosspol,calibration,harmonized_20m,2023-08-11,2023-08-23,0.09367517073216103,0.01432827185195773,True,-7.909393906593323,1.6475766897201538,8.079172044099867,0.8790791168688928,True
S1_C__piolenc__o059_ascending_S1A__2023-09-04__2023-09-16,S1_C,piolenc,o059_ascending_S1A,copol,calibration,harmonized_20m,2023-09-04,2023-09-16,-0.6185262938442193,0.22213438544787145,True,12.543190717697144,-6.790015697479248,14.263097368823448,0.9681468209624786,True
S1_C__piolenc__o059_ascending_S1A__2023-09-04__2023-09-16,S1_C,piolenc,o059_ascending_S1A,crosspol,calibration,harmonized_20m,2023-09-04,2023-09-16,-0.07736760314082725,-0.06704718825271483,True,3.8807332515716553,5.436806082725525,6.679741832662036,0.9364131078994335,True
S1_C__piolenc__o059_ascending_S1A__2023-09-28__2023-10-10,S1_C,piolenc,o059_ascending_S1A,copol,calibration,harmonized_20m,2023-09-28,2023-10-10,0.07099693818451769,0.4243962294231407,True,1.1383159458637238,-7.6713627576828,7.755357487090475,0.9817796877666876,True
S1_C__piolenc__o059_ascending_S1A__2023-09-28__2023-10-10,S1_C,piolenc,o059_ascending_S1A,crosspol,calibration,harmonized_20m,2023-09-28,2023-10-10,0.34474541929528923,0.1084382393867398,True,-5.846294164657593,-1.1830444633960724,5.964792507881689,0.9347475051887765,True
S1_C__piolenc__o059_ascending_S1A__2023-10-22__2023-11-03,S1_C,piolenc,o059_ascending_S1A,copol,calibration,harmonized_20m,2023-10-22,2023-11-03,0.2021267191172118,-0.07677729369272779,True,-3.257734775543213,1.3104182481765747,3.511414508846506,0.9693270272962546,True
S1_C__piolenc__o059_ascending_S1A__2023-10-22__2023-11-03,S1_C,piolenc,o059_ascending_S1A,crosspol,calibration,harmonized_20m,2023-10-22,2023-11-03,0.38379106408023755,-0.08373240722804054,True,-8.423725366592407,3.3589962124824524,9.068737762624071,0.9328780464181726,True
S1_C__piolenc__o059_ascending_S1A__2023-11-15__2023-11-27,S1_C,piolenc,o059_ascending_S1A,copol,calibration,harmonized_20m,2023-11-15,2023-11-27,0.176760497731546,-0.5089827675457799,True,3.96648108959198,9.063155055046082,9.89311638392565,0.9476896762772244,True
S1_C__piolenc__o059_ascending_S1A__2023-11-15__2023-11-27,S1_C,piolenc,o059_ascending_S1A,crosspol,calibration,harmonized_20m,2023-11-15,2023-11-27,0.1102452038381232,-0.0012157830679586645,True,-3.156471848487854,0.02365405671298504,3.1565604769583158,0.8960529768468718,True
S1_C__piolenc__o059_ascending_S1A__2023-12-09__2023-12-21,S1_C,piolenc,o059_ascending_S1A,copol,calibration,harmonized_20m,2023-12-09,2023-12-21,-0.09973302622444091,0.10334466433883893,True,3.4165742993354797,-0.8425962924957275,3.518941382718284,0.971865091284877,True
S1_C__piolenc__o059_ascending_S1A__2023-12-09__2023-12-21,S1_C,piolenc,o059_ascending_S1A,crosspol,calibration,harmonized_20m,2023-12-09,2023-12-21,-0.0451445953161862,0.26519838625513525,True,2.8880885243415833,-3.143223524093628,4.268595723050979,0.9136059505357159,True
S1_C__piolenc__o059_ascending_S1A__2024-01-02__2024-01-14,S1_C,piolenc,o059_ascending_S1A,copol,calibration,harmonized_20m,2024-01-02,2024-01-14,0.14737916819979624,-0.24764740653835782,True,-0.07731009274721146,8.024259209632874,8.024631624804877,0.9652822216992372,True
S1_C__piolenc__o059_ascending_S1A__2024-01-02__2024-01-14,S1_C,piolenc,o059_ascending_S1A,crosspol,calibration,harmonized_20m,2024-01-02,2024-01-14,-0.1331556903549891,-0.4508558583142106,True,-4.290441870689392,9.699236750602722,10.605804306605283,0.9254021789091668,True
S1_C__piolenc__o059_ascending_S1A__2024-01-26__2024-02-07,S1_C,piolenc,o059_ascending_S1A,copol,calibration,harmonized_20m,2024-01-26,2024-02-07,-0.09751397204298806,-0.01966218017272814,True,6.175374388694763,-1.0896354913711548,6.270769836678976,0.9573784292352455,True
S1_C__piolenc__o059_ascending_S1A__2024-01-26__2024-02-07,S1_C,piolenc,o059_ascending_S1A,crosspol,calibration,harmonized_20m,2024-01-26,2024-02-07,-0.10188398903123996,0.11056913522128342,True,1.740182787179947,-4.387207627296448,4.719727417744111,0.931543140793829,True
S1_C__piolenc__o059_ascending_S1A__2024-02-19__2024-03-02,S1_C,piolenc,o059_ascending_S1A,copol,calibration,harmonized_20m,2024-02-19,2024-03-02,0.33428272923970503,-0.007795977884383909,True,-7.231206893920898,-2.6076194643974304,7.6870041247415415,0.9464437350535443,True
S1_C__piolenc__o059_ascending_S1A__2024-02-19__2024-03-02,S1_C,piolenc,o059_ascending_S1A,crosspol,calibration,harmonized_20m,2024-02-19,2024-03-02,-0.24233152663640833,0.05929013557115059,True,7.064042091369629,-6.340485215187073,9.49223068791776,0.9091130902508543,True
S1_C__piolenc__o059_ascending_S1A__2024-03-14__2024-03-26,S1_C,piolenc,o059_ascending_S1A,copol,calibration,harmonized_20m,2024-03-14,2024-03-26,0.12624090341981153,-0.10793812815886783,True,6.377705335617065,-1.9215451180934906,6.66089040510556,0.9406351915928478,True
S1_C__piolenc__o059_ascending_S1A__2024-03-14__2024-03-26,S1_C,piolenc,o059_ascending_S1A,crosspol,calibration,harmonized_20m,2024-03-14,2024-03-26,0.20972875230677168,-0.14274248593498173,True,-0.7742536067962646,4.041422009468079,4.114919258776535,0.8825936872342961,True
S1_C__piolenc__o059_ascending_S1A__2024-04-07__2024-04-19,S1_C,piolenc,o059_ascending_S1A,copol,calibration,harmonized_20m,2024-04-07,2024-04-19,0.03389687932183039,0.15863517420469275,True,1.7573626339435577,-0.020957868546247482,1.7574875986575385,0.9642236327067554,True
S1_C__piolenc__o059_ascending_S1A__2024-04-07__2024-04-19,S1_C,piolenc,o059_ascending_S1A,crosspol,calibration,harmonized_20m,2024-04-07,2024-04-19,-0.15144232899366106,-0.24259146343432825,True,-0.43935075402259827,8.153446912765503,8.165275601248592,0.9116004510552858,True
S1_C__piolenc__o059_ascending_S1A__2024-05-01__2024-05-13,S1_C,piolenc,o059_ascending_S1A,copol,calibration,harmonized_20m,2024-05-01,2024-05-13,0.2033440042317749,0.2931886296940913,True,-3.89237642288208,-4.48148250579834,5.935847005035159,0.957452282301398,True
S1_C__piolenc__o059_ascending_S1A__2024-05-01__2024-05-13,S1_C,piolenc,o059_ascending_S1A,crosspol,calibration,harmonized_20m,2024-05-01,2024-05-13,0.22856629887738888,0.11405359024324202,True,-1.286647915840149,-3.9443299174308777,4.148879530292013,0.8324866811703382,True
S1_C__piolenc__o059_ascending_S1A__2024-05-25__2024-06-06,S1_C,piolenc,o059_ascending_S1A,copol,calibration,harmonized_20m,2024-05-25,2024-06-06,0.11379325137850183,-0.2815664794220387,True,-1.2391123920679092,7.907163500785828,8.003663795308736,0.9679273653582711,True
S1_C__piolenc__o059_ascending_S1A__2024-05-25__2024-06-06,S1_C,piolenc,o059_ascending_S1A,crosspol,calibration,harmonized_20m,2024-05-25,2024-06-06,-0.14878615565343223,-0.35640250954924557,True,6.521700024604797,7.202239036560059,9.716214198476678,0.92472013445227,True
S1_C__piolenc__o059_ascending_S1A__2024-06-18__2024-06-30,S1_C,piolenc,o059_ascending_S1A,copol,calibration,harmonized_20m,2024-06-18,2024-06-30,0.3393721572855757,-0.3884820860893172,True,-3.8192516565322876,12.176060676574707,12.761000619683141,0.9570233410748562,True
S1_C__piolenc__o059_ascending_S1A__2024-06-18__2024-06-30,S1_C,piolenc,o059_ascending_S1A,crosspol,calibration,harmonized_20m,2024-06-18,2024-06-30,-0.009005119106096249,0.31223822749600627,True,0.24557435885071754,-5.843318700790405,5.84847674225792,0.8952248872247227,True
S1_C__piolenc__o059_ascending_S1A__2024-07-12__2024-07-24,S1_C,piolenc,o059_ascending_S1A,copol,calibration,harmonized_20m,2024-07-12,2024-07-24,0.18171909338572645,0.07058352709264204,True,-3.8407093286514282,-5.763213634490967,6.925725921805792,0.9514501986194392,True
S1_C__piolenc__o059_ascending_S1A__2024-07-12__2024-07-24,S1_C,piolenc,o059_ascending_S1A,crosspol,calibration,harmonized_20m,2024-07-12,2024-07-24,0.21638542977393582,-0.39213101475819334,True,-4.897781014442444,7.792907357215881,9.204219898697676,0.9048686968633137,True
S1_C__piolenc__o059_ascending_S1A__2024-08-05__2024-08-17,S1_C,piolenc,o059_ascending_S1A,copol,calibration,harmonized_20m,2024-08-05,2024-08-17,-0.17097859900311363,-0.04740631946400864,True,0.20243454724550247,2.276378571987152,2.2853619295246776,0.9608579339447603,True
S1_C__piolenc__o059_ascending_S1A__2024-08-05__2024-08-17,S1_C,piolenc,o059_ascending_S1A,crosspol,calibration,harmonized_20m,2024-08-05,2024-08-17,-0.2948472637622843,-0.2640985166322971,True,3.825143873691559,9.627025127410889,10.359118613967151,0.8833964776626366,True
S1_C__piolenc__o059_ascending_S1A__2024-08-29__2024-09-10,S1_C,piolenc,o059_ascending_S1A,copol,calibration,harmonized_20m,2024-08-29,2024-09-10,-0.09507509116873036,-0.11608783624565167,True,1.1596162617206573,7.684716582298279,7.771716594465931,0.9538584991832472,True
S1_C__piolenc__o059_ascending_S1A__2024-08-29__2024-09-10,S1_C,piolenc,o059_ascending_S1A,crosspol,calibration,harmonized_20m,2024-08-29,2024-09-10,-0.21126898481690182,-0.10983606090643239,True,2.340206801891327,5.065724849700928,5.580155564901029,0.8746719486518588,True
S1_C__piolenc__o059_ascending_S1A__2024-09-22__2024-10-04,S1_C,piolenc,o059_ascending_S1A,copol,calibration,harmonized_20m,2024-09-22,2024-10-04,0.40739919454433204,-0.36554551538854874,True,-4.2869192361831665,9.012563228607178,9.98017898071971,0.9385841741980013,True
S1_C__piolenc__o059_ascending_S1A__2024-09-22__2024-10-04,S1_C,piolenc,o059_ascending_S1A,crosspol,calibration,harmonized_20m,2024-09-22,2024-10-04,0.42668844379401083,-0.11906673338953855,True,-8.848397731781006,6.073620319366455,10.732334611053101,0.8159386767703548,True
S1_C__piolenc__o059_ascending_S1A__2024-10-16__2024-10-28,S1_C,piolenc,o059_ascending_S1A,copol,calibration,harmonized_20m,2024-10-16,2024-10-28,-0.0066192242750102714,-0.125859378340051,True,3.5129642486572266,4.9254947900772095,6.049910473669967,0.9423813623907137,True
S1_C__piolenc__o059_ascending_S1A__2024-10-16__2024-10-28,S1_C,piolenc,o059_ascending_S1A,crosspol,calibration,harmonized_20m,2024-10-16,2024-10-28,0.43370781593282404,0.2773245240369846,True,-8.113976120948792,-3.4050241112709045,8.799477125924211,0.9154441209735572,True
S1_C__piolenc__o059_ascending_S1A__2024-11-09__2024-11-21,S1_C,piolenc,o059_ascending_S1A,copol,calibration,harmonized_20m,2024-11-09,2024-11-21,0.06966684062067063,-0.001953786853565731,True,1.1093784868717194,-0.529891699552536,1.2294331378275358,0.9604537993742949,True
S1_C__piolenc__o059_ascending_S1A__2024-11-09__2024-11-21,S1_C,piolenc,o059_ascending_S1A,crosspol,calibration,harmonized_20m,2024-11-09,2024-11-21,-0.03554116531655671,-0.28954437874161343,True,4.142187535762787,3.938348889350891,5.715619787536605,0.8938755469302531,True
S1_C__piolenc__o059_ascending_S1A__2024-12-03__2024-12-15,S1_C,piolenc,o059_ascending_S1A,copol,calibration,harmonized_20m,2024-12-03,2024-12-15,0.026442869796755364,-0.05823028696014321,True,-4.006072580814362,-0.5294208973646164,4.040903860440013,0.9556792583325281,True
S1_C__piolenc__o059_ascending_S1A__2024-12-03__2024-12-15,S1_C,piolenc,o059_ascending_S1A,crosspol,calibration,harmonized_20m,2024-12-03,2024-12-15,0.010983668619873654,-0.04981289216414009,True,0.4378926008939743,-0.12133276090025902,0.45439142683964545,0.9169102534215222,True
S1_C__piolenc__o059_ascending_S1A__2024-12-27__2025-01-08,S1_C,piolenc,o059_ascending_S1A,copol,calibration,harmonized_20m,2024-12-27,2025-01-08,-0.17321220008531224,0.24668163616857708,True,4.859543740749359,-6.5242767333984375,8.135192208068624,0.9527720689263462,True
S1_C__piolenc__o059_ascending_S1A__2024-12-27__2025-01-08,S1_C,piolenc,o059_ascending_S1A,crosspol,calibration,harmonized_20m,2024-12-27,2025-01-08,0.13529534830177603,-0.26937462973530213,True,1.9835901260375977,6.353734135627747,6.65616761014588,0.9185521210060763,True
S1_C__piolenc__o059_ascending_S1C__2025-05-02__2025-05-14,S1_C,piolenc,o059_ascending_S1C,copol,calibration,harmonized_20m,2025-05-02,2025-05-14,-0.004640308704488838,0.1572701090429045,True,-0.8505529165267944,-3.533802330493927,3.634721333859935,0.9664750810219714,True
S1_C__piolenc__o059_ascending_S1C__2025-05-02__2025-05-14,S1_C,piolenc,o059_ascending_S1C,crosspol,calibration,harmonized_20m,2025-05-02,2025-05-14,-0.1432551805331892,0.1516589947408975,True,1.7279493808746338,3.742935359477997,4.122544622935659,0.8572246198294315,True
S1_C__piolenc__o059_ascending_S1C__2025-05-26__2025-06-07,S1_C,piolenc,o059_ascending_S1C,copol,calibration,harmonized_20m,2025-05-26,2025-06-07,-0.007791815728702911,0.015242212476934469,True,0.6095322966575623,-0.5460298806428909,0.8183387142397286,0.9434834221420176,True
S1_C__piolenc__o059_ascending_S1C__2025-05-26__2025-06-07,S1_C,piolenc,o059_ascending_S1C,crosspol,calibration,harmonized_20m,2025-05-26,2025-06-07,0.10094976738670036,-0.018290338282114682,True,-2.915372848510742,-3.009180426597595,4.189816903595159,0.9119530240423774,True
S1_C__piolenc__o059_ascending_S1C__2025-06-19__2025-07-01,S1_C,piolenc,o059_ascending_S1C,copol,calibration,harmonized_20m,2025-06-19,2025-07-01,0.1731994763358058,0.10754623008657838,True,-3.5596877336502075,2.3271337151527405,4.252872921837701,0.9563852110139197,True
S1_C__piolenc__o059_ascending_S1C__2025-06-19__2025-07-01,S1_C,piolenc,o059_ascending_S1C,crosspol,calibration,harmonized_20m,2025-06-19,2025-07-01,0.19582079962166743,-0.7172846736046554,True,-0.8482950925827026,13.591532707214355,13.617979508553297,0.9406993925402581,True
S1_C__piolenc__o059_ascending_S1C__2025-07-13__2025-07-25,S1_C,piolenc,o059_ascending_S1C,copol,calibration,harmonized_20m,2025-07-13,2025-07-25,0.29623696316419634,0.3177521469541622,True,-8.190757036209106,-6.082157492637634,10.202016496333316,0.9298025476090424,True
S1_C__piolenc__o059_ascending_S1C__2025-07-13__2025-07-25,S1_C,piolenc,o059_ascending_S1C,crosspol,calibration,harmonized_20m,2025-07-13,2025-07-25,0.14185782334663877,-0.15714059074405373,True,-6.833437085151672,5.212256908416748,8.594386800468332,0.9000431574839146,True
S1_C__piolenc__o059_ascending_S1C__2025-08-06__2025-08-18,S1_C,piolenc,o059_ascending_S1C,copol,calibration,harmonized_20m,2025-08-06,2025-08-18,-0.21808060471292423,0.36659532277792595,True,5.403963327407837,-6.409758925437927,8.383783699869644,0.9590422394018556,True
S1_C__piolenc__o059_ascending_S1C__2025-08-06__2025-08-18,S1_C,piolenc,o059_ascending_S1C,crosspol,calibration,harmonized_20m,2025-08-06,2025-08-18,0.0790632554491073,-0.059464988113151485,True,4.071036875247955,-2.786651849746704,4.933433872195447,0.8913462034429004,True
S1_C__piolenc__o059_ascending_S1C__2025-08-30__2025-09-11,S1_C,piolenc,o059_ascending_S1C,copol,calibration,harmonized_20m,2025-08-30,2025-09-11,0.10351586027466064,0.25033115598391387,True,-3.8527989387512207,-6.314208507537842,7.39684316036955,0.959527332884594,True
S1_C__piolenc__o059_ascending_S1C__2025-08-30__2025-09-11,S1_C,piolenc,o059_ascending_S1C,crosspol,calibration,harmonized_20m,2025-08-30,2025-09-11,-0.27873946642017744,0.07140280301580759,True,8.160750269889832,-2.0283737778663635,8.409051382304833,0.9267880213049822,True
S1_C__piolenc__o059_ascending_S1C__2025-09-23__2025-10-05,S1_C,piolenc,o059_ascending_S1C,copol,calibration,harmonized_20m,2025-09-23,2025-10-05,-0.018130386072119364,-0.24562347851806177,True,-0.32282184809446335,5.389913320541382,5.399572163473375,0.9764838146639078,True
S1_C__piolenc__o059_ascending_S1C__2025-09-23__2025-10-05,S1_C,piolenc,o059_ascending_S1C,crosspol,calibration,harmonized_20m,2025-09-23,2025-10-05,-0.15982731888432822,-0.5719959720549128,True,1.9100616872310638,14.64590311050415,14.769929369204956,0.9306447712061868,True
S1_C__piolenc__o059_ascending_S1C__2025-10-17__2025-10-29,S1_C,piolenc,o059_ascending_S1C,copol,calibration,harmonized_20m,2025-10-17,2025-10-29,-0.3387864257169344,0.28736302560785365,True,8.801640272140503,-8.809264898300171,12.452791635958143,0.9134392323473809,True
S1_C__piolenc__o059_ascending_S1C__2025-10-17__2025-10-29,S1_C,piolenc,o059_ascending_S1C,crosspol,calibration,harmonized_20m,2025-10-17,2025-10-29,0.12297330904143866,0.03822921685162273,True,-1.4415863156318665,-2.1209001541137695,2.564447029894919,0.8625389176995303,True
S1_C__piolenc__o059_ascending_S1C__2025-11-10__2025-11-22,S1_C,piolenc,o059_ascending_S1C,copol,calibration,harmonized_20m,2025-11-10,2025-11-22,0.42234150860931896,-0.143292973004141,True,-8.70232343673706,2.2714757919311523,8.993888784664417,0.9362498366576915,True
S1_C__piolenc__o059_ascending_S1C__2025-11-10__2025-11-22,S1_C,piolenc,o059_ascending_S1C,crosspol,calibration,harmonized_20m,2025-11-10,2025-11-22,-0.3513669740361123,0.011437671591397525,True,10.04741907119751,3.2412534952163696,10.557289150748678,0.941029705745037,True
S1_C__piolenc__o059_ascending_S1C__2025-12-04__2025-12-16,S1_C,piolenc,o059_ascending_S1C,copol,calibration,harmonized_20m,2025-12-04,2025-12-16,-0.21088540855121973,0.16567124872626993,True,5.030442476272583,-3.9257121086120605,6.380953460635078,0.9627835422050364,True
S1_C__piolenc__o059_ascending_S1C__2025-12-04__2025-12-16,S1_C,piolenc,o059_ascending_S1C,crosspol,calibration,harmonized_20m,2025-12-04,2025-12-16,-0.09383614253727046,0.0029151312983359823,True,-3.124794363975525,5.099543333053589,5.980776038510764,0.9392853384149028,True
S1_C__piolenc__o059_ascending_S1C__2025-12-28__2026-01-09,S1_C,piolenc,o059_ascending_S1C,copol,calibration,harmonized_20m,2025-12-28,2026-01-09,0.2781514240646157,0.2393430848003133,True,-7.191045880317688,-9.979761242866516,12.300681904571576,0.9546289283898989,True
S1_C__piolenc__o059_ascending_S1C__2025-12-28__2026-01-09,S1_C,piolenc,o059_ascending_S1C,crosspol,calibration,harmonized_20m,2025-12-28,2026-01-09,0.047450551412338005,0.05325161751282703,True,0.9747333824634552,-3.3634698390960693,3.501861579988219,0.9369446315030932,True
S1_C__piolenc__o059_ascending_S1C__2026-01-21__2026-02-02,S1_C,piolenc,o059_ascending_S1C,copol,calibration,harmonized_20m,2026-01-21,2026-02-02,0.15120679602104925,-0.1362676562668761,True,-8.148892521858215,2.3621766269207,8.484357827765587,0.9773900775234192,True
S1_C__piolenc__o059_ascending_S1C__2026-01-21__2026-02-02,S1_C,piolenc,o059_ascending_S1C,crosspol,calibration,harmonized_20m,2026-01-21,2026-02-02,-0.522445430737152,0.1553848240673621,True,10.953611135482788,-0.30742963775992393,10.95792452472391,0.9206261234570555,True
S1_C__piolenc__o059_ascending_S1D__2026-05-22__2026-06-03,S1_C,piolenc,o059_ascending_S1D,copol,calibration,harmonized_20m,2026-05-22,2026-06-03,0.36677667280393456,-0.1424506207259455,True,-7.1409547328948975,5.804901123046875,9.202723050576113,0.9603238425051438,True
S1_C__piolenc__o059_ascending_S1D__2026-05-22__2026-06-03,S1_C,piolenc,o059_ascending_S1D,crosspol,calibration,harmonized_20m,2026-05-22,2026-06-03,0.19096514518057495,0.219139642191144,True,1.8103259801864624,-7.516024708747864,7.73097067495709,0.9146710980513766,True
S1_C__piolenc__o059_ascending_S1D__2026-06-15__2026-06-27,S1_C,piolenc,o059_ascending_S1D,copol,calibration,harmonized_20m,2026-06-15,2026-06-27,0.1171584542952826,-0.055766540839819356,True,-1.4144957065582275,-2.2721683979034424,2.676480400134243,0.9232153875333863,True
S1_C__piolenc__o059_ascending_S1D__2026-06-15__2026-06-27,S1_C,piolenc,o059_ascending_S1D,crosspol,calibration,harmonized_20m,2026-06-15,2026-06-27,0.027536519418352334,0.20175117081452365,True,1.9420629739761353,-6.4789509773254395,6.763757414446152,0.9018624440317626,True
S1_C__piolenc__o059_ascending_S1D__2026-07-09__2026-07-21,S1_C,piolenc,o059_ascending_S1D,copol,calibration,harmonized_20m,2026-07-09,2026-07-21,0.22781146358033144,-0.06091289360563801,True,-8.840840458869934,3.209622800350189,9.405431331933658,0.9702009870538851,True
S1_C__piolenc__o059_ascending_S1D__2026-07-09__2026-07-21,S1_C,piolenc,o059_ascending_S1D,crosspol,calibration,harmonized_20m,2026-07-09,2026-07-21,-0.2632375087976486,0.26218967661399617,True,6.522588133811951,-6.511870622634888,9.216757291438228,0.902120054251244,True
S1_C__piolenc__o139_descending_S1A__2023-01-01__2023-01-13,S1_C,piolenc,o139_descending_S1A,copol,calibration,harmonized_20m,2023-01-01,2023-01-13,0.07329632826850974,0.004757559514417586,True,-3.5988029837608337,1.2146005034446716,3.7982413428972532,0.9402451452834596,True
S1_C__piolenc__o139_descending_S1A__2023-01-01__2023-01-13,S1_C,piolenc,o139_descending_S1A,crosspol,calibration,harmonized_20m,2023-01-01,2023-01-13,0.30561567290722635,0.0027208382087802185,True,-3.8022446632385254,0.11896353214979172,3.8041052563128956,0.9520671963880302,True
S1_C__piolenc__o139_descending_S1A__2023-01-25__2023-02-06,S1_C,piolenc,o139_descending_S1A,copol,calibration,harmonized_20m,2023-01-25,2023-02-06,-0.24497478093924174,-0.18520156485139871,True,0.15509607270359993,2.5550848245620728,2.5597877358241012,0.9232587432102659,True
S1_C__piolenc__o139_descending_S1A__2023-01-25__2023-02-06,S1_C,piolenc,o139_descending_S1A,crosspol,calibration,harmonized_20m,2023-01-25,2023-02-06,-0.2252852187392227,-0.23182869220292046,True,1.5140686929225922,4.688185155391693,4.926609793572387,0.935775659284227,True
S1_C__piolenc__o139_descending_S1A__2023-02-18__2023-03-02,S1_C,piolenc,o139_descending_S1A,copol,calibration,harmonized_20m,2023-02-18,2023-03-02,0.2803570443648731,-0.5248452115028948,True,-2.6870527863502502,0.03320690244436264,2.6872579658459648,0.8439108168892135,True
S1_C__piolenc__o139_descending_S1A__2023-02-18__2023-03-02,S1_C,piolenc,o139_descending_S1A,crosspol,calibration,harmonized_20m,2023-02-18,2023-03-02,0.12232834304205253,-0.2686850703512813,True,-2.2546909749507904,4.1396260261535645,4.713823822432538,0.9116649918202793,True
S1_C__piolenc__o139_descending_S1A__2023-03-14__2023-03-26,S1_C,piolenc,o139_descending_S1A,copol,calibration,harmonized_20m,2023-03-14,2023-03-26,-0.1067579453360783,0.05451156017236558,True,1.1944882571697235,0.1287049613893032,1.2014021656392107,0.9149685634398014,True
S1_C__piolenc__o139_descending_S1A__2023-03-14__2023-03-26,S1_C,piolenc,o139_descending_S1A,crosspol,calibration,harmonized_20m,2023-03-14,2023-03-26,-0.3150947939167179,-0.04916244978749296,True,12.345972061157227,2.5333166122436523,12.603202735524984,0.8753734370218258,True
S1_C__piolenc__o139_descending_S1A__2023-04-07__2023-04-19,S1_C,piolenc,o139_descending_S1A,copol,calibration,harmonized_20m,2023-04-07,2023-04-19,-0.07090690787748555,-0.0812065686383443,True,-4.854228496551514,5.4603248834609985,7.306071593522482,0.9287485924435002,True
S1_C__piolenc__o139_descending_S1A__2023-04-07__2023-04-19,S1_C,piolenc,o139_descending_S1A,crosspol,calibration,harmonized_20m,2023-04-07,2023-04-19,0.5000375539516764,0.033325506323770515,True,-13.603235483169556,0.8600722253322601,13.63039764069087,0.9418263021396032,True
S1_C__piolenc__o139_descending_S1A__2023-05-01__2023-05-13,S1_C,piolenc,o139_descending_S1A,copol,calibration,harmonized_20m,2023-05-01,2023-05-13,0.06767055827354351,0.28149119671701994,True,4.034281671047211,-4.881749749183655,6.333001596005022,0.8693342793552173,True
S1_C__piolenc__o139_descending_S1A__2023-05-01__2023-05-13,S1_C,piolenc,o139_descending_S1A,crosspol,calibration,harmonized_20m,2023-05-01,2023-05-13,0.04169625289197176,0.1018486854213978,True,-5.544941425323486,-0.8632391691207886,5.611733891888745,0.8894583175957457,True
S1_C__piolenc__o139_descending_S1A__2023-05-25__2023-06-06,S1_C,piolenc,o139_descending_S1A,copol,calibration,harmonized_20m,2023-05-25,2023-06-06,0.04448059954573047,0.4211553748507053,True,-8.609984517097473,-11.562955379486084,14.416440978710535,0.885468413157943,True
S1_C__piolenc__o139_descending_S1A__2023-05-25__2023-06-06,S1_C,piolenc,o139_descending_S1A,crosspol,calibration,harmonized_20m,2023-05-25,2023-06-06,-0.1778547892600404,-0.06279008780732243,True,3.3424893021583557,-2.8735676407814026,4.407904912902392,0.9204218075952978,True
S1_C__piolenc__o139_descending_S1A__2023-06-18__2023-07-12,S1_C,piolenc,o139_descending_S1A,copol,calibration,harmonized_20m,2023-06-18,2023-07-12,-0.12949705270946676,0.11008306714959026,True,2.8956061601638794,5.0429767370224,5.8151654666852,0.9276377358286712,True
S1_C__piolenc__o139_descending_S1A__2023-06-18__2023-07-12,S1_C,piolenc,o139_descending_S1A,crosspol,calibration,harmonized_20m,2023-06-18,2023-07-12,-0.13345958611524722,0.5466645166613957,True,-0.9634850919246674,-10.391032695770264,10.43560558889266,0.8928308965885188,True
S1_C__piolenc__o139_descending_S1A__2023-07-24__2023-08-05,S1_C,piolenc,o139_descending_S1A,copol,calibration,harmonized_20m,2023-07-24,2023-08-05,-0.12412173029307727,0.0747756254917995,True,6.567422151565552,-2.6679739356040955,7.088661272619585,0.893421090588945,True
S1_C__piolenc__o139_descending_S1A__2023-07-24__2023-08-05,S1_C,piolenc,o139_descending_S1A,crosspol,calibration,harmonized_20m,2023-07-24,2023-08-05,-0.24669577405169507,0.20921173406480476,True,2.368059456348419,-2.5899317860603333,3.509337864219807,0.8714909759072859,True
S1_C__piolenc__o139_descending_S1A__2023-08-17__2023-08-29,S1_C,piolenc,o139_descending_S1A,copol,calibration,harmonized_20m,2023-08-17,2023-08-29,-0.08956310221318597,-0.27547138735257626,True,3.278210461139679,7.573071122169495,8.252155478962036,0.9012603691153859,True
S1_C__piolenc__o139_descending_S1A__2023-08-17__2023-08-29,S1_C,piolenc,o139_descending_S1A,crosspol,calibration,harmonized_20m,2023-08-17,2023-08-29,0.09490732526300905,0.3775505607138636,True,-7.2406041622161865,-6.006426215171814,9.4076301219917,0.8981026174240037,True
S1_C__piolenc__o139_descending_S1A__2023-09-10__2023-09-22,S1_C,piolenc,o139_descending_S1A,copol,calibration,harmonized_20m,2023-09-10,2023-09-22,-0.21780915065593343,-0.42003670586157105,True,-1.1515583842992783,8.696906566619873,8.772814288525993,0.8787283993567475,True
S1_C__piolenc__o139_descending_S1A__2023-09-10__2023-09-22,S1_C,piolenc,o139_descending_S1A,crosspol,calibration,harmonized_20m,2023-09-10,2023-09-22,0.21816134259243958,-0.4274720870337716,True,-11.906334161758423,11.468148231506348,16.53115897422978,0.8580196979078726,True
S1_C__piolenc__o139_descending_S1A__2023-10-04__2023-10-16,S1_C,piolenc,o139_descending_S1A,copol,calibration,harmonized_20m,2023-10-04,2023-10-16,0.011732605419840336,0.020097006959810315,True,1.3180333375930786,0.6358438730239868,1.4633896643986843,0.888463248166948,True
S1_C__piolenc__o139_descending_S1A__2023-10-04__2023-10-16,S1_C,piolenc,o139_descending_S1A,crosspol,calibration,harmonized_20m,2023-10-04,2023-10-16,-0.03722081855299875,0.2349610657850123,True,0.5115986242890358,-6.706176996231079,6.725663019892785,0.950124460552527,True
S1_C__piolenc__o139_descending_S1A__2023-10-28__2023-11-09,S1_C,piolenc,o139_descending_S1A,copol,calibration,harmonized_20m,2023-10-28,2023-11-09,0.22829500871130737,-0.13513280725582444,True,0.8402737975120544,0.3197041153907776,0.8990388068282307,0.9139648260087657,True
S1_C__piolenc__o139_descending_S1A__2023-10-28__2023-11-09,S1_C,piolenc,o139_descending_S1A,crosspol,calibration,harmonized_20m,2023-10-28,2023-11-09,-0.13142070883117496,0.1979993835058922,True,0.6706885248422623,-6.652228832244873,6.685953300308422,0.8928645465095325,True
S1_C__piolenc__o139_descending_S1A__2023-11-21__2023-12-03,S1_C,piolenc,o139_descending_S1A,copol,calibration,harmonized_20m,2023-11-21,2023-12-03,0.5198807786205291,-0.13490589941495523,True,-9.369536638259888,1.721825897693634,9.526431715897768,0.9106238458346138,True
S1_C__piolenc__o139_descending_S1A__2023-11-21__2023-12-03,S1_C,piolenc,o139_descending_S1A,crosspol,calibration,harmonized_20m,2023-11-21,2023-12-03,-0.08720243910461623,0.2421793890576387,True,1.7389601469039917,-3.522985577583313,3.9287924063737933,0.8969238288561305,True
S1_C__piolenc__o139_descending_S1A__2023-12-15__2023-12-27,S1_C,piolenc,o139_descending_S1A,copol,calibration,harmonized_20m,2023-12-15,2023-12-27,-0.2245280916461896,0.12636718197871843,True,0.06159970536828041,-8.740319013595581,8.740536080991937,0.9101994541103184,True
S1_C__piolenc__o139_descending_S1A__2023-12-15__2023-12-27,S1_C,piolenc,o139_descending_S1A,crosspol,calibration,harmonized_20m,2023-12-15,2023-12-27,-0.2747991853635203,-0.045079984246739535,True,5.53422212600708,0.5171912163496017,5.558336198383065,0.8669123113277705,True
S1_C__piolenc__o139_descending_S1A__2024-01-08__2024-01-20,S1_C,piolenc,o139_descending_S1A,copol,calibration,harmonized_20m,2024-01-08,2024-01-20,0.1804103928689509,0.15166132261852638,True,-2.258351445198059,-5.558301210403442,5.999571951031218,0.9127047881018139,True
S1_C__piolenc__o139_descending_S1A__2024-01-08__2024-01-20,S1_C,piolenc,o139_descending_S1A,crosspol,calibration,harmonized_20m,2024-01-08,2024-01-20,-0.04203704983768031,-0.01824107810383868,True,1.2291311472654343,0.9163066744804382,1.5330953326115901,0.9468602484292763,True
S1_C__piolenc__o139_descending_S1A__2024-02-13__2024-02-25,S1_C,piolenc,o139_descending_S1A,copol,calibration,harmonized_20m,2024-02-13,2024-02-25,0.014688618225332739,-0.12460947330367578,True,-4.828100800514221,-0.7244435697793961,4.882148689431814,0.8992169899060183,True
S1_C__piolenc__o139_descending_S1A__2024-02-13__2024-02-25,S1_C,piolenc,o139_descending_S1A,crosspol,calibration,harmonized_20m,2024-02-13,2024-02-25,0.25865567915165455,-0.27043684483544794,True,-11.597882509231567,3.2070329785346985,12.033118433030927,0.9012126734807446,True
S1_C__piolenc__o139_descending_S1A__2024-03-08__2024-03-20,S1_C,piolenc,o139_descending_S1A,copol,calibration,harmonized_20m,2024-03-08,2024-03-20,0.26131395746390806,0.1809130284243432,True,2.285866439342499,-5.986200571060181,6.407790778066461,0.9565463099361513,True
S1_C__piolenc__o139_descending_S1A__2024-03-08__2024-03-20,S1_C,piolenc,o139_descending_S1A,crosspol,calibration,harmonized_20m,2024-03-08,2024-03-20,-0.20071343551666398,-0.04170506369768834,True,6.083741784095764,1.093958541750908,6.1813153443763476,0.9349130831723629,True
S1_C__piolenc__o139_descending_S1A__2024-04-01__2024-04-13,S1_C,piolenc,o139_descending_S1A,copol,calibration,harmonized_20m,2024-04-01,2024-04-13,0.00813963422980235,0.0503720691847751,True,0.47505058348178864,-1.8444488942623138,1.904642953524849,0.8613950706978808,True
S1_C__piolenc__o139_descending_S1A__2024-04-01__2024-04-13,S1_C,piolenc,o139_descending_S1A,crosspol,calibration,harmonized_20m,2024-04-01,2024-04-13,0.14064293898041536,-0.17968775309963458,True,7.317211627960205,10.289722681045532,12.626162475636804,0.785890006912433,True
S1_C__piolenc__o139_descending_S1A__2024-04-25__2024-05-07,S1_C,piolenc,o139_descending_S1A,copol,calibration,harmonized_20m,2024-04-25,2024-05-07,0.4748371421978219,-0.05787732096530229,True,-10.673810243606567,1.3474619388580322,10.758525865247131,0.8852175699900078,True
S1_C__piolenc__o139_descending_S1A__2024-04-25__2024-05-07,S1_C,piolenc,o139_descending_S1A,crosspol,calibration,harmonized_20m,2024-04-25,2024-05-07,0.2711321429798823,0.1371531802097059,True,-10.96346378326416,-0.6462365388870239,10.982493332169046,0.8055771731173195,True
S1_C__piolenc__o139_descending_S1A__2024-05-19__2024-06-12,S1_C,piolenc,o139_descending_S1A,copol,calibration,harmonized_20m,2024-05-19,2024-06-12,0.0005244574230798271,0.3340653349062306,True,-1.5593241155147552,-10.150084495544434,10.26916291446958,0.8797193731669125,True
S1_C__piolenc__o139_descending_S1A__2024-05-19__2024-06-12,S1_C,piolenc,o139_descending_S1A,crosspol,calibration,harmonized_20m,2024-05-19,2024-06-12,-0.30906364184472723,-0.24364391996890866,True,7.181932330131531,8.337058424949646,11.003939984188046,0.8756690045081859,True
S1_C__piolenc__o139_descending_S1A__2024-06-24__2024-07-06,S1_C,piolenc,o139_descending_S1A,copol,calibration,harmonized_20m,2024-06-24,2024-07-06,0.035036529616099266,0.02903806444530055,True,-1.6950377821922302,-2.7413523197174072,3.2230677349195074,0.8900226703730713,True
S1_C__piolenc__o139_descending_S1A__2024-06-24__2024-07-06,S1_C,piolenc,o139_descending_S1A,crosspol,calibration,harmonized_20m,2024-06-24,2024-07-06,-0.026359854855852127,-0.014189092134455628,True,2.5116851925849915,-3.5383591055870056,4.339187443144302,0.8989981402807606,True
S1_C__piolenc__o139_descending_S1A__2024-07-18__2024-07-30,S1_C,piolenc,o139_descending_S1A,copol,calibration,harmonized_20m,2024-07-18,2024-07-30,-0.14369439862370115,0.0463156697915017,True,-1.8237540125846863,-2.4885085225105286,3.085247699136372,0.8847805111129458,True
S1_C__piolenc__o139_descending_S1A__2024-07-18__2024-07-30,S1_C,piolenc,o139_descending_S1A,crosspol,calibration,harmonized_20m,2024-07-18,2024-07-30,0.10397242044520416,-0.30231740027180987,True,-0.9147876501083374,6.643929481506348,6.706611320183982,0.936931484925696,True
S1_C__piolenc__o139_descending_S1A__2024-08-11__2024-08-23,S1_C,piolenc,o139_descending_S1A,copol,calibration,harmonized_20m,2024-08-11,2024-08-23,-0.2966317240447518,0.13731523452876937,True,5.271013379096985,1.7914657294750214,5.567129556827547,0.8796684299012922,True
S1_C__piolenc__o139_descending_S1A__2024-08-11__2024-08-23,S1_C,piolenc,o139_descending_S1A,crosspol,calibration,harmonized_20m,2024-08-11,2024-08-23,0.1827865143546763,0.14308266547461912,True,-8.531781435012817,-4.357672035694122,9.580219205503594,0.8481600272440777,True
S1_C__piolenc__o139_descending_S1A__2024-09-04__2024-09-28,S1_C,piolenc,o139_descending_S1A,copol,calibration,harmonized_20m,2024-09-04,2024-09-28,0.2328244019152912,-0.012698247331320633,True,-1.3659054040908813,3.6384382843971252,3.8863775835977865,0.9117781564384492,True
S1_C__piolenc__o139_descending_S1A__2024-09-04__2024-09-28,S1_C,piolenc,o139_descending_S1A,crosspol,calibration,harmonized_20m,2024-09-04,2024-09-28,-0.15310585665240817,0.049383551939321535,True,7.552157640457153,-0.4659634828567505,7.566518816052158,0.9120484998214295,True
S1_C__piolenc__o139_descending_S1A__2024-10-10__2024-10-22,S1_C,piolenc,o139_descending_S1A,copol,calibration,harmonized_20m,2024-10-10,2024-10-22,-0.1140763450004254,0.10287741047333254,True,0.6082675978541374,2.881159484386444,2.944667968561006,0.8920255382613853,True
S1_C__piolenc__o139_descending_S1A__2024-10-10__2024-10-22,S1_C,piolenc,o139_descending_S1A,crosspol,calibration,harmonized_20m,2024-10-10,2024-10-22,0.12382353331520246,-0.15609905772003518,True,-2.904362678527832,6.622728109359741,7.23158697513409,0.8676718542932794,True
S1_C__piolenc__o139_descending_S1A__2024-11-03__2024-11-15,S1_C,piolenc,o139_descending_S1A,copol,calibration,harmonized_20m,2024-11-03,2024-11-15,0.06775553919155675,0.09649468882773382,True,-0.6135683134198189,-0.4434773698449135,0.757058949354278,0.8932590186811817,True
S1_C__piolenc__o139_descending_S1A__2024-11-03__2024-11-15,S1_C,piolenc,o139_descending_S1A,crosspol,calibration,harmonized_20m,2024-11-03,2024-11-15,-0.025554128098288498,-0.05682486680539389,True,4.30100679397583,-0.27860017493367195,4.3100205915168575,0.9157706491169382,True
S1_C__piolenc__o139_descending_S1A__2024-11-27__2024-12-09,S1_C,piolenc,o139_descending_S1A,copol,calibration,harmonized_20m,2024-11-27,2024-12-09,-0.31405453325071875,0.17080847778599573,True,5.242449045181274,-5.347997546195984,7.488948507330005,0.9384609463685483,True
S1_C__piolenc__o139_descending_S1A__2024-11-27__2024-12-09,S1_C,piolenc,o139_descending_S1A,crosspol,calibration,harmonized_20m,2024-11-27,2024-12-09,0.035288616553112995,-0.12386437560323094,True,7.1385252475738525,7.721452713012695,10.515672812974948,0.9088530100701673,True
S1_C__piolenc__o139_descending_S1A__2024-12-21__2025-01-02,S1_C,piolenc,o139_descending_S1A,copol,calibration,harmonized_20m,2024-12-21,2025-01-02,-0.2863413978568663,0.11521847035874622,True,8.947387933731079,-2.7631932497024536,9.364346628135767,0.9488062899567041,True
S1_C__piolenc__o139_descending_S1A__2024-12-21__2025-01-02,S1_C,piolenc,o139_descending_S1A,crosspol,calibration,harmonized_20m,2024-12-21,2025-01-02,0.3640690002098448,0.1529920249922534,True,-7.348493933677673,-5.480515956878662,9.167137952867252,0.9488196977477579,True
S1_C__piolenc__o139_descending_S1A__2025-01-14__2025-01-26,S1_C,piolenc,o139_descending_S1A,copol,calibration,harmonized_20m,2025-01-14,2025-01-26,0.16039786317897198,0.09321397771778361,True,-9.778605103492737,-4.708055555820465,10.852967561305348,0.8585345976751576,True
S1_C__piolenc__o139_descending_S1A__2025-01-14__2025-01-26,S1_C,piolenc,o139_descending_S1A,crosspol,calibration,harmonized_20m,2025-01-14,2025-01-26,0.04936656143984974,-0.137196291637268,True,-13.189735412597656,-6.435331106185913,14.675919279574165,0.8323224471475457,True
S1_C__piolenc__o139_descending_S1C__2025-04-02__2025-04-14,S1_C,piolenc,o139_descending_S1C,copol,calibration,harmonized_20m,2025-04-02,2025-04-14,-1.2806115173762,2.318218468552873,True,-10.829663276672363,0.44932931661605835,10.838980741789177,0.894418855557601,True
S1_C__piolenc__o139_descending_S1C__2025-04-02__2025-04-14,S1_C,piolenc,o139_descending_S1C,crosspol,calibration,harmonized_20m,2025-04-02,2025-04-14,-1.149234203613685,2.2193041812953798,True,-21.547491550445557,5.532715320587158,22.24646783053846,0.7691311898630632,True
S1_C__piolenc__o139_descending_S1C__2025-04-26__2025-05-08,S1_C,piolenc,o139_descending_S1C,copol,calibration,harmonized_20m,2025-04-26,2025-05-08,1.7747016716431983,0.10639531123702461,True,21.484220027923584,-4.6310508251190186,21.977678265755653,0.9264857955660812,True
S1_C__piolenc__o139_descending_S1C__2025-04-26__2025-05-08,S1_C,piolenc,o139_descending_S1C,crosspol,calibration,harmonized_20m,2025-04-26,2025-05-08,2.279531928907615,-0.12682303673967166,True,5.030255317687988,-0.8786257356405258,5.106412805919449,0.95565187922409,True
S1_C__piolenc__o139_descending_S1C__2025-05-20__2025-06-13,S1_C,piolenc,o139_descending_S1C,copol,calibration,harmonized_20m,2025-05-20,2025-06-13,0.4318673394119936,0.6320568707965779,True,0.018897384870797396,-10.781636238098145,10.781652799168876,0.9369923182749842,True
S1_C__piolenc__o139_descending_S1C__2025-05-20__2025-06-13,S1_C,piolenc,o139_descending_S1C,crosspol,calibration,harmonized_20m,2025-05-20,2025-06-13,0.4503376596794664,-0.19577456507526403,True,5.645710229873657,7.765754461288452,9.601092976985566,0.8283610667402868,True
S1_C__piolenc__o139_descending_S1C__2025-06-25__2025-07-07,S1_C,piolenc,o139_descending_S1C,copol,calibration,harmonized_20m,2025-06-25,2025-07-07,-0.19033673835387832,0.11274158974249593,True,5.507251024246216,-3.734409213066101,6.653993238251296,0.9498282268685587,True
S1_C__piolenc__o139_descending_S1C__2025-06-25__2025-07-07,S1_C,piolenc,o139_descending_S1C,crosspol,calibration,harmonized_20m,2025-06-25,2025-07-07,-0.19019374053040528,-0.20655187979761047,True,5.811490416526794,1.6099543869495392,6.030370966154639,0.8832580655081982,True
S1_C__piolenc__o139_descending_S1C__2025-07-19__2025-07-31,S1_C,piolenc,o139_descending_S1C,copol,calibration,harmonized_20m,2025-07-19,2025-07-31,-0.1696406274269906,-0.17172371409055343,True,6.591061353683472,2.461616098880768,7.035740443356958,0.8909912552646466,True
S1_C__piolenc__o139_descending_S1C__2025-07-19__2025-07-31,S1_C,piolenc,o139_descending_S1C,crosspol,calibration,harmonized_20m,2025-07-19,2025-07-31,-0.08170124832162973,-0.05445033791136078,True,-3.5533061623573303,2.439182996749878,4.309941806460999,0.8977684696563858,True
S1_C__piolenc__o139_descending_S1C__2025-08-12__2025-08-24,S1_C,piolenc,o139_descending_S1C,copol,calibration,harmonized_20m,2025-08-12,2025-08-24,0.17751314430836285,-0.7211624343469469,True,1.0980552434921265,15.149086713790894,15.188829895015493,0.8807004253675563,True
S1_C__piolenc__o139_descending_S1C__2025-08-12__2025-08-24,S1_C,piolenc,o139_descending_S1C,crosspol,calibration,harmonized_20m,2025-08-12,2025-08-24,-0.07915807300277544,0.14296610903001294,True,0.14826852828264236,1.8366777896881104,1.8426526692821692,0.9027200920486346,True
S1_C__piolenc__o139_descending_S1C__2025-09-05__2025-09-17,S1_C,piolenc,o139_descending_S1C,copol,calibration,harmonized_20m,2025-09-05,2025-09-17,-0.15534045481975545,-0.08447586904710525,True,4.872530698776245,-0.893506333231926,4.9537772434822385,0.8083413574293198,True
S1_C__piolenc__o139_descending_S1C__2025-09-05__2025-09-17,S1_C,piolenc,o139_descending_S1C,crosspol,calibration,harmonized_20m,2025-09-05,2025-09-17,-0.22371921141977724,-0.4068554405800704,True,5.8121079206466675,7.824609279632568,9.747056420281757,0.8711024069527169,True
S1_C__piolenc__o139_descending_S1C__2025-09-29__2025-10-11,S1_C,piolenc,o139_descending_S1C,copol,calibration,harmonized_20m,2025-09-29,2025-10-11,-0.2551099689742813,-0.004453899140922424,True,5.151745676994324,0.9357467293739319,5.236039100499892,0.9384243803889065,True
S1_C__piolenc__o139_descending_S1C__2025-09-29__2025-10-11,S1_C,piolenc,o139_descending_S1C,crosspol,calibration,harmonized_20m,2025-09-29,2025-10-11,-0.05123024781555019,0.025425083127366577,True,-2.5637435913085938,0.3988036513328552,2.5945761800903635,0.944961149665881,True
S1_C__piolenc__o139_descending_S1C__2025-10-23__2025-11-04,S1_C,piolenc,o139_descending_S1C,copol,calibration,harmonized_20m,2025-10-23,2025-11-04,0.37784793644921866,-0.04609956600042686,True,-2.1548157930374146,1.2716448307037354,2.5020614855312795,0.8116006216136641,True
S1_C__piolenc__o139_descending_S1C__2025-10-23__2025-11-04,S1_C,piolenc,o139_descending_S1C,crosspol,calibration,harmonized_20m,2025-10-23,2025-11-04,-0.4175289309806316,0.014934779520927588,True,14.622238874435425,3.932614028453827,15.141840139092817,0.7979002922440289,True
S1_C__piolenc__o139_descending_S1C__2025-11-16__2025-11-28,S1_C,piolenc,o139_descending_S1C,copol,calibration,harmonized_20m,2025-11-16,2025-11-28,0.18275172745533652,0.1476375193444044,True,7.319707274436951,-4.751958250999451,8.726925105825474,0.7998166866316473,True
S1_C__piolenc__o139_descending_S1C__2025-11-16__2025-11-28,S1_C,piolenc,o139_descending_S1C,crosspol,calibration,harmonized_20m,2025-11-16,2025-11-28,-0.13723654670726315,-0.16865829010755817,True,11.324068307876587,9.240568280220032,14.615834741227184,0.879446873825949,True
S1_C__piolenc__o139_descending_S1C__2025-12-10__2025-12-22,S1_C,piolenc,o139_descending_S1C,copol,calibration,harmonized_20m,2025-12-10,2025-12-22,0.12038936586082949,-0.31185715116439505,True,-1.4436204731464386,4.56266313791275,4.785596616990965,0.9002945980577123,True
S1_C__piolenc__o139_descending_S1C__2025-12-10__2025-12-22,S1_C,piolenc,o139_descending_S1C,crosspol,calibration,harmonized_20m,2025-12-10,2025-12-22,-0.08072945879944271,0.30351322093667044,True,0.0782991386950016,-6.8401336669921875,6.840581798168952,0.863308643615274,True
S1_C__piolenc__o139_descending_S1C__2026-01-03__2026-01-15,S1_C,piolenc,o139_descending_S1C,copol,calibration,harmonized_20m,2026-01-03,2026-01-15,-0.06959556259730393,0.15673685680544702,True,-6.172335743904114,-8.74380111694336,10.702886830576892,0.8463643099801277,True
S1_C__piolenc__o139_descending_S1C__2026-01-03__2026-01-15,S1_C,piolenc,o139_descending_S1C,crosspol,calibration,harmonized_20m,2026-01-03,2026-01-15,0.05636741520619015,0.2935583946881981,True,-5.378287434577942,-10.31239628791809,11.63062736605407,0.8983417667520733,True
S1_C__piolenc__o139_descending_S1C__2026-01-27__2026-02-08,S1_C,piolenc,o139_descending_S1C,copol,calibration,harmonized_20m,2026-01-27,2026-02-08,-0.031523231627478054,-0.31203470303512715,True,5.312310457229614,6.5034019947052,8.397313850197973,0.8873258270792855,True
S1_C__piolenc__o139_descending_S1C__2026-01-27__2026-02-08,S1_C,piolenc,o139_descending_S1C,crosspol,calibration,harmonized_20m,2026-01-27,2026-02-08,-0.15996375760026682,-0.32326565513446104,True,1.7534920573234558,7.0478355884552,7.2626937755210434,0.9014119139550937,True
S1_C__piolenc__o139_descending_S1D__2026-05-16__2026-05-28,S1_C,piolenc,o139_descending_S1D,copol,calibration,harmonized_20m,2026-05-16,2026-05-28,-0.022830725687114306,0.3496917417004193,True,-4.358159899711609,-2.9851654171943665,5.282496595310547,0.9219217021683696,True
S1_C__piolenc__o139_descending_S1D__2026-05-16__2026-05-28,S1_C,piolenc,o139_descending_S1D,crosspol,calibration,harmonized_20m,2026-05-16,2026-05-28,0.1364208538683429,0.1587005416983569,True,-5.457180142402649,-0.6846263259649277,5.499957119181752,0.9301530367429671,True
S1_C__piolenc__o139_descending_S1D__2026-06-21__2026-07-03,S1_C,piolenc,o139_descending_S1D,copol,calibration,harmonized_20m,2026-06-21,2026-07-03,0.15814209159966186,-0.3163729239430628,True,-0.336075983941555,3.4300589561462402,3.446483934333848,0.8224250423270008,True
S1_C__piolenc__o139_descending_S1D__2026-06-21__2026-07-03,S1_C,piolenc,o139_descending_S1D,crosspol,calibration,harmonized_20m,2026-06-21,2026-07-03,-0.34240766310343984,-0.0714725701352692,True,3.1452709436416626,4.695299863815308,5.6514219555843255,0.8985601604364003,True
S1_C__piolenc__o139_descending_S1D__2026-07-15__2026-07-27,S1_C,piolenc,o139_descending_S1D,copol,calibration,harmonized_20m,2026-07-15,2026-07-27,-0.06575541486649916,-0.03843991344570874,True,6.484347581863403,1.5285930037498474,6.662083768126212,0.9147644858944001,True
S1_C__piolenc__o139_descending_S1D__2026-07-15__2026-07-27,S1_C,piolenc,o139_descending_S1D,crosspol,calibration,harmonized_20m,2026-07-15,2026-07-27,-0.3613083674194635,0.3489042135564122,True,7.005775570869446,-4.847968816757202,8.519606387483012,0.8705793657545927,True
S1_C__piolenc__o161_ascending_S1A__2023-01-02__2023-01-14,S1_C,piolenc,o161_ascending_S1A,copol,calibration,harmonized_20m,2023-01-02,2023-01-14,-0.2138297130012745,0.020922591586950645,True,2.7095231413841248,1.0352149605751038,2.9005492011504663,0.9141354141152932,True
S1_C__piolenc__o161_ascending_S1A__2023-01-02__2023-01-14,S1_C,piolenc,o161_ascending_S1A,crosspol,calibration,harmonized_20m,2023-01-02,2023-01-14,-0.2190909753771022,-0.20992856412934202,True,5.600345730781555,3.653474748134613,6.686684532676898,0.8274180033901635,True
S1_C__piolenc__o161_ascending_S1A__2023-01-26__2023-02-07,S1_C,piolenc,o161_ascending_S1A,copol,calibration,harmonized_20m,2023-01-26,2023-02-07,-0.21871036200043026,-0.45139226782665975,True,9.517209529876709,5.71614682674408,11.10187424629159,0.8271572880617207,True
S1_C__piolenc__o161_ascending_S1A__2023-01-26__2023-02-07,S1_C,piolenc,o161_ascending_S1A,crosspol,calibration,harmonized_20m,2023-01-26,2023-02-07,0.09035281609426926,-0.328380748336067,True,0.24358531460165977,-2.8243473172187805,2.834831842238709,0.8170905708985439,True
S1_C__piolenc__o161_ascending_S1A__2023-02-19__2023-03-03,S1_C,piolenc,o161_ascending_S1A,copol,calibration,harmonized_20m,2023-02-19,2023-03-03,-0.2389873492752086,0.09749337136251768,True,6.073107123374939,-5.646863579750061,8.292749750251426,0.8552369053367564,True
S1_C__piolenc__o161_ascending_S1A__2023-02-19__2023-03-03,S1_C,piolenc,o161_ascending_S1A,crosspol,calibration,harmonized_20m,2023-02-19,2023-03-03,-0.36264051737886316,0.07565924579245831,True,6.550722122192383,-2.866078019142151,7.150270172097728,0.8129961277139899,True
S1_C__piolenc__o161_ascending_S1A__2023-03-15__2023-03-27,S1_C,piolenc,o161_ascending_S1A,copol,calibration,harmonized_20m,2023-03-15,2023-03-27,-0.04113891758976873,0.05245071628071196,True,-4.760454893112183,0.8246783912181854,4.831358529264614,0.7688975759548264,True
S1_C__piolenc__o161_ascending_S1A__2023-03-15__2023-03-27,S1_C,piolenc,o161_ascending_S1A,crosspol,calibration,harmonized_20m,2023-03-15,2023-03-27,0.054155326337025134,0.43261046532168024,True,-0.16699882224202156,-1.9501784443855286,1.9573156545575838,0.8020682736311833,True
S1_C__piolenc__o161_ascending_S1A__2023-04-08__2023-04-20,S1_C,piolenc,o161_ascending_S1A,copol,calibration,harmonized_20m,2023-04-08,2023-04-20,-0.020159350222645145,0.4538145367439044,True,-0.5910549312829971,-13.486343622207642,13.49928924899584,0.833362265391877,True
S1_C__piolenc__o161_ascending_S1A__2023-04-08__2023-04-20,S1_C,piolenc,o161_ascending_S1A,crosspol,calibration,harmonized_20m,2023-04-08,2023-04-20,-0.06522901060514608,-0.19154247486906817,True,-2.043600082397461,4.110963344573975,4.590895437407146,0.7479184045183835,True
S1_C__piolenc__o161_ascending_S1A__2023-05-02__2023-05-14,S1_C,piolenc,o161_ascending_S1A,copol,calibration,harmonized_20m,2023-05-02,2023-05-14,0.18327869862301238,0.19421466600679915,True,-2.440308630466461,-6.8980830907821655,7.317011448621898,0.8275552835405733,True
S1_C__piolenc__o161_ascending_S1A__2023-05-02__2023-05-14,S1_C,piolenc,o161_ascending_S1A,crosspol,calibration,harmonized_20m,2023-05-02,2023-05-14,0.09296917257757409,0.20225451937291705,True,-0.5695951357483864,-0.7672876119613647,0.9555987118752288,0.769529657123865,True
S1_C__piolenc__o161_ascending_S1A__2023-05-26__2023-06-07,S1_C,piolenc,o161_ascending_S1A,copol,calibration,harmonized_20m,2023-05-26,2023-06-07,-0.20323272505776613,0.14658600973111202,True,-2.2863182425498962,-5.236067771911621,5.713462769482967,0.8788567993919348,True
S1_C__piolenc__o161_ascending_S1A__2023-05-26__2023-06-07,S1_C,piolenc,o161_ascending_S1A,crosspol,calibration,harmonized_20m,2023-05-26,2023-06-07,-0.20799128446454773,-0.3051931303102715,True,9.430830478668213,6.990066766738892,11.738892491238039,0.8405033719636381,True
S1_C__piolenc__o161_ascending_S1A__2023-06-19__2023-07-01,S1_C,piolenc,o161_ascending_S1A,copol,calibration,harmonized_20m,2023-06-19,2023-07-01,0.11048616559894464,-0.4366711900064235,True,-0.8012544363737106,10.19696593284607,10.228397866109425,0.9125339715706022,True
S1_C__piolenc__o161_ascending_S1A__2023-06-19__2023-07-01,S1_C,piolenc,o161_ascending_S1A,crosspol,calibration,harmonized_20m,2023-06-19,2023-07-01,-0.2622339381798109,-0.4902585177486367,True,6.667390465736389,9.639281034469604,11.72048780913482,0.8140590321597295,True
S1_C__piolenc__o161_ascending_S1A__2023-07-13__2023-07-25,S1_C,piolenc,o161_ascending_S1A,copol,calibration,harmonized_20m,2023-07-13,2023-07-25,-0.07056583634597091,-0.07743292866282303,True,-3.7822547554969788,-6.358477473258972,7.398357034735572,0.8644939059453027,True
S1_C__piolenc__o161_ascending_S1A__2023-07-13__2023-07-25,S1_C,piolenc,o161_ascending_S1A,crosspol,calibration,harmonized_20m,2023-07-13,2023-07-25,0.28376038361387756,-0.2609646466712343,True,-9.164212942123413,10.081809759140015,13.624451800644058,0.8583179127543158,True
S1_C__piolenc__o161_ascending_S1A__2023-08-06__2023-08-18,S1_C,piolenc,o161_ascending_S1A,copol,calibration,harmonized_20m,2023-08-06,2023-08-18,-0.5012020846493064,0.15429379566482027,True,8.028404116630554,-8.105337023735046,11.408407466787839,0.7888572719109381,True
S1_C__piolenc__o161_ascending_S1A__2023-08-06__2023-08-18,S1_C,piolenc,o161_ascending_S1A,crosspol,calibration,harmonized_20m,2023-08-06,2023-08-18,0.1689795498672475,0.22676137155027298,True,0.7925727218389511,-7.012640833854675,7.057287225559776,0.8711961071495643,True
S1_C__piolenc__o161_ascending_S1A__2023-08-30__2023-09-11,S1_C,piolenc,o161_ascending_S1A,copol,calibration,harmonized_20m,2023-08-30,2023-09-11,0.5463695469343506,-0.1715794454371884,True,-8.847548961639404,-5.945103764533997,10.659426879512932,0.8380727412363297,True
S1_C__piolenc__o161_ascending_S1A__2023-08-30__2023-09-11,S1_C,piolenc,o161_ascending_S1A,crosspol,calibration,harmonized_20m,2023-08-30,2023-09-11,-0.551956108135454,0.1559404060277365,True,5.403841733932495,2.551305890083313,5.975840294901158,0.8398001350693085,True
S1_C__piolenc__o161_ascending_S1A__2023-09-23__2023-10-05,S1_C,piolenc,o161_ascending_S1A,copol,calibration,harmonized_20m,2023-09-23,2023-10-05,0.07288341988577818,-0.2991485894644179,True,-1.1757710576057434,11.151853799819946,11.213664911725422,0.8579569583075592,True
S1_C__piolenc__o161_ascending_S1A__2023-09-23__2023-10-05,S1_C,piolenc,o161_ascending_S1A,crosspol,calibration,harmonized_20m,2023-09-23,2023-10-05,-0.06646424510638527,0.09104241672802971,True,-3.436480164527893,7.309989929199219,8.077459296473592,0.85122610397709,True
S1_C__piolenc__o161_ascending_S1A__2023-10-17__2023-10-29,S1_C,piolenc,o161_ascending_S1A,copol,calibration,harmonized_20m,2023-10-17,2023-10-29,-0.284891293300062,-0.10749687859103574,True,5.690937042236328,-5.592334270477295,7.978782301294627,0.8991714734352262,True
S1_C__piolenc__o161_ascending_S1A__2023-10-17__2023-10-29,S1_C,piolenc,o161_ascending_S1A,crosspol,calibration,harmonized_20m,2023-10-17,2023-10-29,-0.2726561317260767,0.11130723089364647,True,10.661567449569702,-7.933444380760193,13.289415345467223,0.8079354695434369,True
S1_C__piolenc__o161_ascending_S1A__2023-11-10__2023-11-22,S1_C,piolenc,o161_ascending_S1A,copol,calibration,harmonized_20m,2023-11-10,2023-11-22,0.16107209288299318,0.3546862009041578,True,-2.2603480517864227,-6.980394124984741,7.337238953130542,0.6720526336237425,True
S1_C__piolenc__o161_ascending_S1A__2023-11-10__2023-11-22,S1_C,piolenc,o161_ascending_S1A,crosspol,calibration,harmonized_20m,2023-11-10,2023-11-22,-0.3815458588080993,0.19185257623456176,True,2.9049041867256165,-2.440120279788971,3.7937653214047677,0.7508736149965838,True
S1_C__piolenc__o161_ascending_S1A__2023-12-04__2023-12-16,S1_C,piolenc,o161_ascending_S1A,copol,calibration,harmonized_20m,2023-12-04,2023-12-16,0.27176069316632434,0.1953963789115032,True,-2.1135105192661285,-0.10805521160364151,2.116270928733674,0.8413633669941452,True
S1_C__piolenc__o161_ascending_S1A__2023-12-04__2023-12-16,S1_C,piolenc,o161_ascending_S1A,crosspol,calibration,harmonized_20m,2023-12-04,2023-12-16,0.15468050548241452,0.3680879414501095,True,3.1364989280700684,-3.9763420820236206,5.064476466433291,0.8113357931281406,True
S1_C__piolenc__o161_ascending_S1A__2023-12-28__2024-01-09,S1_C,piolenc,o161_ascending_S1A,copol,calibration,harmonized_20m,2023-12-28,2024-01-09,0.3006680977690501,-0.028120400270947865,True,-2.9220524430274963,-3.996390402317047,4.95070971957908,0.8751456067213474,True
S1_C__piolenc__o161_ascending_S1A__2023-12-28__2024-01-09,S1_C,piolenc,o161_ascending_S1A,crosspol,calibration,harmonized_20m,2023-12-28,2024-01-09,-0.5994816399206044,-0.15144802811458646,True,14.706474542617798,9.627684950828552,17.57761960519899,0.8205340957486282,True
S1_C__piolenc__o161_ascending_S1A__2024-01-21__2024-02-02,S1_C,piolenc,o161_ascending_S1A,copol,calibration,harmonized_20m,2024-01-21,2024-02-02,0.4868860542975404,0.10197197104264832,True,-11.377414464950562,2.9041165113449097,11.742208166215262,0.8651025043137834,True
S1_C__piolenc__o161_ascending_S1A__2024-01-21__2024-02-02,S1_C,piolenc,o161_ascending_S1A,crosspol,calibration,harmonized_20m,2024-01-21,2024-02-02,-0.15742242255614425,0.24364224938962575,True,3.558737635612488,4.335838556289673,5.609287793056519,0.8429335973548805,True
S1_C__piolenc__o161_ascending_S1A__2024-02-14__2024-02-26,S1_C,piolenc,o161_ascending_S1A,copol,calibration,harmonized_20m,2024-02-14,2024-02-26,-0.05522424418398364,-0.22073405033096183,True,-1.0828003287315369,5.867004990577698,5.966087839729209,0.9295252283787301,True
S1_C__piolenc__o161_ascending_S1A__2024-02-14__2024-02-26,S1_C,piolenc,o161_ascending_S1A,crosspol,calibration,harmonized_20m,2024-02-14,2024-02-26,0.005416968794490273,-0.2618550089939089,True,-0.9489704668521881,8.273605108261108,8.327850048746193,0.8445494846608144,True
S1_C__piolenc__o161_ascending_S1A__2024-03-09__2024-03-21,S1_C,piolenc,o161_ascending_S1A,copol,calibration,harmonized_20m,2024-03-09,2024-03-21,-0.3219543948456991,0.6625279254992074,True,5.0608426332473755,-14.392591714859009,15.25643550863446,0.7059301268499041,True
S1_C__piolenc__o161_ascending_S1A__2024-03-09__2024-03-21,S1_C,piolenc,o161_ascending_S1A,crosspol,calibration,harmonized_20m,2024-03-09,2024-03-21,-0.2162081713849333,-0.2487462063258703,True,6.453976631164551,18.448939323425293,19.545259694233952,0.7832131139671799,True
S1_C__piolenc__o161_ascending_S1A__2024-04-02__2024-04-14,S1_C,piolenc,o161_ascending_S1A,copol,calibration,harmonized_20m,2024-04-02,2024-04-14,0.0454800179039605,0.06511512937425623,True,-2.901664078235626,0.160810686647892,2.906116738856712,0.876260818785588,True
S1_C__piolenc__o161_ascending_S1A__2024-04-02__2024-04-14,S1_C,piolenc,o161_ascending_S1A,crosspol,calibration,harmonized_20m,2024-04-02,2024-04-14,-0.151623175610613,0.449479762579188,True,1.5667642652988434,-6.779883503913879,6.95856095681147,0.8094822392687159,True
S1_C__piolenc__o161_ascending_S1A__2024-04-26__2024-05-08,S1_C,piolenc,o161_ascending_S1A,copol,calibration,harmonized_20m,2024-04-26,2024-05-08,0.03756446634782584,0.3604119851810035,True,-2.799244523048401,-9.02804970741272,9.452060696976684,0.7947041566613686,True
S1_C__piolenc__o161_ascending_S1A__2024-04-26__2024-05-08,S1_C,piolenc,o161_ascending_S1A,crosspol,calibration,harmonized_20m,2024-04-26,2024-05-08,0.013747583971389421,0.0602757488233312,True,-4.93160605430603,-3.946029841899872,6.316002674796158,0.8072622000776184,True
S1_C__piolenc__o161_ascending_S1A__2024-05-20__2024-06-01,S1_C,piolenc,o161_ascending_S1A,copol,calibration,harmonized_20m,2024-05-20,2024-06-01,-0.14212508020032155,0.1906647467212501,True,9.771737456321716,-1.1504793167114258,9.839230436038257,0.7981892113864546,True
S1_C__piolenc__o161_ascending_S1A__2024-05-20__2024-06-01,S1_C,piolenc,o161_ascending_S1A,crosspol,calibration,harmonized_20m,2024-05-20,2024-06-01,-0.06822523740318154,0.5286678274135133,True,-8.914744853973389,-10.967708826065063,14.133764986895406,0.7735452720414927,True
S1_C__piolenc__o161_ascending_S1A__2024-06-13__2024-06-25,S1_C,piolenc,o161_ascending_S1A,copol,calibration,harmonized_20m,2024-06-13,2024-06-25,0.020167953552151285,-0.37212819390852747,True,4.238899648189545,8.55778694152832,9.5500778826151,0.8639912108777079,True
S1_C__piolenc__o161_ascending_S1A__2024-06-13__2024-06-25,S1_C,piolenc,o161_ascending_S1A,crosspol,calibration,harmonized_20m,2024-06-13,2024-06-25,-0.0816719403590529,-0.22871663896288918,True,5.885850787162781,-5.068342685699463,7.76732496220082,0.839109433665875,True
S1_C__piolenc__o161_ascending_S1A__2024-08-12__2024-08-24,S1_C,piolenc,o161_ascending_S1A,copol,calibration,harmonized_20m,2024-08-12,2024-08-24,-0.06260017020859499,-0.05352481558888256,True,8.771194219589233,-7.0989590883255005,11.284018263698211,0.8459135934607986,True
S1_C__piolenc__o161_ascending_S1A__2024-08-12__2024-08-24,S1_C,piolenc,o161_ascending_S1A,crosspol,calibration,harmonized_20m,2024-08-12,2024-08-24,0.14021904057378665,-0.20149136749800478,True,-1.2053997814655304,2.996115982532501,3.22950454620269,0.8228380123614227,True
S1_C__piolenc__o161_ascending_S1A__2024-09-05__2024-09-17,S1_C,piolenc,o161_ascending_S1A,copol,calibration,harmonized_20m,2024-09-05,2024-09-17,-0.003178060086021617,0.018941554183674825,True,-1.1450044810771942,-0.14981165528297424,1.1547635228675521,0.9132664431648271,True
S1_C__piolenc__o161_ascending_S1A__2024-09-05__2024-09-17,S1_C,piolenc,o161_ascending_S1A,crosspol,calibration,harmonized_20m,2024-09-05,2024-09-17,0.2824513653975371,0.05989667693932077,True,-5.995684862136841,-4.450858235359192,7.46715313873511,0.8152050387843319,True
S1_C__piolenc__o161_ascending_S1A__2024-09-29__2024-10-11,S1_C,piolenc,o161_ascending_S1A,copol,calibration,harmonized_20m,2024-09-29,2024-10-11,0.22088003316815952,-0.3836516788702493,True,-6.618356704711914,3.83156418800354,7.64745249070541,0.9344911920530014,True
S1_C__piolenc__o161_ascending_S1A__2024-09-29__2024-10-11,S1_C,piolenc,o161_ascending_S1A,crosspol,calibration,harmonized_20m,2024-09-29,2024-10-11,-0.007152425312305866,0.07675078753344478,True,0.15264086425304413,-10.954198837280273,10.955262269800409,0.8246419701476575,True
S1_C__piolenc__o161_ascending_S1A__2024-10-23__2024-11-04,S1_C,piolenc,o161_ascending_S1A,copol,calibration,harmonized_20m,2024-10-23,2024-11-04,-0.4876373320802796,0.3005379298959845,True,12.164407968521118,-3.182480037212372,12.573822028797581,0.9009823986420274,True
S1_C__piolenc__o161_ascending_S1A__2024-10-23__2024-11-04,S1_C,piolenc,o161_ascending_S1A,crosspol,calibration,harmonized_20m,2024-10-23,2024-11-04,0.08607762006412267,0.042471758411252836,True,-1.235269159078598,-1.3517798483371735,1.831174118903284,0.8205913705155825,True
S1_C__piolenc__o161_ascending_S1A__2024-11-16__2024-11-28,S1_C,piolenc,o161_ascending_S1A,copol,calibration,harmonized_20m,2024-11-16,2024-11-28,0.3524508592870088,-0.05913053051653172,True,-10.158673524856567,2.617088556289673,10.490367023897882,0.9105977680109778,True
S1_C__piolenc__o161_ascending_S1A__2024-11-16__2024-11-28,S1_C,piolenc,o161_ascending_S1A,crosspol,calibration,harmonized_20m,2024-11-16,2024-11-28,-0.150187806528554,0.020721878977478347,True,6.159929633140564,5.9066033363342285,8.534207406551465,0.8417060970755941,True
S1_C__piolenc__o161_ascending_S1A__2024-12-10__2024-12-22,S1_C,piolenc,o161_ascending_S1A,copol,calibration,harmonized_20m,2024-12-10,2024-12-22,-0.1360484027885649,-0.41649364807936395,True,-0.11626765131950378,6.647691130638123,6.648707809424935,0.8375414289653214,True
S1_C__piolenc__o161_ascending_S1A__2024-12-10__2024-12-22,S1_C,piolenc,o161_ascending_S1A,crosspol,calibration,harmonized_20m,2024-12-10,2024-12-22,0.20713975192311773,0.09533129681930408,True,-9.799837470054626,-1.1353221535682678,9.865382447318986,0.8614344963521416,True
S1_C__piolenc__o161_ascending_S1A__2025-01-03__2025-01-15,S1_C,piolenc,o161_ascending_S1A,copol,calibration,harmonized_20m,2025-01-03,2025-01-15,0.2648135271271528,0.32663404291459397,True,-10.059030055999756,-0.43046697974205017,10.06823656298136,0.9125348027204291,True
S1_C__piolenc__o161_ascending_S1A__2025-01-03__2025-01-15,S1_C,piolenc,o161_ascending_S1A,crosspol,calibration,harmonized_20m,2025-01-03,2025-01-15,0.08546586600792905,-0.11244836365845634,True,-2.7903130650520325,6.154198050498962,6.757218410393828,0.7927476358433614,True
S1_C__piolenc__o161_ascending_S1C__2025-04-03__2025-04-15,S1_C,piolenc,o161_ascending_S1C,copol,calibration,harmonized_20m,2025-04-03,2025-04-15,0.2612513676165995,-0.3309645913080903,True,-6.782500743865967,2.992267608642578,7.413230185436977,0.7773415244511516,True
S1_C__piolenc__o161_ascending_S1C__2025-04-03__2025-04-15,S1_C,piolenc,o161_ascending_S1C,crosspol,calibration,harmonized_20m,2025-04-03,2025-04-15,-0.16824722224886823,-0.0658858224039669,True,-3.9882653951644897,4.651398658752441,6.1271339421389,0.8827123298157938,True
S1_C__piolenc__o161_ascending_S1C__2025-04-27__2025-05-09,S1_C,piolenc,o161_ascending_S1C,copol,calibration,harmonized_20m,2025-04-27,2025-05-09,0.16008866107601172,-0.24092410595922464,True,6.440548300743103,7.6184916496276855,9.976075251803769,0.873741200238405,True
S1_C__piolenc__o161_ascending_S1C__2025-04-27__2025-05-09,S1_C,piolenc,o161_ascending_S1C,crosspol,calibration,harmonized_20m,2025-04-27,2025-05-09,0.24852148567719956,0.05536082460419234,True,-9.172271490097046,-0.38471080362796783,9.180335870243265,0.8468191471976978,True
S1_C__piolenc__o161_ascending_S1C__2025-05-21__2025-06-02,S1_C,piolenc,o161_ascending_S1C,copol,calibration,harmonized_20m,2025-05-21,2025-06-02,-0.20062203006403978,0.12279028573030493,True,10.189852714538574,-6.146373152732849,11.900042070372033,0.9453884783279183,True
S1_C__piolenc__o161_ascending_S1C__2025-05-21__2025-06-02,S1_C,piolenc,o161_ascending_S1C,crosspol,calibration,harmonized_20m,2025-05-21,2025-06-02,-0.3456712893819489,0.3830648437388011,True,11.673544645309448,-11.618777513504028,16.470204476397363,0.8508889744978745,True
S1_C__piolenc__o161_ascending_S1C__2025-06-14__2025-06-26,S1_C,piolenc,o161_ascending_S1C,copol,calibration,harmonized_20m,2025-06-14,2025-06-26,-0.19233198141570096,0.08842435364523737,True,0.14981985092163086,7.805677652359009,7.807115318750392,0.777727092580289,True
S1_C__piolenc__o161_ascending_S1C__2025-06-14__2025-06-26,S1_C,piolenc,o161_ascending_S1C,crosspol,calibration,harmonized_20m,2025-06-14,2025-06-26,0.16812186909834725,-0.009120828744260567,True,0.3420809656381607,3.9728498458862305,3.9875500354240296,0.8292688595395558,True
S1_C__piolenc__o161_ascending_S1C__2025-07-20__2025-08-01,S1_C,piolenc,o161_ascending_S1C,copol,calibration,harmonized_20m,2025-07-20,2025-08-01,-0.08547258466131247,0.13718242418979543,True,3.565146327018738,10.39699673652649,10.991260595236456,0.7831769308178658,True
S1_C__piolenc__o161_ascending_S1C__2025-07-20__2025-08-01,S1_C,piolenc,o161_ascending_S1C,crosspol,calibration,harmonized_20m,2025-07-20,2025-08-01,0.03884199905965424,-0.004131529229489228,True,3.714418411254883,-2.6454314589500427,4.560176722219414,0.8281459690744585,True
S1_C__piolenc__o161_ascending_S1C__2025-08-13__2025-08-25,S1_C,piolenc,o161_ascending_S1C,copol,calibration,harmonized_20m,2025-08-13,2025-08-25,0.01894440885833326,-0.1037280820723212,True,-7.28224515914917,0.9540353715419769,7.344472618786509,0.871200674978758,True
S1_C__piolenc__o161_ascending_S1C__2025-08-13__2025-08-25,S1_C,piolenc,o161_ascending_S1C,crosspol,calibration,harmonized_20m,2025-08-13,2025-08-25,-0.026473206760125656,0.12687586438810028,True,0.36405883729457855,-2.255806028842926,2.2849944588064917,0.8731385446651162,True
S1_C__piolenc__o161_ascending_S1C__2025-09-06__2025-09-18,S1_C,piolenc,o161_ascending_S1C,copol,calibration,harmonized_20m,2025-09-06,2025-09-18,-0.10805191575599915,-0.05437397067311789,True,0.2108660340309143,4.8580896854400635,4.862663866245236,0.9179799930348657,True
S1_C__piolenc__o161_ascending_S1C__2025-09-06__2025-09-18,S1_C,piolenc,o161_ascending_S1C,crosspol,calibration,harmonized_20m,2025-09-06,2025-09-18,0.23183460417493595,-0.024882765946317775,True,3.8607287406921387,-2.890341579914093,4.822789738085894,0.844326814037046,True
S1_C__piolenc__o161_ascending_S1C__2025-09-30__2025-10-12,S1_C,piolenc,o161_ascending_S1C,copol,calibration,harmonized_20m,2025-09-30,2025-10-12,0.541604133151893,-0.123903485879997,True,-8.14576268196106,-0.4107426106929779,8.156111767445829,0.8961054069269399,True
S1_C__piolenc__o161_ascending_S1C__2025-09-30__2025-10-12,S1_C,piolenc,o161_ascending_S1C,crosspol,calibration,harmonized_20m,2025-09-30,2025-10-12,-0.15185242786031106,0.2277634153739787,True,3.6207008361816406,1.5034955739974976,3.9204557753093576,0.8875799314296555,True
S1_C__piolenc__o161_ascending_S1C__2025-10-24__2025-11-05,S1_C,piolenc,o161_ascending_S1C,copol,calibration,harmonized_20m,2025-10-24,2025-11-05,-0.21905022130290908,-0.16242528735195672,True,3.3848878741264343,1.1289438605308533,3.5681900398715425,0.9097480371537586,True
S1_C__piolenc__o161_ascending_S1C__2025-10-24__2025-11-05,S1_C,piolenc,o161_ascending_S1C,crosspol,calibration,harmonized_20m,2025-10-24,2025-11-05,-0.08658982897060374,-0.11964472433792617,True,8.576217889785767,0.923813208937645,8.62583005502016,0.8680210939636024,True
S1_C__piolenc__o161_ascending_S1C__2025-11-17__2025-11-29,S1_C,piolenc,o161_ascending_S1C,copol,calibration,harmonized_20m,2025-11-17,2025-11-29,-0.4207543919116059,0.10541556557844967,True,10.509226322174072,-8.254731893539429,13.36354879980963,0.8315429597257841,True
S1_C__piolenc__o161_ascending_S1C__2025-11-17__2025-11-29,S1_C,piolenc,o161_ascending_S1C,crosspol,calibration,harmonized_20m,2025-11-17,2025-11-29,-0.04759124585243768,0.14883698165098203,True,-2.608114182949066,-9.604337215423584,9.952163229111072,0.8399074564833402,True
S1_C__piolenc__o161_ascending_S1C__2025-12-11__2025-12-23,S1_C,piolenc,o161_ascending_S1C,copol,calibration,harmonized_20m,2025-12-11,2025-12-23,-0.04757760962400148,0.01089843536875712,True,-0.36133185029029846,-8.677054643630981,8.684574715816094,0.861412981570767,True
S1_C__piolenc__o161_ascending_S1C__2025-12-11__2025-12-23,S1_C,piolenc,o161_ascending_S1C,crosspol,calibration,harmonized_20m,2025-12-11,2025-12-23,-0.19583994444653374,-0.20184150212599894,True,-0.17621565610170364,7.8711628913879395,7.87313515825925,0.8811600325876777,True
S1_C__piolenc__o161_ascending_S1C__2026-01-04__2026-01-16,S1_C,piolenc,o161_ascending_S1C,copol,calibration,harmonized_20m,2026-01-04,2026-01-16,-0.002127348101627735,-0.01295313401187137,True,-4.130282402038574,0.34805066883563995,4.144921228282447,0.7952227987245697,True
S1_C__piolenc__o161_ascending_S1C__2026-01-04__2026-01-16,S1_C,piolenc,o161_ascending_S1C,crosspol,calibration,harmonized_20m,2026-01-04,2026-01-16,0.2924450365262783,-0.0986366941340493,True,-8.630579710006714,3.0217772722244263,9.144290241112849,0.8779739322692401,True
S1_C__piolenc__o161_ascending_S1D__2026-05-17__2026-05-29,S1_C,piolenc,o161_ascending_S1D,copol,calibration,harmonized_20m,2026-05-17,2026-05-29,3.2414103617990153,1.980455718981978,True,nan,nan,nan,0.14438913543293797,False
S1_C__piolenc__o161_ascending_S1D__2026-05-17__2026-05-29,S1_C,piolenc,o161_ascending_S1D,crosspol,calibration,harmonized_20m,2026-05-17,2026-05-29,1.2801910967562309,1.2574780467977966,True,nan,nan,nan,nan,False
S1_C__piolenc__o161_ascending_S1D__2026-06-10__2026-06-22,S1_C,piolenc,o161_ascending_S1D,copol,calibration,harmonized_20m,2026-06-10,2026-06-22,-0.17061589558025858,0.4371374783657962,True,2.9996266961097717,-19.20801877975464,19.440826776642535,0.7748993064391883,True
S1_C__piolenc__o161_ascending_S1D__2026-06-10__2026-06-22,S1_C,piolenc,o161_ascending_S1D,crosspol,calibration,harmonized_20m,2026-06-10,2026-06-22,-0.1545186553784701,-0.32565441090547065,True,8.93675982952118,1.3308341801166534,9.035308288349114,0.8318247602729565,True
S1_C__piolenc__o161_ascending_S1D__2026-07-04__2026-07-16,S1_C,piolenc,o161_ascending_S1D,copol,calibration,harmonized_20m,2026-07-04,2026-07-16,-0.037742253493930455,-0.35963200279104335,True,1.2332968413829803,5.8098286390304565,5.939286986992944,0.7760983051292861,True
S1_C__piolenc__o161_ascending_S1D__2026-07-04__2026-07-16,S1_C,piolenc,o161_ascending_S1D,crosspol,calibration,harmonized_20m,2026-07-04,2026-07-16,0.07233552804796917,-0.021420214423300443,True,-9.738731384277344,-1.018090397119522,9.79180254252584,0.8448737392782618,True
NISAR_L__sirindhorn__r148_D_f081_2005_DHDH__2026-06-24__2026-07-18,NISAR_L,sirindhorn,r148_D_f081_2005_DHDH,copol,calibration,harmonized_20m,2026-06-24,2026-07-18,-0.12495926429615434,0.07968796972528125,True,-3.2857847213745117,2.9640519618988037,4.4251536999356675,0.9524891914559117,True
NISAR_L__sirindhorn__r148_D_f081_2005_DHDH__2026-06-24__2026-07-18,NISAR_L,sirindhorn,r148_D_f081_2005_DHDH,crosspol,calibration,harmonized_20m,2026-06-24,2026-07-18,-0.05566397434958148,0.2233001705709139,True,-4.082283079624176,-5.030609965324402,6.478585630012698,0.9442710475787955,True
NISAR_L__sirindhorn__r155_A_f009_2005_DHDH__2026-06-24__2026-07-06,NISAR_L,sirindhorn,r155_A_f009_2005_DHDH,copol,calibration,harmonized_20m,2026-06-24,2026-07-06,-0.0565732785499069,0.14664026421035548,True,2.6559561491012573,-11.04803204536438,11.362795216906227,0.9354743476293753,True
NISAR_L__sirindhorn__r155_A_f009_2005_DHDH__2026-06-24__2026-07-06,NISAR_L,sirindhorn,r155_A_f009_2005_DHDH,crosspol,calibration,harmonized_20m,2026-06-24,2026-07-06,0.16889554413926788,-0.14640493857099557,True,1.119132936000824,-1.959502398967743,2.2565700033462655,0.944232237011909,True
NISAR_L__sirindhorn__r155_A_f009_2005_DHDH__2026-07-18__2026-08-11,NISAR_L,sirindhorn,r155_A_f009_2005_DHDH,copol,calibration,harmonized_20m,2026-07-18,2026-08-11,0.18590445148593027,0.171079633405129,True,-0.6555875390768051,11.703065633773804,11.721413747914976,0.9032467212454671,True
NISAR_L__sirindhorn__r155_A_f009_2005_DHDH__2026-07-18__2026-08-11,NISAR_L,sirindhorn,r155_A_f009_2005_DHDH,crosspol,calibration,harmonized_20m,2026-07-18,2026-08-11,-0.1585698748933062,-0.1289161576036193,True,3.4708932042121887,-0.15083897858858109,3.4741692578957637,0.8881646811126492,True
S1_C__sirindhorn__o026_ascending_S1A__2022-01-10__2022-01-22,S1_C,sirindhorn,o026_ascending_S1A,copol,calibration,harmonized_20m,2022-01-10,2022-01-22,0.05986645920364442,-0.059501699230957605,True,-0.7432335615158081,0.6913758814334869,1.0150845956822532,0.9872443443870546,True
S1_C__sirindhorn__o026_ascending_S1A__2022-01-10__2022-01-22,S1_C,sirindhorn,o026_ascending_S1A,crosspol,calibration,harmonized_20m,2022-01-10,2022-01-22,-0.07087731635697203,-0.03212698310815654,True,1.5131968259811401,0.23848507553339005,1.5318745919335446,0.9858506349783575,True
S1_C__sirindhorn__o026_ascending_S1A__2022-02-03__2022-02-15,S1_C,sirindhorn,o026_ascending_S1A,copol,calibration,harmonized_20m,2022-02-03,2022-02-15,0.2615693014518712,0.05793955523741623,True,-3.9755916595458984,-0.2768455632030964,3.9852192548611614,0.9820821695124424,True
S1_C__sirindhorn__o026_ascending_S1A__2022-02-03__2022-02-15,S1_C,sirindhorn,o026_ascending_S1A,crosspol,calibration,harmonized_20m,2022-02-03,2022-02-15,0.06760512294204268,-0.055935579195661944,True,-1.0541342943906784,1.7004117369651794,2.0006496909302918,0.976255882587725,True
S1_C__sirindhorn__o026_ascending_S1A__2022-03-11__2022-03-23,S1_C,sirindhorn,o026_ascending_S1A,copol,calibration,harmonized_20m,2022-03-11,2022-03-23,-0.0037191196866217524,-0.02672789042042467,True,2.030767947435379,-0.3904945030808449,2.067971086177768,0.9913079381196758,True
S1_C__sirindhorn__o026_ascending_S1A__2022-03-11__2022-03-23,S1_C,sirindhorn,o026_ascending_S1A,crosspol,calibration,harmonized_20m,2022-03-11,2022-03-23,0.18838032629064916,0.0112564658602885,True,-4.031720757484436,0.09027263149619102,4.032731259869435,0.9845417869339631,True
S1_C__sirindhorn__o026_ascending_S1A__2022-04-04__2022-04-16,S1_C,sirindhorn,o026_ascending_S1A,copol,calibration,harmonized_20m,2022-04-04,2022-04-16,0.2752845389790979,-0.06316414446197172,True,-4.074285924434662,0.33612385392189026,4.088127326689044,0.9889036685727023,True
S1_C__sirindhorn__o026_ascending_S1A__2022-04-04__2022-04-16,S1_C,sirindhorn,o026_ascending_S1A,crosspol,calibration,harmonized_20m,2022-04-04,2022-04-16,0.17388046354718067,-0.17423889042170249,True,-4.047961235046387,1.9607818126678467,4.497850095026209,0.9765381326140414,True
S1_C__sirindhorn__o026_ascending_S1A__2022-04-28__2022-05-10,S1_C,sirindhorn,o026_ascending_S1A,copol,calibration,harmonized_20m,2022-04-28,2022-05-10,-0.17333741600233843,-0.12446264191182,True,5.026525259017944,1.1946269124746323,5.166535554852408,0.985863842236879,True
S1_C__sirindhorn__o026_ascending_S1A__2022-04-28__2022-05-10,S1_C,sirindhorn,o026_ascending_S1A,crosspol,calibration,harmonized_20m,2022-04-28,2022-05-10,0.01402611898904027,-0.19410199587008847,True,-0.5619711056351662,3.977864384651184,4.017364383055781,0.981943619218725,True
S1_C__sirindhorn__o026_ascending_S1A__2022-05-22__2022-06-03,S1_C,sirindhorn,o026_ascending_S1A,copol,calibration,harmonized_20m,2022-05-22,2022-06-03,-0.07201890787371212,-0.3066956563766201,True,3.1785625219345093,5.464378595352173,6.3216052660055935,0.9861779908346427,True
S1_C__sirindhorn__o026_ascending_S1A__2022-05-22__2022-06-03,S1_C,sirindhorn,o026_ascending_S1A,crosspol,calibration,harmonized_20m,2022-05-22,2022-06-03,-0.06101371959575097,-0.10541782266474442,True,1.7265120148658752,0.36940768361091614,1.765589356047155,0.9770639239452422,True
S1_C__sirindhorn__o026_ascending_S1A__2022-06-15__2022-06-27,S1_C,sirindhorn,o026_ascending_S1A,copol,calibration,harmonized_20m,2022-06-15,2022-06-27,-0.22523348496452833,-0.047473412892914624,True,3.1961923837661743,1.866108626127243,3.7010818902790312,0.9864768345172111,True
S1_C__sirindhorn__o026_ascending_S1A__2022-06-15__2022-06-27,S1_C,sirindhorn,o026_ascending_S1A,crosspol,calibration,harmonized_20m,2022-06-15,2022-06-27,-0.028608543450021173,-0.06546553239302177,True,-0.9383491426706314,2.1881304681301117,2.3808431403832575,0.9773339346009835,True
S1_C__sirindhorn__o026_ascending_S1A__2022-07-09__2022-07-21,S1_C,sirindhorn,o026_ascending_S1A,copol,calibration,harmonized_20m,2022-07-09,2022-07-21,0.030801068652004382,-0.061224711224002526,True,-3.118300437927246,1.2442058324813843,3.357356962665416,0.9767455859421764,True
S1_C__sirindhorn__o026_ascending_S1A__2022-07-09__2022-07-21,S1_C,sirindhorn,o026_ascending_S1A,crosspol,calibration,harmonized_20m,2022-07-09,2022-07-21,0.1925231464092274,0.05523729464430893,True,-5.142732858657837,-2.1740950644016266,5.583403138281752,0.9756803600908587,True
S1_C__sirindhorn__o026_ascending_S1A__2022-08-02__2022-08-14,S1_C,sirindhorn,o026_ascending_S1A,copol,calibration,harmonized_20m,2022-08-02,2022-08-14,0.25676684312709064,0.03244672116813874,True,-0.714651346206665,-3.703438937664032,3.7717617251943545,0.9830501567243551,True
S1_C__sirindhorn__o026_ascending_S1A__2022-08-02__2022-08-14,S1_C,sirindhorn,o026_ascending_S1A,crosspol,calibration,harmonized_20m,2022-08-02,2022-08-14,0.09585219696374381,0.1596357216034825,True,0.26094090193510056,-4.478574991226196,4.486170316242957,0.9757398026075016,True
S1_C__sirindhorn__o026_ascending_S1A__2022-08-26__2022-09-07,S1_C,sirindhorn,o026_ascending_S1A,copol,calibration,harmonized_20m,2022-08-26,2022-09-07,-0.09358392725575548,-0.039232603385400466,True,2.044500410556793,-0.910886824131012,2.238235183161586,0.9878671537199483,True
S1_C__sirindhorn__o026_ascending_S1A__2022-08-26__2022-09-07,S1_C,sirindhorn,o026_ascending_S1A,crosspol,calibration,harmonized_20m,2022-08-26,2022-09-07,-0.1453679227446001,0.033324970935733056,True,3.9535510540008545,-0.4994780197739601,3.98497731848358,0.9875480147289298,True
S1_C__sirindhorn__o026_ascending_S1A__2022-09-19__2022-10-01,S1_C,sirindhorn,o026_ascending_S1A,copol,calibration,harmonized_20m,2022-09-19,2022-10-01,0.120575582567084,-0.15989339968682614,True,-3.5396382212638855,1.846390962600708,3.992267316225923,0.9875123218112634,True
S1_C__sirindhorn__o026_ascending_S1A__2022-09-19__2022-10-01,S1_C,sirindhorn,o026_ascending_S1A,crosspol,calibration,harmonized_20m,2022-09-19,2022-10-01,0.24726742443036986,0.06702425616799079,True,-5.284811854362488,-2.391284555196762,5.800644633136291,0.9781288398710174,True
S1_C__sirindhorn__o026_ascending_S1A__2022-10-13__2022-10-25,S1_C,sirindhorn,o026_ascending_S1A,copol,calibration,harmonized_20m,2022-10-13,2022-10-25,-0.15091133910173138,0.29437051510308976,True,3.4467676281929016,-5.92287003993988,6.852780208993716,0.9789411550260476,True
S1_C__sirindhorn__o026_ascending_S1A__2022-10-13__2022-10-25,S1_C,sirindhorn,o026_ascending_S1A,crosspol,calibration,harmonized_20m,2022-10-13,2022-10-25,0.11209339315538625,0.2397357712690935,True,-1.6825637221336365,-3.054254651069641,3.487046336460233,0.9750820788672911,True
S1_C__sirindhorn__o026_ascending_S1A__2022-11-06__2022-11-18,S1_C,sirindhorn,o026_ascending_S1A,copol,calibration,harmonized_20m,2022-11-06,2022-11-18,-0.16505026395271116,-0.0362716940421679,True,2.5482988357543945,1.2631167471408844,2.84416787008344,0.9861117032094225,True
S1_C__sirindhorn__o026_ascending_S1A__2022-11-06__2022-11-18,S1_C,sirindhorn,o026_ascending_S1A,crosspol,calibration,harmonized_20m,2022-11-06,2022-11-18,-0.05122566696847386,-0.12519641792125213,True,-0.1846601441502571,2.802419662475586,2.808496988331547,0.9782650854508552,True
S1_C__sirindhorn__o026_ascending_S1A__2022-11-30__2022-12-12,S1_C,sirindhorn,o026_ascending_S1A,copol,calibration,harmonized_20m,2022-11-30,2022-12-12,-0.12909551269293917,-0.039063011163557704,True,2.27209135890007,1.7595508694648743,2.8737464058999644,0.9824960896862076,True
S1_C__sirindhorn__o026_ascending_S1A__2022-11-30__2022-12-12,S1_C,sirindhorn,o026_ascending_S1A,crosspol,calibration,harmonized_20m,2022-11-30,2022-12-12,-0.11012820630519471,0.03655767371457763,True,0.31488288193941116,-1.209518015384674,1.249834012530684,0.973339166724347,True
S1_C__sirindhorn__o026_ascending_S1A__2022-12-24__2023-01-05,S1_C,sirindhorn,o026_ascending_S1A,copol,calibration,harmonized_20m,2022-12-24,2023-01-05,0.12678564515666846,-0.2160564452482614,True,-3.133802115917206,1.9135326147079468,3.6718282597744394,0.9806962073574398,True
S1_C__sirindhorn__o026_ascending_S1A__2022-12-24__2023-01-05,S1_C,sirindhorn,o026_ascending_S1A,crosspol,calibration,harmonized_20m,2022-12-24,2023-01-05,-0.02844559587844131,0.11361320532985175,True,-0.024474114179611206,-2.988215684890747,2.9883159072782037,0.9774297473327627,True
S1_C__sirindhorn__o026_ascending_S1A__2023-01-17__2023-01-29,S1_C,sirindhorn,o026_ascending_S1A,copol,calibration,harmonized_20m,2023-01-17,2023-01-29,-0.19925994445632877,0.04174594708202406,True,5.046112537384033,2.024186849594116,5.436964607390237,0.9740800905400747,True
S1_C__sirindhorn__o026_ascending_S1A__2023-01-17__2023-01-29,S1_C,sirindhorn,o026_ascending_S1A,crosspol,calibration,harmonized_20m,2023-01-17,2023-01-29,-0.004838793762061755,0.010959700689634033,True,0.632832869887352,-0.051044607535004616,0.6348881737505155,0.9674839796173932,True
S1_C__sirindhorn__o026_ascending_S1A__2023-02-10__2023-02-22,S1_C,sirindhorn,o026_ascending_S1A,copol,calibration,harmonized_20m,2023-02-10,2023-02-22,-0.17150178558778428,-0.11569615627310803,True,3.7565696239471436,2.208356410264969,4.357597201936035,0.9885626300592613,True
S1_C__sirindhorn__o026_ascending_S1A__2023-02-10__2023-02-22,S1_C,sirindhorn,o026_ascending_S1A,crosspol,calibration,harmonized_20m,2023-02-10,2023-02-22,-0.23537228374924624,0.09912744769560788,True,4.033664166927338,-2.041187584400177,4.5207182356637805,0.984270720150672,True
S1_C__sirindhorn__o026_ascending_S1A__2023-03-06__2023-03-18,S1_C,sirindhorn,o026_ascending_S1A,copol,calibration,harmonized_20m,2023-03-06,2023-03-18,-0.03619754492105276,0.13456896840545607,True,0.11435821652412415,-3.971790373325348,3.973436368098335,0.9877772782931885,True
S1_C__sirindhorn__o026_ascending_S1A__2023-03-06__2023-03-18,S1_C,sirindhorn,o026_ascending_S1A,crosspol,calibration,harmonized_20m,2023-03-06,2023-03-18,-0.03467187963000118,0.09392500310058427,True,1.1302600055932999,-2.9924404621124268,3.1987790795132134,0.9783750838495213,True
S1_C__sirindhorn__o026_ascending_S1A__2023-03-30__2023-04-11,S1_C,sirindhorn,o026_ascending_S1A,copol,calibration,harmonized_20m,2023-03-30,2023-04-11,0.27206106171758737,-0.07165279974015437,True,-4.620645642280579,0.28959808871150017,4.6297120001693255,0.979334451701447,True
S1_C__sirindhorn__o026_ascending_S1A__2023-03-30__2023-04-11,S1_C,sirindhorn,o026_ascending_S1A,crosspol,calibration,harmonized_20m,2023-03-30,2023-04-11,0.22212016003727975,-0.04191662824499254,True,-3.9094185829162598,0.19708488136529922,3.91438323454842,0.9716128561316276,True
S1_C__sirindhorn__o026_ascending_S1A__2023-04-23__2023-05-05,S1_C,sirindhorn,o026_ascending_S1A,copol,calibration,harmonized_20m,2023-04-23,2023-05-05,-0.11294565595979122,0.061509965984329895,True,0.1928936131298542,-2.431541085243225,2.4391801891644027,0.9861000121307077,True
S1_C__sirindhorn__o026_ascending_S1A__2023-04-23__2023-05-05,S1_C,sirindhorn,o026_ascending_S1A,crosspol,calibration,harmonized_20m,2023-04-23,2023-05-05,-0.0366485326389121,-0.012589688453374492,True,-1.305576115846634,0.3473810851573944,1.3510005968149357,0.9769228260124929,True
S1_C__sirindhorn__o026_ascending_S1A__2023-05-17__2023-05-29,S1_C,sirindhorn,o026_ascending_S1A,copol,calibration,harmonized_20m,2023-05-17,2023-05-29,0.01615327962499702,0.09416509592265321,True,-1.873219907283783,-3.358105421066284,3.8452340422969096,0.9929470332618506,True
S1_C__sirindhorn__o026_ascending_S1A__2023-05-17__2023-05-29,S1_C,sirindhorn,o026_ascending_S1A,crosspol,calibration,harmonized_20m,2023-05-17,2023-05-29,-0.1647321086216369,0.0030408270463873066,True,1.5908846259117126,-0.24993117898702621,1.6103973072481508,0.9877162917761452,True
S1_C__sirindhorn__o026_ascending_S1A__2023-06-22__2023-07-16,S1_C,sirindhorn,o026_ascending_S1A,copol,calibration,harmonized_20m,2023-06-22,2023-07-16,-0.001454628983066364,0.14765342505557477,True,-0.9676839411258698,-2.3970073461532593,2.584967393880547,0.9811946961581709,True
S1_C__sirindhorn__o026_ascending_S1A__2023-06-22__2023-07-16,S1_C,sirindhorn,o026_ascending_S1A,crosspol,calibration,harmonized_20m,2023-06-22,2023-07-16,-0.04100627852777983,0.032328587889145055,True,0.08235178887844086,-2.152368724346161,2.153943579269197,0.979860866194255,True
S1_C__sirindhorn__o026_ascending_S1A__2023-07-28__2023-08-09,S1_C,sirindhorn,o026_ascending_S1A,copol,calibration,harmonized_20m,2023-07-28,2023-08-09,0.030964695776461326,-0.05230550336895412,True,0.1695004664361477,0.6740540266036987,0.6950390196979818,0.9866102440369121,True
S1_C__sirindhorn__o026_ascending_S1A__2023-07-28__2023-08-09,S1_C,sirindhorn,o026_ascending_S1A,crosspol,calibration,harmonized_20m,2023-07-28,2023-08-09,-0.039064109292150206,-0.07111843759308112,True,-0.3150220215320587,0.24017222225666046,0.3961332735252715,0.9778481207924581,True
S1_C__sirindhorn__o026_ascending_S1A__2023-08-21__2023-09-02,S1_C,sirindhorn,o026_ascending_S1A,copol,calibration,harmonized_20m,2023-08-21,2023-09-02,0.3156729414454702,0.12265355318120275,True,-4.740095436573029,-3.957061469554901,6.174693532610055,0.9815080113714904,True
S1_C__sirindhorn__o026_ascending_S1A__2023-08-21__2023-09-02,S1_C,sirindhorn,o026_ascending_S1A,crosspol,calibration,harmonized_20m,2023-08-21,2023-09-02,-0.09911154933621091,-0.012817602943647088,True,2.5937578082084656,0.7557373493909836,2.701614056246172,0.9675535070102628,True
S1_C__sirindhorn__o026_ascending_S1A__2023-09-14__2023-09-26,S1_C,sirindhorn,o026_ascending_S1A,copol,calibration,harmonized_20m,2023-09-14,2023-09-26,0.039530029774032194,-0.008963769118522258,True,-1.3002415001392365,0.834365040063858,1.544924910396973,0.9806775304251409,True
S1_C__sirindhorn__o026_ascending_S1A__2023-09-14__2023-09-26,S1_C,sirindhorn,o026_ascending_S1A,crosspol,calibration,harmonized_20m,2023-09-14,2023-09-26,-0.20801345723837006,0.005993262432007818,True,2.5346797704696655,1.9312092661857605,3.1865609626413707,0.9732772246527173,True
S1_C__sirindhorn__o026_ascending_S1A__2023-10-08__2023-10-20,S1_C,sirindhorn,o026_ascending_S1A,copol,calibration,harmonized_20m,2023-10-08,2023-10-20,-0.15440586989879446,-0.05526200384103319,True,4.876583218574524,0.088324174284935,4.877383012174231,0.9932855758254456,True
S1_C__sirindhorn__o026_ascending_S1A__2023-10-08__2023-10-20,S1_C,sirindhorn,o026_ascending_S1A,crosspol,calibration,harmonized_20m,2023-10-08,2023-10-20,0.03284589566747087,-0.072037719829396,True,-1.1033551394939423,1.5663531422615051,1.9159474758249997,0.9855262249777708,True
S1_C__sirindhorn__o026_ascending_S1A__2023-11-01__2023-11-25,S1_C,sirindhorn,o026_ascending_S1A,copol,calibration,harmonized_20m,2023-11-01,2023-11-25,-0.17206213763878697,0.10015149416021885,True,2.3393629491329193,-0.3541231155395508,2.3660139874344166,0.9882792989987816,True
S1_C__sirindhorn__o026_ascending_S1A__2023-11-01__2023-11-25,S1_C,sirindhorn,o026_ascending_S1A,crosspol,calibration,harmonized_20m,2023-11-01,2023-11-25,0.23154265674277852,0.06780027509675524,True,-2.8838804364204407,-0.8051323890686035,2.9941617417059936,0.97871136593937,True
S1_C__sirindhorn__o026_ascending_S1A__2023-12-07__2023-12-19,S1_C,sirindhorn,o026_ascending_S1A,copol,calibration,harmonized_20m,2023-12-07,2023-12-19,0.01875763931412422,-0.07157207196357973,True,0.027136951684951782,1.9997398555278778,1.9999239745383846,0.9862098404380636,True
S1_C__sirindhorn__o026_ascending_S1A__2023-12-07__2023-12-19,S1_C,sirindhorn,o026_ascending_S1A,crosspol,calibration,harmonized_20m,2023-12-07,2023-12-19,-0.1840004125661565,-0.0003032732665175786,True,6.74244225025177,2.001807391643524,7.0333320930565195,0.9763987851179363,True
S1_C__sirindhorn__o026_ascending_S1A__2024-01-24__2024-02-05,S1_C,sirindhorn,o026_ascending_S1A,copol,calibration,harmonized_20m,2024-01-24,2024-02-05,-0.15439577567187968,0.005965118711202422,True,4.636268615722656,2.6437893509864807,5.337097414280949,0.9695147772838822,True
S1_C__sirindhorn__o026_ascending_S1A__2024-01-24__2024-02-05,S1_C,sirindhorn,o026_ascending_S1A,crosspol,calibration,harmonized_20m,2024-01-24,2024-02-05,-0.2337917098690241,0.02605011505296595,True,5.535320043563843,0.09012138471007347,5.536053634915551,0.9629814536200458,True
S1_C__sirindhorn__o026_ascending_S1A__2024-02-29__2024-03-12,S1_C,sirindhorn,o026_ascending_S1A,copol,calibration,harmonized_20m,2024-02-29,2024-03-12,-0.14877176171024953,0.03550001398277036,True,3.1749725341796875,-0.5771709978580475,3.227007430044722,0.987952802670055,True
S1_C__sirindhorn__o026_ascending_S1A__2024-02-29__2024-03-12,S1_C,sirindhorn,o026_ascending_S1A,crosspol,calibration,harmonized_20m,2024-02-29,2024-03-12,-0.023054008972328788,0.13093486440012203,True,0.3323165699839592,-1.7681173980236053,1.7990757171057776,0.983461871412218,True
S1_C__sirindhorn__o026_ascending_S1A__2024-03-24__2024-04-05,S1_C,sirindhorn,o026_ascending_S1A,copol,calibration,harmonized_20m,2024-03-24,2024-04-05,0.18020944340679446,0.13632941042314517,True,-4.124136567115784,-3.086102604866028,5.150973860541562,0.9849499573154478,True
S1_C__sirindhorn__o026_ascending_S1A__2024-03-24__2024-04-05,S1_C,sirindhorn,o026_ascending_S1A,crosspol,calibration,harmonized_20m,2024-03-24,2024-04-05,-0.006467535974480576,0.062494860737619895,True,-0.6900720298290253,-0.14615043997764587,0.7053788751146511,0.9814598913051881,True
S1_C__sirindhorn__o026_ascending_S1A__2024-04-17__2024-04-29,S1_C,sirindhorn,o026_ascending_S1A,copol,calibration,harmonized_20m,2024-04-17,2024-04-29,0.03324737648134235,0.038770499464866326,True,-1.5580077469348907,-0.16755489632487297,1.5669916345633672,0.9783526972808212,True
S1_C__sirindhorn__o026_ascending_S1A__2024-04-17__2024-04-29,S1_C,sirindhorn,o026_ascending_S1A,crosspol,calibration,harmonized_20m,2024-04-17,2024-04-29,-0.03534225270591396,0.027816663733409186,True,2.869980037212372,-0.969027653336525,3.0291583000775018,0.9737565651029969,True
S1_C__sirindhorn__o026_ascending_S1A__2024-05-11__2024-06-04,S1_C,sirindhorn,o026_ascending_S1A,copol,calibration,harmonized_20m,2024-05-11,2024-06-04,-0.2696991060687939,-0.14082651209879415,True,5.977042317390442,3.01509290933609,6.694461898898587,0.9893909610357472,True
S1_C__sirindhorn__o026_ascending_S1A__2024-05-11__2024-06-04,S1_C,sirindhorn,o026_ascending_S1A,crosspol,calibration,harmonized_20m,2024-05-11,2024-06-04,-0.2924076140509335,0.06086731392293032,True,6.436131596565247,-0.7521587610244751,6.47993308068003,0.9856853173740334,True
S1_C__sirindhorn__o026_ascending_S1A__2024-06-16__2024-07-22,S1_C,sirindhorn,o026_ascending_S1A,copol,calibration,harmonized_20m,2024-06-16,2024-07-22,0.060890157986523974,-0.188719083652785,True,-0.8095842599868774,2.7072033286094666,2.8256639107389745,0.9865076354741691,True
S1_C__sirindhorn__o026_ascending_S1A__2024-06-16__2024-07-22,S1_C,sirindhorn,o026_ascending_S1A,crosspol,calibration,harmonized_20m,2024-06-16,2024-07-22,0.03950952146326259,-0.018448241216281858,True,0.2530334144830704,0.14361510053277016,0.29094880296368114,0.9737373505821322,True
S1_C__sirindhorn__o026_ascending_S1A__2024-08-03__2024-08-15,S1_C,sirindhorn,o026_ascending_S1A,copol,calibration,harmonized_20m,2024-08-03,2024-08-15,0.18311284957960794,0.01904002382083192,True,-5.022332668304443,-1.1458668857812881,5.15139169070341,0.9831015463510876,True
S1_C__sirindhorn__o026_ascending_S1A__2024-08-03__2024-08-15,S1_C,sirindhorn,o026_ascending_S1A,crosspol,calibration,harmonized_20m,2024-08-03,2024-08-15,0.14402147462374248,-0.08231316754829887,True,-2.1442459523677826,1.0842108726501465,2.402770051548506,0.9749531273505427,True
S1_C__sirindhorn__o026_ascending_S1C__2025-05-12__2025-05-24,S1_C,sirindhorn,o026_ascending_S1C,copol,calibration,harmonized_20m,2025-05-12,2025-05-24,0.004650921020428633,0.21815994799992566,True,-1.6941258311271667,-5.406903028488159,5.666097659868451,0.9715276596574614,True
S1_C__sirindhorn__o026_ascending_S1C__2025-05-12__2025-05-24,S1_C,sirindhorn,o026_ascending_S1C,crosspol,calibration,harmonized_20m,2025-05-12,2025-05-24,-0.1331284987333694,0.12509637331534673,True,0.35409320145845413,-2.9106944799423218,2.9321535346713685,0.9760019924279703,True
S1_C__sirindhorn__o026_ascending_S1C__2025-06-05__2025-06-17,S1_C,sirindhorn,o026_ascending_S1C,copol,calibration,harmonized_20m,2025-06-05,2025-06-17,-0.07279079335497052,-0.082350082303555,True,-1.552242487668991,1.904802918434143,2.4571794599906713,0.9830948917860926,True
S1_C__sirindhorn__o026_ascending_S1C__2025-06-05__2025-06-17,S1_C,sirindhorn,o026_ascending_S1C,crosspol,calibration,harmonized_20m,2025-06-05,2025-06-17,0.013237854916310354,0.26716274595482936,True,-0.6923350691795349,-7.494683861732483,7.526593787054616,0.9690641690995295,True
S1_C__sirindhorn__o026_ascending_S1C__2025-06-29__2025-07-11,S1_C,sirindhorn,o026_ascending_S1C,copol,calibration,harmonized_20m,2025-06-29,2025-07-11,-0.00949990991554639,0.13761833076460306,True,-0.11916114017367363,-1.0898319631814957,1.096327088646232,0.9878231511111792,True
S1_C__sirindhorn__o026_ascending_S1C__2025-06-29__2025-07-11,S1_C,sirindhorn,o026_ascending_S1C,crosspol,calibration,harmonized_20m,2025-06-29,2025-07-11,-0.01696057332827916,-0.05559243637648681,True,-0.006409939378499985,1.8206439912319183,1.8206552749303548,0.983752650220622,True
S1_C__sirindhorn__o026_ascending_S1C__2025-08-04__2025-08-16,S1_C,sirindhorn,o026_ascending_S1C,copol,calibration,harmonized_20m,2025-08-04,2025-08-16,-0.006429697730947481,0.1791689118271904,True,2.1274346113204956,-5.913737416267395,6.284764773164175,0.9846154796943501,True
S1_C__sirindhorn__o026_ascending_S1C__2025-08-04__2025-08-16,S1_C,sirindhorn,o026_ascending_S1C,crosspol,calibration,harmonized_20m,2025-08-04,2025-08-16,-0.043178954885283005,0.11220752013447743,True,0.773874968290329,-3.3618730306625366,3.44979314464541,0.9839692367882283,True
S1_C__sirindhorn__o026_ascending_S1C__2025-08-28__2025-09-09,S1_C,sirindhorn,o026_ascending_S1C,copol,calibration,harmonized_20m,2025-08-28,2025-09-09,0.22433048991374083,0.1810385860349486,True,-5.5389392375946045,-4.129499197006226,6.908879177973817,0.9884248865021944,True
S1_C__sirindhorn__o026_ascending_S1C__2025-08-28__2025-09-09,S1_C,sirindhorn,o026_ascending_S1C,crosspol,calibration,harmonized_20m,2025-08-28,2025-09-09,0.2369618403348417,-0.02036259783377936,True,-5.1270705461502075,0.23969925940036774,5.132670661571622,0.9835695949342311,True
S1_C__sirindhorn__o026_ascending_S1C__2025-09-21__2025-10-03,S1_C,sirindhorn,o026_ascending_S1C,copol,calibration,harmonized_20m,2025-09-21,2025-10-03,0.2452873105547626,-0.2351193159783822,True,-7.453214526176453,3.666321039199829,8.30616137187853,0.9841718087170026,True
S1_C__sirindhorn__o026_ascending_S1C__2025-09-21__2025-10-03,S1_C,sirindhorn,o026_ascending_S1C,crosspol,calibration,harmonized_20m,2025-09-21,2025-10-03,-0.18570737973180584,-0.012555821921583998,True,2.907046675682068,-2.3369809985160828,3.7299330506081994,0.9784974698038146,True
S1_C__sirindhorn__o026_ascending_S1C__2025-10-15__2025-10-27,S1_C,sirindhorn,o026_ascending_S1C,copol,calibration,harmonized_20m,2025-10-15,2025-10-27,0.030152221726883255,0.012289062354390978,True,-0.12962987646460533,-0.14184216037392616,0.19215385328369408,0.9902895515657523,True
S1_C__sirindhorn__o026_ascending_S1C__2025-10-15__2025-10-27,S1_C,sirindhorn,o026_ascending_S1C,crosspol,calibration,harmonized_20m,2025-10-15,2025-10-27,-0.17157041396166406,-0.16607742585213092,True,1.0126373916864395,1.957729160785675,2.204118407443688,0.9813776281375959,True
S1_C__sirindhorn__o026_ascending_S1C__2025-11-08__2025-11-20,S1_C,sirindhorn,o026_ascending_S1C,copol,calibration,harmonized_20m,2025-11-08,2025-11-20,0.11434786923023399,0.03745938914546443,True,-3.2607001066207886,-1.0016807913780212,3.4110892092017355,0.9818794191297474,True
S1_C__sirindhorn__o026_ascending_S1C__2025-11-08__2025-11-20,S1_C,sirindhorn,o026_ascending_S1C,crosspol,calibration,harmonized_20m,2025-11-08,2025-11-20,-0.08556400758814142,0.05358648002181532,True,-0.27956392616033554,-2.819068729877472,2.832896837617488,0.9720399807605679,True
S1_C__sirindhorn__o026_ascending_S1C__2025-12-02__2025-12-14,S1_C,sirindhorn,o026_ascending_S1C,copol,calibration,harmonized_20m,2025-12-02,2025-12-14,0.08658518369468915,0.086990904101242,True,-0.44424936175346375,-1.9171513617038727,1.9679499076707652,0.98140090833005,True
S1_C__sirindhorn__o026_ascending_S1C__2025-12-02__2025-12-14,S1_C,sirindhorn,o026_ascending_S1C,crosspol,calibration,harmonized_20m,2025-12-02,2025-12-14,0.017422431659531057,-0.02107699086446324,True,-0.8357273042201996,-0.07528798654675484,0.8391116778697734,0.9791311798115567,True
S1_C__sirindhorn__o026_ascending_S1C__2025-12-26__2026-01-07,S1_C,sirindhorn,o026_ascending_S1C,copol,calibration,harmonized_20m,2025-12-26,2026-01-07,-0.14521201820404173,0.06163737468441255,True,0.9274980425834656,-0.7931280136108398,1.2203707080106587,0.9827141374369557,True
S1_C__sirindhorn__o026_ascending_S1C__2025-12-26__2026-01-07,S1_C,sirindhorn,o026_ascending_S1C,crosspol,calibration,harmonized_20m,2025-12-26,2026-01-07,-0.2272705581030765,0.1172849927425954,True,3.443211317062378,-2.3220467567443848,4.153023635190817,0.9773394257156994,True
S1_C__sirindhorn__o026_ascending_S1D__2026-05-20__2026-06-01,S1_C,sirindhorn,o026_ascending_S1D,copol,calibration,harmonized_20m,2026-05-20,2026-06-01,nan,nan,False,nan,nan,nan,nan,False
S1_C__sirindhorn__o026_ascending_S1D__2026-05-20__2026-06-01,S1_C,sirindhorn,o026_ascending_S1D,crosspol,calibration,harmonized_20m,2026-05-20,2026-06-01,2.2566741679231317,0.15867015571773635,True,nan,nan,nan,nan,False
S1_C__sirindhorn__o026_ascending_S1D__2026-06-13__2026-06-25,S1_C,sirindhorn,o026_ascending_S1D,copol,calibration,harmonized_20m,2026-06-13,2026-06-25,0.08495099311813714,0.0037741765200358657,True,3.9079004526138306,-2.9372182488441467,4.8886539035692085,0.9878932920850041,True
S1_C__sirindhorn__o026_ascending_S1D__2026-06-13__2026-06-25,S1_C,sirindhorn,o026_ascending_S1D,crosspol,calibration,harmonized_20m,2026-06-13,2026-06-25,0.09765793107507736,-0.14152564899563735,True,3.1233707070350647,0.31256332993507385,3.1389712341442095,0.9847158955029451,True
S1_C__sirindhorn__o026_ascending_S1D__2026-07-07__2026-07-19,S1_C,sirindhorn,o026_ascending_S1D,copol,calibration,harmonized_20m,2026-07-07,2026-07-19,0.29722864962139184,0.027782442900566195,True,-6.273164749145508,-2.3903895914554596,6.713163067352112,0.9870504856690687,True
S1_C__sirindhorn__o026_ascending_S1D__2026-07-07__2026-07-19,S1_C,sirindhorn,o026_ascending_S1D,crosspol,calibration,harmonized_20m,2026-07-07,2026-07-19,0.05267157089119401,-0.2585981069201697,True,-1.1899610608816147,2.939561605453491,3.1712820370744077,0.9752419514766659,True
S1_C__sirindhorn__o091_descending_S1A__2022-01-02__2022-01-14,S1_C,sirindhorn,o091_descending_S1A,copol,calibration,harmonized_20m,2022-01-02,2022-01-14,0.0240180206761913,0.28900848151788416,True,-0.5678984522819519,-5.700705051422119,5.728921952288572,0.903004221282816,True
S1_C__sirindhorn__o091_descending_S1A__2022-01-02__2022-01-14,S1_C,sirindhorn,o091_descending_S1A,crosspol,calibration,harmonized_20m,2022-01-02,2022-01-14,0.07156911454395232,0.056503407105232384,True,-3.0911749601364136,-3.979913294315338,5.039352385420405,0.9098724932029095,True
S1_C__sirindhorn__o091_descending_S1A__2022-01-26__2022-02-07,S1_C,sirindhorn,o091_descending_S1A,copol,calibration,harmonized_20m,2022-01-26,2022-02-07,-0.09715336371676564,0.11126265595758511,True,4.407924711704254,-9.325011372566223,10.314341344096695,0.8889641746879762,True
S1_C__sirindhorn__o091_descending_S1A__2022-01-26__2022-02-07,S1_C,sirindhorn,o091_descending_S1A,crosspol,calibration,harmonized_20m,2022-01-26,2022-02-07,-0.13474991366897981,-0.016749351007259605,True,1.838296800851822,-4.130665063858032,4.521253034038167,0.8947947402477767,True
S1_C__sirindhorn__o091_descending_S1A__2022-02-19__2022-03-03,S1_C,sirindhorn,o091_descending_S1A,copol,calibration,harmonized_20m,2022-02-19,2022-03-03,-0.08474158956322064,0.25486605863560996,True,-0.40068965405225754,1.6358289122581482,1.6841877653765907,0.9135403070025704,True
S1_C__sirindhorn__o091_descending_S1A__2022-02-19__2022-03-03,S1_C,sirindhorn,o091_descending_S1A,crosspol,calibration,harmonized_20m,2022-02-19,2022-03-03,-0.09891616104576961,0.20588835876675304,True,-1.3948014378547668,-1.4557486772537231,2.0161039810405836,0.9064154131325656,True
S1_C__sirindhorn__o091_descending_S1A__2022-03-15__2022-03-27,S1_C,sirindhorn,o091_descending_S1A,copol,calibration,harmonized_20m,2022-03-15,2022-03-27,-0.007683770070253004,0.10944212989821267,True,-1.5586674213409424,-11.190937757492065,11.29896154619579,0.7718309325758467,True
S1_C__sirindhorn__o091_descending_S1A__2022-03-15__2022-03-27,S1_C,sirindhorn,o091_descending_S1A,crosspol,calibration,harmonized_20m,2022-03-15,2022-03-27,0.1163976088811225,0.09001777878266637,True,-3.1077295541763306,-9.203803539276123,9.714318430620478,0.841107632047539,True
S1_C__sirindhorn__o091_descending_S1A__2022-04-08__2022-04-20,S1_C,sirindhorn,o091_descending_S1A,copol,calibration,harmonized_20m,2022-04-08,2022-04-20,0.3803429186297098,0.023437691847190578,True,-7.505772709846497,7.847656011581421,10.859204798141825,0.9107858927443626,True
S1_C__sirindhorn__o091_descending_S1A__2022-04-08__2022-04-20,S1_C,sirindhorn,o091_descending_S1A,crosspol,calibration,harmonized_20m,2022-04-08,2022-04-20,-0.044780714059909243,-0.11681706914169787,True,-1.9515025615692139,6.110767126083374,6.414813880155251,0.8812663624539303,True
S1_C__sirindhorn__o091_descending_S1A__2022-05-02__2022-05-14,S1_C,sirindhorn,o091_descending_S1A,copol,calibration,harmonized_20m,2022-05-02,2022-05-14,-0.1319885314143452,0.21476798236808392,True,2.924607992172241,4.2454200983047485,5.155281148392166,0.7659031155368534,True
S1_C__sirindhorn__o091_descending_S1A__2022-05-02__2022-05-14,S1_C,sirindhorn,o091_descending_S1A,crosspol,calibration,harmonized_20m,2022-05-02,2022-05-14,-0.37017932657707053,0.10568613825024009,True,7.723897695541382,1.6695491969585419,7.90227752817214,0.8505944234299908,True
S1_C__sirindhorn__o091_descending_S1A__2022-05-26__2022-06-07,S1_C,sirindhorn,o091_descending_S1A,copol,calibration,harmonized_20m,2022-05-26,2022-06-07,-0.05175329043962584,0.05907821667777746,True,4.153502881526947,-4.174442887306213,5.888765541795164,0.8886050947295366,True
S1_C__sirindhorn__o091_descending_S1A__2022-05-26__2022-06-07,S1_C,sirindhorn,o091_descending_S1A,crosspol,calibration,harmonized_20m,2022-05-26,2022-06-07,0.015488245214513086,0.1753094462197815,True,4.0089499950408936,-8.775240778923035,9.64761788167484,0.8667870493790271,True
S1_C__sirindhorn__o091_descending_S1A__2022-06-19__2022-07-01,S1_C,sirindhorn,o091_descending_S1A,copol,calibration,harmonized_20m,2022-06-19,2022-07-01,-0.0019730687226058308,-0.23053107572296128,True,0.6120051443576813,0.4232266917824745,0.7440908071985596,0.8102108140924141,True
S1_C__sirindhorn__o091_descending_S1A__2022-06-19__2022-07-01,S1_C,sirindhorn,o091_descending_S1A,crosspol,calibration,harmonized_20m,2022-06-19,2022-07-01,-0.06620573153069209,0.0028062231484344835,True,-1.9197654724121094,-0.9757396578788757,2.1535011838917746,0.8733418288417996,True
S1_C__sirindhorn__o091_descending_S1A__2022-07-13__2022-07-25,S1_C,sirindhorn,o091_descending_S1A,copol,calibration,harmonized_20m,2022-07-13,2022-07-25,-0.04803188537696634,0.08403863657358102,True,3.565094470977783,0.47768566757440567,3.5969545707448636,0.9543622685512887,True
S1_C__sirindhorn__o091_descending_S1A__2022-07-13__2022-07-25,S1_C,sirindhorn,o091_descending_S1A,crosspol,calibration,harmonized_20m,2022-07-13,2022-07-25,0.28160528570899945,0.02312881392106725,True,-4.849930703639984,-1.6623502969741821,5.126912944449123,0.9219420644830604,True
S1_C__sirindhorn__o091_descending_S1A__2022-08-18__2022-08-30,S1_C,sirindhorn,o091_descending_S1A,copol,calibration,harmonized_20m,2022-08-18,2022-08-30,-0.07122350790015997,0.2168806725002046,True,-3.3236676454544067,-9.924615025520325,10.46636278858249,0.8534194531550479,True
S1_C__sirindhorn__o091_descending_S1A__2022-08-18__2022-08-30,S1_C,sirindhorn,o091_descending_S1A,crosspol,calibration,harmonized_20m,2022-08-18,2022-08-30,-0.2884250818477119,-0.26357404937182416,True,3.1513014435768127,2.0889313519001007,3.7807849689238457,0.8823172726512618,True
S1_C__sirindhorn__o091_descending_S1A__2022-09-11__2022-09-23,S1_C,sirindhorn,o091_descending_S1A,copol,calibration,harmonized_20m,2022-09-11,2022-09-23,0.22202879534101339,0.022446140188576713,True,-2.8399497270584106,-1.0185956954956055,3.0170932440183744,0.948513884698318,True
S1_C__sirindhorn__o091_descending_S1A__2022-09-11__2022-09-23,S1_C,sirindhorn,o091_descending_S1A,crosspol,calibration,harmonized_20m,2022-09-11,2022-09-23,0.013586936849612208,-0.07070091149430535,True,0.6216650456190109,5.614649653434753,5.648960803524794,0.9007460967526096,True
S1_C__sirindhorn__o091_descending_S1A__2022-10-05__2022-10-17,S1_C,sirindhorn,o091_descending_S1A,copol,calibration,harmonized_20m,2022-10-05,2022-10-17,-0.052547737205359546,0.1654798906434971,True,1.1728820204734802,-5.622403621673584,5.743437535044513,0.9242155695673945,True
S1_C__sirindhorn__o091_descending_S1A__2022-10-05__2022-10-17,S1_C,sirindhorn,o091_descending_S1A,crosspol,calibration,harmonized_20m,2022-10-05,2022-10-17,0.25861847035206775,0.3010441446645258,True,-5.1893651485443115,-7.684947848320007,9.272967921670205,0.8950748612737344,True
S1_C__sirindhorn__o091_descending_S1A__2022-10-29__2022-11-10,S1_C,sirindhorn,o091_descending_S1A,copol,calibration,harmonized_20m,2022-10-29,2022-11-10,0.08096503745624162,0.09737376140227827,True,-3.3926939964294434,-2.4446557462215424,4.181711882822918,0.9508167337350806,True
S1_C__sirindhorn__o091_descending_S1A__2022-10-29__2022-11-10,S1_C,sirindhorn,o091_descending_S1A,crosspol,calibration,harmonized_20m,2022-10-29,2022-11-10,-0.06155698265002307,0.14012562035565157,True,5.241612195968628,-4.3061745166778564,6.783630103492733,0.8893153583941827,True
S1_C__sirindhorn__o091_descending_S1A__2022-11-22__2022-12-04,S1_C,sirindhorn,o091_descending_S1A,copol,calibration,harmonized_20m,2022-11-22,2022-12-04,-0.24673461483352632,0.10036230167672855,True,4.498541951179504,-6.363207697868347,7.792771772144549,0.9350634046039139,True
S1_C__sirindhorn__o091_descending_S1A__2022-11-22__2022-12-04,S1_C,sirindhorn,o091_descending_S1A,crosspol,calibration,harmonized_20m,2022-11-22,2022-12-04,0.11442963894874669,0.15907109757983307,True,0.2738191932439804,-6.5794676542282104,6.585162986868591,0.8783817931693925,True
S1_C__sirindhorn__o091_descending_S1A__2022-12-16__2022-12-28,S1_C,sirindhorn,o091_descending_S1A,copol,calibration,harmonized_20m,2022-12-16,2022-12-28,-0.07738790956152464,-0.10441682837988164,True,2.5961261987686157,-4.617483615875244,5.2972659158106365,0.9275011372241083,True
S1_C__sirindhorn__o091_descending_S1A__2022-12-16__2022-12-28,S1_C,sirindhorn,o091_descending_S1A,crosspol,calibration,harmonized_20m,2022-12-16,2022-12-28,-0.050026687127947334,0.054454131988350696,True,0.7528591156005859,-3.389209508895874,3.4718205516894316,0.8759725580030602,True
S1_C__sirindhorn__o091_descending_S1A__2023-01-09__2023-01-21,S1_C,sirindhorn,o091_descending_S1A,copol,calibration,harmonized_20m,2023-01-09,2023-01-21,0.12058827486889179,0.15430713025747522,True,1.9010628759860992,1.0804779827594757,2.186657890407305,0.8985041826549228,True
S1_C__sirindhorn__o091_descending_S1A__2023-01-09__2023-01-21,S1_C,sirindhorn,o091_descending_S1A,crosspol,calibration,harmonized_20m,2023-01-09,2023-01-21,-0.19549691104312572,0.2422976825695642,True,4.469551146030426,-4.643816947937012,6.445302420595089,0.8769917778566805,True
S1_C__sirindhorn__o091_descending_S1A__2023-02-02__2023-02-14,S1_C,sirindhorn,o091_descending_S1A,copol,calibration,harmonized_20m,2023-02-02,2023-02-14,-0.1700921790246781,-0.03060844714603661,True,4.063668251037598,0.6658041477203369,4.117850752226527,0.9486859961884708,True
S1_C__sirindhorn__o091_descending_S1A__2023-02-02__2023-02-14,S1_C,sirindhorn,o091_descending_S1A,crosspol,calibration,harmonized_20m,2023-02-02,2023-02-14,-0.1066265936144477,0.05594510038589462,True,1.4837847650051117,-1.4038139581680298,2.042623523317174,0.8980775453793216,True
S1_C__sirindhorn__o091_descending_S1A__2023-02-26__2023-03-10,S1_C,sirindhorn,o091_descending_S1A,copol,calibration,harmonized_20m,2023-02-26,2023-03-10,-0.12929630880136855,0.007006328157179276,True,-0.024463944137096405,5.559899806976318,5.559953628239901,0.8484048638529462,True
S1_C__sirindhorn__o091_descending_S1A__2023-02-26__2023-03-10,S1_C,sirindhorn,o091_descending_S1A,crosspol,calibration,harmonized_20m,2023-02-26,2023-03-10,0.1686566667288698,0.12950594328954423,True,0.17339490354061127,-5.41782021522522,5.4205942180795,0.8887562418063213,True
S1_C__sirindhorn__o091_descending_S1A__2023-03-22__2023-04-03,S1_C,sirindhorn,o091_descending_S1A,copol,calibration,harmonized_20m,2023-03-22,2023-04-03,-0.045715208324009105,-0.10486504570009636,True,0.2906523644924164,6.447254419326782,6.4538026267088275,0.9099219367031578,True
S1_C__sirindhorn__o091_descending_S1A__2023-03-22__2023-04-03,S1_C,sirindhorn,o091_descending_S1A,crosspol,calibration,harmonized_20m,2023-03-22,2023-04-03,-0.030425976341220462,0.11682586287769592,True,3.114302158355713,-4.128266274929047,5.171214593328689,0.8971229204861175,True
S1_C__sirindhorn__o091_descending_S1A__2023-04-15__2023-04-27,S1_C,sirindhorn,o091_descending_S1A,copol,calibration,harmonized_20m,2023-04-15,2023-04-27,-0.26568291906518837,-0.023530998821232885,True,7.847345471382141,2.847614288330078,8.348037978011565,0.906614831781727,True
S1_C__sirindhorn__o091_descending_S1A__2023-04-15__2023-04-27,S1_C,sirindhorn,o091_descending_S1A,crosspol,calibration,harmonized_20m,2023-04-15,2023-04-27,0.07081390900822004,0.1686460158346863,True,-0.6175341829657555,-0.4761432111263275,0.7797825495821727,0.885177404531667,True
S1_C__sirindhorn__o091_descending_S1A__2023-05-09__2023-05-21,S1_C,sirindhorn,o091_descending_S1A,copol,calibration,harmonized_20m,2023-05-09,2023-05-21,-0.0768900645928925,-0.018002781447381544,True,-0.3461282327771187,7.825660705566406,7.833311575072928,0.9418406098956635,True
S1_C__sirindhorn__o091_descending_S1A__2023-05-09__2023-05-21,S1_C,sirindhorn,o091_descending_S1A,crosspol,calibration,harmonized_20m,2023-05-09,2023-05-21,0.05625833183363049,-0.08124884318505998,True,-3.453732132911682,2.251613438129425,4.122866565955256,0.9236016516537531,True
S1_C__sirindhorn__o091_descending_S1A__2023-06-02__2023-06-14,S1_C,sirindhorn,o091_descending_S1A,copol,calibration,harmonized_20m,2023-06-02,2023-06-14,-0.1589275407398052,0.22173134348189194,True,2.853824496269226,1.0611436516046524,3.04472332155931,0.8664848757704244,True
S1_C__sirindhorn__o091_descending_S1A__2023-06-02__2023-06-14,S1_C,sirindhorn,o091_descending_S1A,crosspol,calibration,harmonized_20m,2023-06-02,2023-06-14,-0.1576426848648902,0.15491075185936598,True,2.7362000942230225,1.3908840715885162,3.0694216810703487,0.8694292552115976,True
S1_C__sirindhorn__o091_descending_S1A__2023-06-26__2023-07-08,S1_C,sirindhorn,o091_descending_S1A,copol,calibration,harmonized_20m,2023-06-26,2023-07-08,-0.2569538946108434,-0.13327627738790326,True,1.165361925959587,12.14246153831482,12.198255638735029,0.8841154450461953,True
S1_C__sirindhorn__o091_descending_S1A__2023-06-26__2023-07-08,S1_C,sirindhorn,o091_descending_S1A,crosspol,calibration,harmonized_20m,2023-06-26,2023-07-08,-0.09554679784511055,-0.033285015599361145,True,-4.108720421791077,1.5872053802013397,4.404634425622985,0.8727108386169916,True
S1_C__sirindhorn__o091_descending_S1A__2023-07-20__2023-08-01,S1_C,sirindhorn,o091_descending_S1A,copol,calibration,harmonized_20m,2023-07-20,2023-08-01,0.15677731100973258,0.23175230247594492,True,-0.516529381275177,-8.551566004753113,8.567151436467645,0.7435655727772499,True
S1_C__sirindhorn__o091_descending_S1A__2023-07-20__2023-08-01,S1_C,sirindhorn,o091_descending_S1A,crosspol,calibration,harmonized_20m,2023-07-20,2023-08-01,0.12169692744081217,-0.07028021748991886,True,3.0508285760879517,3.7244024872779846,4.814429238021604,0.839452340430805,True
S1_C__sirindhorn__o091_descending_S1A__2023-08-13__2023-08-25,S1_C,sirindhorn,o091_descending_S1A,copol,calibration,harmonized_20m,2023-08-13,2023-08-25,0.21929598584255583,-0.031019046847821308,True,-6.191974878311157,0.2416624128818512,6.196688923565257,0.9036645424555296,True
S1_C__sirindhorn__o091_descending_S1A__2023-08-13__2023-08-25,S1_C,sirindhorn,o091_descending_S1A,crosspol,calibration,harmonized_20m,2023-08-13,2023-08-25,0.39708807498755583,0.24659035330555312,True,-7.5571489334106445,-3.6717262864112854,8.401908945238175,0.9031154375897104,True
S1_C__sirindhorn__o091_descending_S1A__2023-09-06__2023-09-18,S1_C,sirindhorn,o091_descending_S1A,copol,calibration,harmonized_20m,2023-09-06,2023-09-18,-0.044381916041941416,-0.06172313353635861,True,0.9842350333929062,-5.254687666893005,5.346069685063541,0.8413112110148726,True
S1_C__sirindhorn__o091_descending_S1A__2023-09-06__2023-09-18,S1_C,sirindhorn,o091_descending_S1A,crosspol,calibration,harmonized_20m,2023-09-06,2023-09-18,0.3002836855076012,-0.17389141408743036,True,-3.2637956738471985,-1.4077161252498627,3.554437633425599,0.8005851122357422,True
S1_C__sirindhorn__o091_descending_S1A__2023-10-12__2023-10-24,S1_C,sirindhorn,o091_descending_S1A,copol,calibration,harmonized_20m,2023-10-12,2023-10-24,0.03659401983640098,-0.15620428752332582,True,4.984249770641327,4.737826287746429,6.87675386421524,0.9263831587799609,True
S1_C__sirindhorn__o091_descending_S1A__2023-10-12__2023-10-24,S1_C,sirindhorn,o091_descending_S1A,crosspol,calibration,harmonized_20m,2023-10-12,2023-10-24,0.0025190654807021318,-0.2433243457467178,True,1.1629374325275421,5.282763242721558,5.409252346731823,0.8891575490902667,True
S1_C__sirindhorn__o091_descending_S1A__2023-11-05__2023-11-17,S1_C,sirindhorn,o091_descending_S1A,copol,calibration,harmonized_20m,2023-11-05,2023-11-17,0.16338198994718134,-0.24341308118533433,True,-3.2144492864608765,-5.390422344207764,6.276092515583495,0.9076794482887196,True
S1_C__sirindhorn__o091_descending_S1A__2023-11-05__2023-11-17,S1_C,sirindhorn,o091_descending_S1A,crosspol,calibration,harmonized_20m,2023-11-05,2023-11-17,0.12956951653900006,0.029663578533817514,True,-0.4920956492424011,-1.3880997896194458,1.4727454477759725,0.870432048759949,True
S1_C__sirindhorn__o091_descending_S1A__2023-12-11__2023-12-23,S1_C,sirindhorn,o091_descending_S1A,copol,calibration,harmonized_20m,2023-12-11,2023-12-23,-0.23143450559662782,-0.1635941495459976,True,4.884499609470367,-6.944204568862915,8.490012575322416,0.8591515512997826,True
S1_C__sirindhorn__o091_descending_S1A__2023-12-11__2023-12-23,S1_C,sirindhorn,o091_descending_S1A,crosspol,calibration,harmonized_20m,2023-12-11,2023-12-23,0.026899154004512482,-0.25841307816806136,True,-2.044922709465027,0.8670516312122345,2.2211455195177066,0.8921007104083255,True
S1_C__sirindhorn__o091_descending_S1A__2024-01-04__2024-01-16,S1_C,sirindhorn,o091_descending_S1A,copol,calibration,harmonized_20m,2024-01-04,2024-01-16,-0.08936033930243426,-0.01789235069316497,True,0.1264343410730362,1.6684842109680176,1.6732678222126132,0.9491675949492668,True
S1_C__sirindhorn__o091_descending_S1A__2024-01-04__2024-01-16,S1_C,sirindhorn,o091_descending_S1A,crosspol,calibration,harmonized_20m,2024-01-04,2024-01-16,-0.16407632303341302,-0.006293584111731754,True,2.510572075843811,2.2552579641342163,3.374783049737792,0.9178301332816504,True
S1_C__sirindhorn__o091_descending_S1A__2024-01-28__2024-02-09,S1_C,sirindhorn,o091_descending_S1A,copol,calibration,harmonized_20m,2024-01-28,2024-02-09,0.004432389488949973,-0.07440840992352982,True,0.26127271354198456,0.8850482851266861,0.9228076169209267,0.9592759889454852,True
S1_C__sirindhorn__o091_descending_S1A__2024-01-28__2024-02-09,S1_C,sirindhorn,o091_descending_S1A,crosspol,calibration,harmonized_20m,2024-01-28,2024-02-09,-0.11148476288163156,-0.23238814551893938,True,3.2301491498947144,6.513229608535767,7.270214815538295,0.9014424817943626,True
S1_C__sirindhorn__o091_descending_S1A__2024-02-21__2024-03-04,S1_C,sirindhorn,o091_descending_S1A,copol,calibration,harmonized_20m,2024-02-21,2024-03-04,-0.06521247785164874,-0.023244969563428697,True,2.0595206320285797,-3.217267692089081,3.8200047953257337,0.917895178885819,True
S1_C__sirindhorn__o091_descending_S1A__2024-02-21__2024-03-04,S1_C,sirindhorn,o091_descending_S1A,crosspol,calibration,harmonized_20m,2024-02-21,2024-03-04,0.06830976601488636,0.214474750980024,True,-1.8498614430427551,-3.6544936895370483,4.096011655906552,0.8638576151807955,True
S1_C__sirindhorn__o091_descending_S1A__2024-03-16__2024-03-28,S1_C,sirindhorn,o091_descending_S1A,copol,calibration,harmonized_20m,2024-03-16,2024-03-28,0.2771786607885858,0.02890496799370723,True,-6.629347205162048,2.2683927416801453,7.006700364443811,0.9178826124199128,True
S1_C__sirindhorn__o091_descending_S1A__2024-03-16__2024-03-28,S1_C,sirindhorn,o091_descending_S1A,crosspol,calibration,harmonized_20m,2024-03-16,2024-03-28,0.03760052983083817,0.13585604853699706,True,4.740130603313446,-6.526540517807007,8.06626117027246,0.9014701281052023,True
S1_C__sirindhorn__o091_descending_S1A__2024-04-09__2024-04-21,S1_C,sirindhorn,o091_descending_S1A,copol,calibration,harmonized_20m,2024-04-09,2024-04-21,-0.16325544811818737,-0.18569179970245742,True,0.7301405817270279,6.3538020849227905,6.39561617074179,0.8777990710930086,True
S1_C__sirindhorn__o091_descending_S1A__2024-04-09__2024-04-21,S1_C,sirindhorn,o091_descending_S1A,crosspol,calibration,harmonized_20m,2024-04-09,2024-04-21,-0.05644912465883678,0.08030541995472174,True,-1.831071823835373,1.3005433976650238,2.2459379228406746,0.8764022949855373,True
S1_C__sirindhorn__o091_descending_S1A__2024-05-03__2024-05-15,S1_C,sirindhorn,o091_descending_S1A,copol,calibration,harmonized_20m,2024-05-03,2024-05-15,-0.29959302605623694,0.2547123089084833,True,8.868021368980408,-13.164674043655396,15.872946975164608,0.8678942605648229,True
S1_C__sirindhorn__o091_descending_S1A__2024-05-03__2024-05-15,S1_C,sirindhorn,o091_descending_S1A,crosspol,calibration,harmonized_20m,2024-05-03,2024-05-15,0.20743304298026644,-0.10913423984051285,True,-7.639622688293457,0.5113586038351059,7.656717471684869,0.8982528905592576,True
S1_C__sirindhorn__o091_descending_S1A__2024-05-27__2024-06-08,S1_C,sirindhorn,o091_descending_S1A,copol,calibration,harmonized_20m,2024-05-27,2024-06-08,0.24211261518718707,0.12403527244259749,True,-5.692570805549622,-3.528379797935486,6.6973745882005975,0.8701557806696973,True
S1_C__sirindhorn__o091_descending_S1A__2024-05-27__2024-06-08,S1_C,sirindhorn,o091_descending_S1A,crosspol,calibration,harmonized_20m,2024-05-27,2024-06-08,-0.007258329514259643,-0.07197536805542981,True,-2.3924535512924194,-3.7232860922813416,4.425685632765546,0.8737277103709183,True
S1_C__sirindhorn__o091_descending_S1A__2024-06-20__2024-07-02,S1_C,sirindhorn,o091_descending_S1A,copol,calibration,harmonized_20m,2024-06-20,2024-07-02,-0.17865000945091492,-0.18607945866353237,True,1.4575819671154022,-1.4896385371685028,2.084122876002642,0.809277074894183,True
S1_C__sirindhorn__o091_descending_S1A__2024-06-20__2024-07-02,S1_C,sirindhorn,o091_descending_S1A,crosspol,calibration,harmonized_20m,2024-06-20,2024-07-02,0.2910227167612165,0.035161655363141975,True,-7.594282031059265,-4.374458491802216,8.764074775112896,0.8466358863130152,True
S1_C__sirindhorn__o091_descending_S1A__2024-07-14__2024-07-26,S1_C,sirindhorn,o091_descending_S1A,copol,calibration,harmonized_20m,2024-07-14,2024-07-26,0.19472144833657445,0.0832912349681525,True,-0.7474352419376373,8.238154649734497,8.271991989468589,0.9406699440087313,True
S1_C__sirindhorn__o091_descending_S1A__2024-07-14__2024-07-26,S1_C,sirindhorn,o091_descending_S1A,crosspol,calibration,harmonized_20m,2024-07-14,2024-07-26,0.2061747268726002,-0.04793376330049348,True,-2.247793972492218,4.965083599090576,5.450195674352488,0.9263396622929511,True
S1_C__sirindhorn__o091_descending_S1A__2024-08-07__2024-08-19,S1_C,sirindhorn,o091_descending_S1A,copol,calibration,harmonized_20m,2024-08-07,2024-08-19,0.016945656568702283,-0.10419926947785463,True,0.055794999934732914,-7.163953185081482,7.1641704558208845,0.8194215986667136,True
S1_C__sirindhorn__o091_descending_S1A__2024-08-07__2024-08-19,S1_C,sirindhorn,o091_descending_S1A,crosspol,calibration,harmonized_20m,2024-08-07,2024-08-19,-0.07181846916747947,-0.13736954817729785,True,1.717088520526886,1.4919427037239075,2.274705699320291,0.8931547943030693,True
S1_C__sirindhorn__o091_descending_S1C__2025-03-29__2025-05-28,S1_C,sirindhorn,o091_descending_S1C,copol,calibration,harmonized_20m,2025-03-29,2025-05-28,0.18683849383022633,-0.19931296559042622,True,-7.995325326919556,11.214766502380371,13.773024896013009,0.9087168358013379,True
S1_C__sirindhorn__o091_descending_S1C__2025-03-29__2025-05-28,S1_C,sirindhorn,o091_descending_S1C,crosspol,calibration,harmonized_20m,2025-03-29,2025-05-28,0.029021960690419846,-0.1472307304931153,True,-1.056944578886032,7.839192152023315,7.910124236646382,0.9079959772030589,True
S1_C__sirindhorn__o091_descending_S1C__2025-06-09__2025-06-21,S1_C,sirindhorn,o091_descending_S1C,copol,calibration,harmonized_20m,2025-06-09,2025-06-21,0.08990571074577858,-0.12197993139338426,True,1.7733420431613922,4.452024698257446,4.792208876492982,0.9491280679845978,True
S1_C__sirindhorn__o091_descending_S1C__2025-06-09__2025-06-21,S1_C,sirindhorn,o091_descending_S1C,crosspol,calibration,harmonized_20m,2025-06-09,2025-06-21,0.19240110242465303,-0.2546255178560495,True,-7.374653220176697,5.696333646774292,9.318461629112148,0.9006822551159289,True
S1_C__sirindhorn__o091_descending_S1C__2025-07-03__2025-07-15,S1_C,sirindhorn,o091_descending_S1C,copol,calibration,harmonized_20m,2025-07-03,2025-07-15,0.1060825556150764,0.3748604712040118,True,2.4676720798015594,-2.737921178340912,3.685867316146885,0.9086194995654032,True
S1_C__sirindhorn__o091_descending_S1C__2025-07-03__2025-07-15,S1_C,sirindhorn,o091_descending_S1C,crosspol,calibration,harmonized_20m,2025-07-03,2025-07-15,0.17620383447854326,-0.4121363396854454,True,-2.8885525465011597,3.275318741798401,4.367086978098123,0.9261450061900628,True
S1_C__sirindhorn__o091_descending_S1C__2025-07-27__2025-08-08,S1_C,sirindhorn,o091_descending_S1C,copol,calibration,harmonized_20m,2025-07-27,2025-08-08,0.09678651963515783,0.18840081005923182,True,-7.2396016120910645,2.0128098130226135,7.514202209495807,0.9572858176966097,True
S1_C__sirindhorn__o091_descending_S1C__2025-07-27__2025-08-08,S1_C,sirindhorn,o091_descending_S1C,crosspol,calibration,harmonized_20m,2025-07-27,2025-08-08,0.10540973483239036,0.2031736360454568,True,0.5162399634718895,2.0554526150226593,2.1192897754882285,0.9433328944656985,True
S1_C__sirindhorn__o091_descending_S1C__2025-09-01__2025-09-13,S1_C,sirindhorn,o091_descending_S1C,copol,calibration,harmonized_20m,2025-09-01,2025-09-13,0.36299894798563237,-0.016206885210459987,True,-8.65560233592987,6.223636865615845,10.660821151900413,0.9205346158123459,True
S1_C__sirindhorn__o091_descending_S1C__2025-09-01__2025-09-13,S1_C,sirindhorn,o091_descending_S1C,crosspol,calibration,harmonized_20m,2025-09-01,2025-09-13,0.0381871695448055,0.34076325686675624,True,3.1007754802703857,-4.817106127738953,5.728814888346997,0.939671508929784,True
S1_C__sirindhorn__o091_descending_S1C__2025-09-25__2025-10-07,S1_C,sirindhorn,o091_descending_S1C,copol,calibration,harmonized_20m,2025-09-25,2025-10-07,0.3344446443817528,0.1159950847816793,True,-4.61333841085434,-1.2639962136745453,4.783364686206523,0.9427928716394108,True
S1_C__sirindhorn__o091_descending_S1C__2025-09-25__2025-10-07,S1_C,sirindhorn,o091_descending_S1C,crosspol,calibration,harmonized_20m,2025-09-25,2025-10-07,0.05306944962074134,0.052957596546157504,True,-1.1740724742412567,0.34973014146089554,1.2250540178364562,0.9107103419291436,True
S1_C__sirindhorn__o091_descending_S1D__2026-05-12__2026-05-24,S1_C,sirindhorn,o091_descending_S1D,copol,calibration,harmonized_20m,2026-05-12,2026-05-24,0.09723125377020914,-0.052723962542353675,True,-5.839967131614685,4.756529331207275,7.531917908273761,0.9485701540698868,True
S1_C__sirindhorn__o091_descending_S1D__2026-05-12__2026-05-24,S1_C,sirindhorn,o091_descending_S1D,crosspol,calibration,harmonized_20m,2026-05-12,2026-05-24,0.17522633444341018,0.18073498287947665,True,-0.5005872994661331,-3.415718376636505,3.452205045022546,0.9417770412455315,True
S1_C__sirindhorn__o091_descending_S1D__2026-06-17__2026-06-29,S1_C,sirindhorn,o091_descending_S1D,copol,calibration,harmonized_20m,2026-06-17,2026-06-29,-0.16495921494893118,-0.5826418335156553,True,4.779824614524841,4.6371129155159,6.6595449947321415,0.7998573942379477,True
S1_C__sirindhorn__o091_descending_S1D__2026-06-17__2026-06-29,S1_C,sirindhorn,o091_descending_S1D,crosspol,calibration,harmonized_20m,2026-06-17,2026-06-29,0.17823997187753804,-0.31746517749150716,True,-2.466125637292862,-1.5060554444789886,2.889632962983003,0.8247596372757954,True
S1_C__sirindhorn__o128_ascending_S1A__2022-01-05__2022-01-17,S1_C,sirindhorn,o128_ascending_S1A,copol,calibration,harmonized_20m,2022-01-05,2022-01-17,0.1526379368991222,-0.08209552293372724,True,-3.6335617303848267,1.7672692239284515,4.040545923308118,0.9551075387896342,True
S1_C__sirindhorn__o128_ascending_S1A__2022-01-05__2022-01-17,S1_C,sirindhorn,o128_ascending_S1A,crosspol,calibration,harmonized_20m,2022-01-05,2022-01-17,0.005520002084166364,0.3851766502349552,True,2.0838043093681335,-7.784261703491211,8.058347887016364,0.8533275310942187,True
S1_C__sirindhorn__o128_ascending_S1A__2022-01-29__2022-02-10,S1_C,sirindhorn,o128_ascending_S1A,copol,calibration,harmonized_20m,2022-01-29,2022-02-10,-0.08673474374673518,0.158451928403192,True,2.6030945777893066,-4.293940961360931,5.021357422109019,0.9678927550986222,True
S1_C__sirindhorn__o128_ascending_S1A__2022-01-29__2022-02-10,S1_C,sirindhorn,o128_ascending_S1A,crosspol,calibration,harmonized_20m,2022-01-29,2022-02-10,0.04225326374233518,0.04526957939545184,True,-1.4316840469837189,-0.962766706943512,1.725293871311938,0.8952264151811581,True
S1_C__sirindhorn__o128_ascending_S1A__2022-03-06__2022-03-18,S1_C,sirindhorn,o128_ascending_S1A,copol,calibration,harmonized_20m,2022-03-06,2022-03-18,-0.17269182119114745,0.03203046733193027,True,1.9250120222568512,-4.70925897359848,5.087513279221119,0.8536286337476969,True
S1_C__sirindhorn__o128_ascending_S1A__2022-03-06__2022-03-18,S1_C,sirindhorn,o128_ascending_S1A,crosspol,calibration,harmonized_20m,2022-03-06,2022-03-18,0.12310484616647166,-0.07936934322636091,True,-8.487088084220886,2.62116938829422,8.88263435651017,0.8055742708463757,True
S1_C__sirindhorn__o128_ascending_S1A__2022-03-30__2022-04-11,S1_C,sirindhorn,o128_ascending_S1A,copol,calibration,harmonized_20m,2022-03-30,2022-04-11,-0.21070097967934043,-0.3105139815304998,True,3.648216426372528,8.688455820083618,9.423308741158767,0.934914599202209,True
S1_C__sirindhorn__o128_ascending_S1A__2022-03-30__2022-04-11,S1_C,sirindhorn,o128_ascending_S1A,crosspol,calibration,harmonized_20m,2022-03-30,2022-04-11,-0.21781481168898775,0.3273345546820883,True,2.546340823173523,-1.3898560404777527,2.900956980207137,0.883510699153215,True
S1_C__sirindhorn__o128_ascending_S1A__2022-04-23__2022-05-05,S1_C,sirindhorn,o128_ascending_S1A,copol,calibration,harmonized_20m,2022-04-23,2022-05-05,-0.12743701038870459,0.02135558463841658,True,1.988171637058258,-2.151179015636444,2.9292315742729347,0.866343293637698,True
S1_C__sirindhorn__o128_ascending_S1A__2022-04-23__2022-05-05,S1_C,sirindhorn,o128_ascending_S1A,crosspol,calibration,harmonized_20m,2022-04-23,2022-05-05,-0.008636825604994236,0.01956881507043917,True,3.2949209213256836,-9.496623873710632,10.051983330493561,0.873427612575533,True
S1_C__sirindhorn__o128_ascending_S1A__2022-05-17__2022-05-29,S1_C,sirindhorn,o128_ascending_S1A,copol,calibration,harmonized_20m,2022-05-17,2022-05-29,-0.09060233156918507,-0.15430391504450025,True,2.68469899892807,-8.561225533485413,8.972301340795903,0.8729572871027764,True
S1_C__sirindhorn__o128_ascending_S1A__2022-05-17__2022-05-29,S1_C,sirindhorn,o128_ascending_S1A,crosspol,calibration,harmonized_20m,2022-05-17,2022-05-29,-0.13977060258953333,0.22551151700403693,True,-1.8978968262672424,-2.373766005039215,3.0392067073226703,0.8474743683518087,True
S1_C__sirindhorn__o128_ascending_S1A__2022-06-10__2022-06-22,S1_C,sirindhorn,o128_ascending_S1A,copol,calibration,harmonized_20m,2022-06-10,2022-06-22,-0.2523146213052563,0.006490736396534302,True,8.228184580802917,-4.452777802944183,9.355760346340393,0.8198321816072028,True
S1_C__sirindhorn__o128_ascending_S1A__2022-06-10__2022-06-22,S1_C,sirindhorn,o128_ascending_S1A,crosspol,calibration,harmonized_20m,2022-06-10,2022-06-22,-0.07860081005492958,-0.1070493608913683,True,5.264086723327637,-3.890729248523712,6.545867636611069,0.7895296629394886,True
S1_C__sirindhorn__o128_ascending_S1A__2022-07-04__2022-07-16,S1_C,sirindhorn,o128_ascending_S1A,copol,calibration,harmonized_20m,2022-07-04,2022-07-16,0.06274879940750022,0.18050595085367682,True,2.5035712122917175,7.958929538726807,8.34340627186726,0.8045444667130601,True
S1_C__sirindhorn__o128_ascending_S1A__2022-07-04__2022-07-16,S1_C,sirindhorn,o128_ascending_S1A,crosspol,calibration,harmonized_20m,2022-07-04,2022-07-16,-0.07514992882280147,-0.030217126210503764,True,3.9310330152511597,-5.591895580291748,6.835372465921737,0.8375750355329902,True
S1_C__sirindhorn__o128_ascending_S1A__2022-07-28__2022-08-09,S1_C,sirindhorn,o128_ascending_S1A,copol,calibration,harmonized_20m,2022-07-28,2022-08-09,0.34982320173074477,0.26407117413587144,True,-7.081918716430664,-6.499857306480408,9.612581219981326,0.9451138801193922,True
S1_C__sirindhorn__o128_ascending_S1A__2022-07-28__2022-08-09,S1_C,sirindhorn,o128_ascending_S1A,crosspol,calibration,harmonized_20m,2022-07-28,2022-08-09,0.034457584905162264,0.047530017827716264,True,-6.622147560119629,-1.7297010123729706,6.844319096900906,0.8705598093689499,True
S1_C__sirindhorn__o128_ascending_S1A__2022-08-21__2022-09-02,S1_C,sirindhorn,o128_ascending_S1A,copol,calibration,harmonized_20m,2022-08-21,2022-09-02,0.06036193461332573,0.05942721213154378,True,3.804522156715393,-2.840850055217743,4.74813835910128,0.8575471313397578,True
S1_C__sirindhorn__o128_ascending_S1A__2022-08-21__2022-09-02,S1_C,sirindhorn,o128_ascending_S1A,crosspol,calibration,harmonized_20m,2022-08-21,2022-09-02,0.13579086849481747,-0.024745152204703302,True,-1.489846557378769,-9.132200479507446,9.252930798533479,0.8687654857898203,True
S1_C__sirindhorn__o128_ascending_S1A__2022-09-14__2022-09-26,S1_C,sirindhorn,o128_ascending_S1A,copol,calibration,harmonized_20m,2022-09-14,2022-09-26,0.133098893921467,-0.10924250147583336,True,-6.751320958137512,-9.652044773101807,11.778892264629501,0.8443900831436713,True
S1_C__sirindhorn__o128_ascending_S1A__2022-09-14__2022-09-26,S1_C,sirindhorn,o128_ascending_S1A,crosspol,calibration,harmonized_20m,2022-09-14,2022-09-26,0.24620873947410615,-0.13789003371941355,True,0.25219306349754333,-1.0420072078704834,1.0720915830890179,0.8654133229828794,True
S1_C__sirindhorn__o128_ascending_S1A__2022-10-08__2022-10-20,S1_C,sirindhorn,o128_ascending_S1A,copol,calibration,harmonized_20m,2022-10-08,2022-10-20,-0.18242193303007426,0.023402408599562108,True,2.3595884442329407,-1.8038520216941833,2.9701076987758914,0.9447005203140606,True
S1_C__sirindhorn__o128_ascending_S1A__2022-10-08__2022-10-20,S1_C,sirindhorn,o128_ascending_S1A,crosspol,calibration,harmonized_20m,2022-10-08,2022-10-20,0.43393927982169433,-0.01788929351704205,True,-13.6470365524292,-3.3126822113990784,14.04334255428737,0.88443946950087,True
S1_C__sirindhorn__o128_ascending_S1A__2022-11-01__2022-11-13,S1_C,sirindhorn,o128_ascending_S1A,copol,calibration,harmonized_20m,2022-11-01,2022-11-13,0.026528460833366907,0.1203897599092345,True,-1.0404561460018158,-5.362867712974548,5.462865465908695,0.9330469881625205,True
S1_C__sirindhorn__o128_ascending_S1A__2022-11-01__2022-11-13,S1_C,sirindhorn,o128_ascending_S1A,crosspol,calibration,harmonized_20m,2022-11-01,2022-11-13,0.11028655921226171,0.07272420214531206,True,-2.7499353885650635,-0.4708488658070564,2.7899539952684305,0.8426539060501693,True
S1_C__sirindhorn__o128_ascending_S1A__2022-11-25__2022-12-07,S1_C,sirindhorn,o128_ascending_S1A,copol,calibration,harmonized_20m,2022-11-25,2022-12-07,0.2154219139944722,0.04988014947492303,True,-8.38792860507965,-13.951847553253174,16.279170630997452,0.86348120403279,True
S1_C__sirindhorn__o128_ascending_S1A__2022-11-25__2022-12-07,S1_C,sirindhorn,o128_ascending_S1A,crosspol,calibration,harmonized_20m,2022-11-25,2022-12-07,-0.009285547380248005,-0.16199393882174284,True,-6.325119733810425,1.0664592683315277,6.414395919963803,0.8827043038792464,True
S1_C__sirindhorn__o128_ascending_S1A__2022-12-19__2022-12-31,S1_C,sirindhorn,o128_ascending_S1A,copol,calibration,harmonized_20m,2022-12-19,2022-12-31,-0.09613876195318838,0.2450538268432858,True,0.7019977271556854,-5.150241851806641,5.197864171083393,0.9149764681132184,True
S1_C__sirindhorn__o128_ascending_S1A__2022-12-19__2022-12-31,S1_C,sirindhorn,o128_ascending_S1A,crosspol,calibration,harmonized_20m,2022-12-19,2022-12-31,0.22801241649655335,-0.24877700941266756,True,-1.29981130361557,3.9367616176605225,4.1457932243772,0.8952895434136845,True
S1_C__sirindhorn__o128_ascending_S1A__2023-01-12__2023-01-24,S1_C,sirindhorn,o128_ascending_S1A,copol,calibration,harmonized_20m,2023-01-12,2023-01-24,0.21158518146446958,0.22501948399072624,True,-7.34734833240509,1.3786660134792328,7.475576733230593,0.7606583771995392,True
S1_C__sirindhorn__o128_ascending_S1A__2023-01-12__2023-01-24,S1_C,sirindhorn,o128_ascending_S1A,crosspol,calibration,harmonized_20m,2023-01-12,2023-01-24,-0.04788402876102538,0.1024219597760272,True,0.7473196089267731,-2.3944538831710815,2.508365203976394,0.8832571295274076,True
S1_C__sirindhorn__o128_ascending_S1A__2023-02-05__2023-02-17,S1_C,sirindhorn,o128_ascending_S1A,copol,calibration,harmonized_20m,2023-02-05,2023-02-17,0.03833252442520063,-0.1664127285250414,True,-4.880845844745636,-4.526495337486267,6.656712116387163,0.8870984430878628,True
S1_C__sirindhorn__o128_ascending_S1A__2023-02-05__2023-02-17,S1_C,sirindhorn,o128_ascending_S1A,crosspol,calibration,harmonized_20m,2023-02-05,2023-02-17,0.0035228823869513093,0.0053399210092059946,True,-0.8863088488578796,-5.636368989944458,5.705628691596684,0.8876922125067116,True
S1_C__sirindhorn__o128_ascending_S1A__2023-03-01__2023-03-13,S1_C,sirindhorn,o128_ascending_S1A,copol,calibration,harmonized_20m,2023-03-01,2023-03-13,-0.34403546042396727,0.380643500412571,True,8.293178677558899,-7.4613988399505615,11.155683987400018,0.8899009542121308,True
S1_C__sirindhorn__o128_ascending_S1A__2023-03-01__2023-03-13,S1_C,sirindhorn,o128_ascending_S1A,crosspol,calibration,harmonized_20m,2023-03-01,2023-03-13,-0.27086276401202447,-0.03848250326190694,True,5.034493803977966,-0.2336655929684639,5.039913438902482,0.8748886520837762,True
S1_C__sirindhorn__o128_ascending_S1A__2023-03-25__2023-04-06,S1_C,sirindhorn,o128_ascending_S1A,copol,calibration,harmonized_20m,2023-03-25,2023-04-06,-0.04298961037328919,0.0016434594994052532,True,0.5580582842230797,-0.6749479472637177,0.8757761015839115,0.9651914885315921,True
S1_C__sirindhorn__o128_ascending_S1A__2023-03-25__2023-04-06,S1_C,sirindhorn,o128_ascending_S1A,crosspol,calibration,harmonized_20m,2023-03-25,2023-04-06,0.01598181557482725,0.020119369181959,True,-6.476741433143616,-2.774915397167206,7.046157467246588,0.8672534616087622,True
S1_C__sirindhorn__o128_ascending_S1A__2023-04-18__2023-05-12,S1_C,sirindhorn,o128_ascending_S1A,copol,calibration,harmonized_20m,2023-04-18,2023-05-12,0.28627617273184036,0.07594119631651264,True,-8.567384481430054,3.878621459007263,9.404455394913633,0.8660392088978828,True
S1_C__sirindhorn__o128_ascending_S1A__2023-04-18__2023-05-12,S1_C,sirindhorn,o128_ascending_S1A,crosspol,calibration,harmonized_20m,2023-04-18,2023-05-12,-0.07389518473258505,0.5336595465677618,True,-2.1852554380893707,-10.161470174789429,10.393787444566792,0.875077716479274,True
S1_C__sirindhorn__o128_ascending_S1A__2023-05-24__2023-06-05,S1_C,sirindhorn,o128_ascending_S1A,copol,calibration,harmonized_20m,2023-05-24,2023-06-05,0.05161701071288327,-0.23286130401046812,True,3.4444957971572876,-9.86487627029419,10.44893942583876,0.8462832886224371,True
S1_C__sirindhorn__o128_ascending_S1A__2023-05-24__2023-06-05,S1_C,sirindhorn,o128_ascending_S1A,crosspol,calibration,harmonized_20m,2023-05-24,2023-06-05,0.004963212033093356,-0.02788065077052515,True,1.4427024126052856,2.417578101158142,2.8153284225000323,0.8744678302295493,True
S1_C__sirindhorn__o128_ascending_S1A__2023-06-17__2023-06-29,S1_C,sirindhorn,o128_ascending_S1A,copol,calibration,harmonized_20m,2023-06-17,2023-06-29,-0.10363335052619149,-0.17371619106126523,True,3.4742504358291626,10.797784328460693,11.342952106696496,0.8882948042305792,True
S1_C__sirindhorn__o128_ascending_S1A__2023-06-17__2023-06-29,S1_C,sirindhorn,o128_ascending_S1A,crosspol,calibration,harmonized_20m,2023-06-17,2023-06-29,0.1988803165559787,0.06873932182839049,True,-3.990257978439331,-2.2211530804634094,4.566801916149947,0.8560613761525045,True
S1_C__sirindhorn__o128_ascending_S1A__2023-07-11__2023-07-23,S1_C,sirindhorn,o128_ascending_S1A,copol,calibration,harmonized_20m,2023-07-11,2023-07-23,-0.4690415558346821,-0.03513850652230577,True,14.388538599014282,5.839831829071045,15.528479603849025,0.8758329441071393,True
S1_C__sirindhorn__o128_ascending_S1A__2023-07-11__2023-07-23,S1_C,sirindhorn,o128_ascending_S1A,crosspol,calibration,harmonized_20m,2023-07-11,2023-07-23,-0.14309517075944722,0.2354534142919169,True,10.408105850219727,-7.97606348991394,13.112827924765742,0.8539331832919103,True
S1_C__sirindhorn__o128_ascending_S1A__2023-08-04__2023-08-16,S1_C,sirindhorn,o128_ascending_S1A,copol,calibration,harmonized_20m,2023-08-04,2023-08-16,0.06779202813592189,0.12103224189595885,True,-0.05340399220585823,-0.5011042207479477,0.5039418879542871,0.8348125809894207,True
S1_C__sirindhorn__o128_ascending_S1A__2023-08-04__2023-08-16,S1_C,sirindhorn,o128_ascending_S1A,crosspol,calibration,harmonized_20m,2023-08-04,2023-08-16,-0.08199918388787353,0.17248940796948986,True,3.639422059059143,-6.157269477844238,7.1524373710476175,0.8504731215694918,True
S1_C__sirindhorn__o128_ascending_S1A__2023-08-28__2023-09-09,S1_C,sirindhorn,o128_ascending_S1A,copol,calibration,harmonized_20m,2023-08-28,2023-09-09,0.14188448881063387,-0.03698638541962129,True,-7.454231381416321,2.000928819179535,7.718113864611942,0.8598177431478713,True
S1_C__sirindhorn__o128_ascending_S1A__2023-08-28__2023-09-09,S1_C,sirindhorn,o128_ascending_S1A,crosspol,calibration,harmonized_20m,2023-08-28,2023-09-09,0.1307271133280956,0.00266589152460206,True,-3.9530733227729797,7.043376564979553,8.07687700360248,0.8593421414121607,True
S1_C__sirindhorn__o128_ascending_S1A__2023-09-21__2023-10-03,S1_C,sirindhorn,o128_ascending_S1A,copol,calibration,harmonized_20m,2023-09-21,2023-10-03,-0.2633037323751708,0.18086860816200812,True,2.0303556323051453,-7.302560210227966,7.57955998839233,0.9218090660222449,True
S1_C__sirindhorn__o128_ascending_S1A__2023-09-21__2023-10-03,S1_C,sirindhorn,o128_ascending_S1A,crosspol,calibration,harmonized_20m,2023-09-21,2023-10-03,0.32589857903857755,0.12170300611494334,True,1.2983594834804535,-11.459742784500122,11.53305865914356,0.8805537347290848,True
S1_C__sirindhorn__o128_ascending_S1A__2023-10-15__2023-10-27,S1_C,sirindhorn,o128_ascending_S1A,copol,calibration,harmonized_20m,2023-10-15,2023-10-27,-0.3117156036728721,-0.2534230300644662,True,5.982342958450317,6.199381351470947,8.61514691769594,0.9271324905345227,True
S1_C__sirindhorn__o128_ascending_S1A__2023-10-15__2023-10-27,S1_C,sirindhorn,o128_ascending_S1A,crosspol,calibration,harmonized_20m,2023-10-15,2023-10-27,-0.07138427105688905,-0.08932343316200253,True,-0.7179820537567139,0.31610675156116486,0.7844881821284886,0.8789777634484154,True
S1_C__sirindhorn__o128_ascending_S1A__2023-12-02__2023-12-14,S1_C,sirindhorn,o128_ascending_S1A,copol,calibration,harmonized_20m,2023-12-02,2023-12-14,-0.2114324424170464,0.0005766221030141239,True,5.668700933456421,-0.3624418377876282,5.680275905160644,0.9196004875463536,True
S1_C__sirindhorn__o128_ascending_S1A__2023-12-02__2023-12-14,S1_C,sirindhorn,o128_ascending_S1A,crosspol,calibration,harmonized_20m,2023-12-02,2023-12-14,-0.08768534864466382,-0.0997961483414187,True,3.0292409658432007,3.2241538166999817,4.423965264656099,0.8684872431087334,True
S1_C__sirindhorn__o128_ascending_S1A__2023-12-26__2024-01-07,S1_C,sirindhorn,o128_ascending_S1A,copol,calibration,harmonized_20m,2023-12-26,2024-01-07,-0.031150474327095168,-0.20210265344340073,True,-0.2458234317600727,7.927116751670837,7.93092738298761,0.9025350286925474,True
S1_C__sirindhorn__o128_ascending_S1A__2023-12-26__2024-01-07,S1_C,sirindhorn,o128_ascending_S1A,crosspol,calibration,harmonized_20m,2023-12-26,2024-01-07,0.08922436271475309,-0.1103923971670131,True,-1.1649978905916214,6.646511554718018,6.747839352865705,0.8725427270604219,True
S1_C__sirindhorn__o128_ascending_S1A__2024-01-19__2024-02-12,S1_C,sirindhorn,o128_ascending_S1A,copol,calibration,harmonized_20m,2024-01-19,2024-02-12,0.12363817016451328,0.16098792587169886,True,-2.470533549785614,-10.587160587310791,10.87159166461486,0.9176994062870596,True
S1_C__sirindhorn__o128_ascending_S1A__2024-01-19__2024-02-12,S1_C,sirindhorn,o128_ascending_S1A,crosspol,calibration,harmonized_20m,2024-01-19,2024-02-12,-0.18723868302118785,-0.08116826899588592,True,4.484319984912872,0.044368524104356766,4.4845394739058975,0.8323517584929472,True
S1_C__sirindhorn__o128_ascending_S1A__2024-02-24__2024-03-07,S1_C,sirindhorn,o128_ascending_S1A,copol,calibration,harmonized_20m,2024-02-24,2024-03-07,-0.13316724659134138,0.20531081134680562,True,1.3935038447380066,-4.9588122963905334,5.1508904430334725,0.9721789915877359,True
S1_C__sirindhorn__o128_ascending_S1A__2024-02-24__2024-03-07,S1_C,sirindhorn,o128_ascending_S1A,crosspol,calibration,harmonized_20m,2024-02-24,2024-03-07,0.05691664626230075,0.11426591993873991,True,-0.21554695442318916,-4.357351660728455,4.362679679373004,0.8932858826533738,True
S1_C__sirindhorn__o128_ascending_S1A__2024-03-19__2024-04-12,S1_C,sirindhorn,o128_ascending_S1A,copol,calibration,harmonized_20m,2024-03-19,2024-04-12,-0.34371613568394643,0.05544136499006136,True,4.432867467403412,0.3355506807565689,4.445549262230679,0.9281246143544839,True
S1_C__sirindhorn__o128_ascending_S1A__2024-03-19__2024-04-12,S1_C,sirindhorn,o128_ascending_S1A,crosspol,calibration,harmonized_20m,2024-03-19,2024-04-12,0.013154794726857766,0.3129666470984116,True,1.622685045003891,-4.48103129863739,4.765789363226954,0.8559489230748796,True
S1_C__sirindhorn__o128_ascending_S1A__2024-05-06__2024-05-18,S1_C,sirindhorn,o128_ascending_S1A,copol,calibration,harmonized_20m,2024-05-06,2024-05-18,0.1702763606835136,0.08939693925451486,True,-4.7620245814323425,-2.5367820262908936,5.3955668064697715,0.9533525920397953,True
S1_C__sirindhorn__o128_ascending_S1A__2024-05-06__2024-05-18,S1_C,sirindhorn,o128_ascending_S1A,crosspol,calibration,harmonized_20m,2024-05-06,2024-05-18,0.08808930520719382,0.10540871626437376,True,-4.047463536262512,-1.803506761789322,4.431094415287768,0.8971653232860308,True
S1_C__sirindhorn__o128_ascending_S1A__2024-05-30__2024-06-11,S1_C,sirindhorn,o128_ascending_S1A,copol,calibration,harmonized_20m,2024-05-30,2024-06-11,0.41841402274596273,0.32007431596914593,True,-6.531383991241455,13.153634071350098,14.685947913704014,0.7704418030892247,True
S1_C__sirindhorn__o128_ascending_S1A__2024-05-30__2024-06-11,S1_C,sirindhorn,o128_ascending_S1A,crosspol,calibration,harmonized_20m,2024-05-30,2024-06-11,0.44626339452054875,0.12194660137197744,True,-5.815163850784302,-4.203147292137146,7.17513608030317,0.8856075394884078,True
S1_C__sirindhorn__o128_ascending_S1A__2024-06-23__2024-07-17,S1_C,sirindhorn,o128_ascending_S1A,copol,calibration,harmonized_20m,2024-06-23,2024-07-17,0.230202175388877,-0.020180434908419365,True,-4.68622624874115,6.78438663482666,8.24552111544232,0.9015394780384679,True
S1_C__sirindhorn__o128_ascending_S1A__2024-06-23__2024-07-17,S1_C,sirindhorn,o128_ascending_S1A,crosspol,calibration,harmonized_20m,2024-06-23,2024-07-17,-0.09293512633672485,-0.04472952424244703,True,3.5535329580307007,0.3653992712497711,3.5722700221624186,0.8737924134312904,True
S1_C__sirindhorn__o128_ascending_S1A__2024-07-29__2024-08-10,S1_C,sirindhorn,o128_ascending_S1A,copol,calibration,harmonized_20m,2024-07-29,2024-08-10,0.24982289313295336,0.11283315418590423,True,-3.127879798412323,-2.996346652507782,4.331480727800887,0.94427064779036,True
S1_C__sirindhorn__o128_ascending_S1A__2024-07-29__2024-08-10,S1_C,sirindhorn,o128_ascending_S1A,crosspol,calibration,harmonized_20m,2024-07-29,2024-08-10,-0.18123670348798981,-0.14463489890387038,True,2.090664952993393,4.973582327365875,5.3951275344296565,0.8804286675214397,True
S1_C__sirindhorn__o128_ascending_S1D__2026-07-02__2026-07-14,S1_C,sirindhorn,o128_ascending_S1D,copol,calibration,harmonized_20m,2026-07-02,2026-07-14,0.2656288433136966,0.12798974614303482,True,-7.534061074256897,3.621462881565094,8.359250544946404,0.8412057261100655,True
S1_C__sirindhorn__o128_ascending_S1D__2026-07-02__2026-07-14,S1_C,sirindhorn,o128_ascending_S1D,crosspol,calibration,harmonized_20m,2026-07-02,2026-07-14,0.12031092227547813,-0.04299521653203353,True,-6.5281736850738525,-2.8910624980926514,7.139698455142797,0.9205013448637887,True
S1_C__sirindhorn__o128_ascending_S1D__2026-07-26__2026-08-07,S1_C,sirindhorn,o128_ascending_S1D,copol,calibration,harmonized_20m,2026-07-26,2026-08-07,-0.10468414400442505,-0.032282104033928505,True,-0.8231895416975021,4.474272429943085,4.549368615413456,0.8310558917834152,True
S1_C__sirindhorn__o128_ascending_S1D__2026-07-26__2026-08-07,S1_C,sirindhorn,o128_ascending_S1D,crosspol,calibration,harmonized_20m,2026-07-26,2026-08-07,-0.13316610512553773,-0.08972271257901365,True,-0.543452650308609,-1.4984984695911407,1.5940007674071057,0.8910338514804902,True
